27966,102007,103752,105135
74014,81678,99624,102494,105271
9401,15899,51105,64718,85462,99696,101387,104948
105263,105384,108009
69630,82190,99998,103109,105993
21381,45541,60404,100153,103106,105919
6147,21653,80020,102695,108411,108821
101056,101664,101916
47854,102288,104211,108378
30583,40023,48595,53483,98038,101633,103155,103791,107985
2719,9985,32100,56060,71933,80773,98059,100725,104457,105745
20774,25555,30706,34023,41547,46363,55214,100613,104504,107577
23180,31322,35824,47311,69001,87246,101950,103436,103514,108165
50764,58082,100351,107481,108462,108764
17019,18060,30555,33368,89380,102761,105232,106895
104528,105268,106098
3831,11400,13312,16432,17748,67125,102383,103043,106551,107369
105670,107244,107892
13519,28284,104571,106497,106810
17022,17147,27131,65517,86319,103180,103268,109364
9287,32562,43571,101359,101503,106172
101054,105960,108265
19765,38488,40354,40657,63043,74608,102275,107457,108987
25916,34187,42973,45022,77202,84342,85298,100517,101332,106359
2873,100045,106338,107565
1059,15467,19718,24635,79914,100151,101681,105308,106164,106176
99450,103889,107041
46382,48240,60287,82450,100284,102854,105604
21440,55728,75931,95567,102087,105334,105409,107603
59083,68117,104245,106274,108229
13070,27055,29287,32994,57707,70324,72820,100161,100671,103670
14968,17248,100607,102158,105466
29731,102282,105007,108490
3044,8307,28793,33995,51561,79619,85714,101465,105226,108213
3307,11194,30395,44295,44833,77590,90633,99971,101856,106675
48621,57027,100943,105259,108518
47690,101839,104407,105390
52275,102175,104479,105620
22651,42688,45457,50020,101976,103665,105664
13346,20418,28261,36700,103686,106068,107127
30174,30545,30849,62840,87213,101268,104029,107019
27676,45704,99519,104288,109018
100266,103976,105971
2345,23552,28943,65113,77610,78789,90001,105786,106657,108044
34803,36051,53570,77682,85727,103082,108064,108341,108378
100535,101380,105269
5274,33966,94055,101100,102628,105631
37752,71962,101662,103718,104479,106336
35892,81653,97951,100175,102505,106956
26452,103202,104336,109106
100661,100871,103406
17619,18213,35982,68697,71669,84362,87699,105670,108182,108208
5890,17385,18294,29712,63876,77853,92898,100561,101050,103315
103393,104052,106549
99517,103816,104619
2466,40394,46354,102638,105936,107300,107560
103491,104314,105746
104982,107151,108970
103921,105058,105687
32053,56709,77541,80838,103401,105223,106870,108153
4567,13603,21920,64195,78515,101355,106231,109294
95305,104367,106966,107774
13185,32789,41331,66149,68944,100237,101149,105854
35886,101481,103023,104608,106355
203,579,19609,99500,101961,107643
8718,12106,18268,30128,41572,76948,99997,101895,103396
99463,102621,104761
106937,107348,108444
12070,20926,36838,38808,61126,67231,69323,102956,103962,105979
101642,102830,104491
17173,65544,83244,102242,103161,105660
2864,41162,55942,77406,78501,93604,99766,105742,109080
78436,87503,101635,102415,105936
3700,9360,11772,30225,34498,49140,73175,100823,101266,104197
37658,84242,99981,102134,107384
48761,103307,105158,106988
5698,36113,46426,66334,89684,99443,100174,102571
36317,57932,65085,73463,99425,100055,100942
11896,47241,78095,99661,104335,106309
94572,100653,101430,104451
2190,13600,50326,58831,77051,85087,102485,105842,108833
49519,99397,105270,105606
103444,104026,104567
13507,21147,21688,48361,79088,101161,103201,105013,108786
82414,88792,101168,103734,107330
103474,104626,105887
49138,58519,104808,105692,106049
103855,106649,108855
18387,41894,58734,81691,90884,101651,102220,109289
6157,86217,103301,104059,104101
1332,7484,16673,32632,58960,62057,74490,99633,103292,103762
19837,42341,49352,68340,70167,76870,84432,100269,100526,107471
101882,102176,106718
100896,107664,109343
30731,31991,102975,104790,108931
5225,9767,66439,80459,101624,103776,106862
1847,4739,99564,100619,107447,109160,109319
40144,40549,68401,78096,87261,99834,100621,101134,101150,102000
25496,27662,75308,103596,104665,107293
6490,19186,20442,55336,76053,83181,101405,102297,102401,105097
101886,106623,108473
16696,29929,39939,57606,97786,102102,102344,103894,104741
51515,60981,74864,84284,84742,86405,99404,99624,102131,107263
51736,103497,107378,107653
12203,12282,21113,59469,68467,86045,100287,103023,105942
57578,101128,101607,108513
5651,37460,45700,63584,65776,68535,93394,99499,100453,106353
22593,106159,107466,109187
99697,102170,102653
67125,75483,104117,105202,106491
22364,55590,58572,58614,86045,101111,101323,108462
69031,99406,101282,107151
7842,88321,89245,101002,101279,101627,106463
10768,12784,22186,48897,59005,71803,85945,102528,106601,106818
49679,58187,105602,107481,107557
102472,103669,103815
22548,34462,38037,46688,53639,99518,105717,106277
4093,82717,104217,107593,107988
108349,108401,108629
64479,101723,103923,105111
100112,105115,106000
99128,102192,103606,109285
72354,101792,106474,108040
5323,99430,102603,103418
99671,102772,103640
14527,26010,40018,73722,79105,85818,99618,100167,104281
100630,102072,109173
20174,25113,80900,100937,106263,107972
14691,17880,38295,45481,45881,65889,99849,106216,108905
99978,100299,107413
100415,107174,107897
25829,52559,100729,101333,105803
21845,43346,100509,102020,108924
101598,107511,108976
12166,17214,35581,40494,103718,104044,106740,107103
107631,108875,109318
40241,45161,45870,65334,99608,105635,106343
9635,84276,97023,102062,104281,105320,109103
101450,103312,106843
33008,35587,37014,49403,85136,85471,97677,102064,105308,107666
101198,106678,108942
75086,100574,103039,108146
39933,54252,80417,102507,102515,103125,106230
6677,79748,101447,103610,105442
13140,20617,99433,101344,102176
9418,102205,107236,108128
95904,99731,103818,108065
29700,32278,50787,101248,103465,107354
11460,100525,103072,107398,108624
20751,53965,83917,87014,91076,99477,101180,102989
51240,73087,73222,78426,88818,90001,101598,106151,106795
400,6426,17284,37386,63777,89270,99740,101310,102729
12606,34735,46488,46578,66784,79866,99639,100145,104390
48448,50826,63291,69977,89078,99864,105232,106629,107883
5447,18674,29709,32977,52146,89254,106047,108033,109164
18776,21152,26384,38181,50298,58916,89168,99924,108287,109308
101227,106255,107453
160,44972,97344,99032,99446,102383,109307
13746,18270,24192,27219,100466,103173,105270,107621
25725,69747,83016,108346,108723,109154
49894,100145,102395,104054
17677,28339,34283,37489,55039,99990,100737,103675,107377,108955
101745,103048,104281,107705
50922,102729,106713,107810
26368,102946,107730,108985
623,2372,8146,46980,54578,67765,103491,108616,108644
40929,44139,47323,101184,103286,103563
121,3215,28672,28831,62890,68515,102954,103237,106210,107552
532,2530,30917,61168,83422,101896,102233,106329
100455,106234,108514
101493,105229,107002
15992,40634,68373,70817,79244,80574,86228,99619,106212,108355
61415,100842,105112,107131
6922,27994,64219,72051,75952,100060,100975,102060,103467,108784
99446,106822,107377
25152,80508,87767,102122,102217,104397
17247,30178,60738,66479,66646,69017,101779,107590,108096
4211,23621,26515,74638,99830,101343,106151
27460,97487,102555,107536,108868
104199,108208,108699
88423,100905,105226,107793
26162,50977,80074,83246,99955,102057,106881
1975,13413,31265,52816,66973,100415,100943,108157
38763,60881,69674,74268,100201,103144,103923,107812
5864,19555,21536,22865,65800,66881,102496,104504,104777,107655
16186,20512,75366,79578,96958,101281,101662,101708,105745
105058,105254,106818
51684,86047,99565,101176,108585
26641,42108,66959,100035,100732,101953,102109
103285,107565,109034
104681,106503,107687
23909,26000,75043,100449,103298,104112,104779
2388,17658,36758,60775,63996,72626,92454,104819,106277,108282
101448,102754,109048
13578,18317,29002,70703,99889,100568,103455,107361
101393,101588,102217
30781,32860,32866,43155,103400,105223,106228,108034,108767
812,15344,32017,50565,70372,101385,103400,105579,107255
59526,100152,104258,107985
102497,105665,107455
99557,105271,109095
2988,13936,25339,69261,99620,102031,102982,109238
14247,99477,102080,105602,108355
8217,102869,104935,108925
30762,44396,59300,101116,105731,108623
3389,35237,47780,77825,80159,83519,102773,107129,107328,108425
99995,101551,106905
99676,104859,108319
7267,16316,54540,101148,102965,107739
100163,105704,106432
100588,101574,101664
7345,91313,100438,102231,103655
12902,16336,22394,74884,79977,94562,100344,100412,101268
65880,99754,106991,108566
103554,105336,109113
36345,62936,79931,87856,100238,103569,103664
8706,54442,71801,99941,101399,103065
50748,52420,60815,65765,74662,82988,99459,103754,104168
40466,78852,85909,99941,101116,108151
32365,44457,61726,75949,103096,104798,106370
1952,35004,35027,39893,46771,76483,86741,99785,101098,104489
99944,103978,104327
137,4144,100699,107548,108040,109173
49852,63474,66473,100983,102581,107286
2003,9944,17881,21867,53286,101505,105063,106176
21611,23338,25723,61733,73053,81853,87601,100099,104849,108733
101638,107070,108377
21032,28535,53570,104029,107215,109170
16128,46277,62000,103342,104367,105310,105391
10066,15788,77963,87622,88262,100844,101189,101897,104891
99557,107097,108378
31228,33473,44568,63795,93586,102550,106198,108522
53735,99565,101583,101655
4639,14897,50039,52207,71876,104522,107300,108043
2698,13835,17218,39891,74791,88194,89368,101595,103396,104256
6076,23289,47724,72996,100628,103675,108010
56199,57578,104253,108101,109032
10060,40345,61883,68528,69340,81713,103875,106654,108983
105967,108372,109099
78711,82006,100138,100799,103568,103736
7843,61390,61559,100600,102993,107271
9935,11435,32349,50045,89441,102561,103650,105565
19052,37292,84265,102143,105286,108033
67217,102447,106141,109080
818,38691,104896,105620,109163
85088,99403,107807,109160
10238,13648,43215,50936,68943,103553,105192,105516,108726,109031
100671,104330,109314
5132,37374,71313,103049,104670,105590
17519,58713,104253,107092,108699
33706,43354,53028,102825,103050,105028
20677,26791,44064,50803,58087,64382,101375,104009,106533
102562,103250,108868
23348,25924,46325,47575,101994,103602,104702
36601,58380,64681,101449,101813,107460
102026,102492,102956
18731,30949,106290,106306,106702
102128,102461,108676
4781,23389,23705,54614,76723,88327,100089,100628,102460
67384,90958,104652,105546,106355
71514,86822,100196,104089,105372
100287,100779,106939
18976,83002,101662,103605,105992
44,78091,100433,106839,107681
11143,38282,105180,106062,106318
20045,33184,61393,95832,103670,107359,108095,109304,109349
108404,109070,109194
9776,32949,58369,64920,101754,102510,102638
100631,103351,108949
8167,29286,36788,102766,103283,106604
35491,100599,102528,103045,104802
1319,15549,27506,35981,94821,101307,102337,108341,108676
103376,105391,108245
10402,10555,52293,55978,57650,62965,100662,101420,104449,105558
6540,26049,32842,62248,101248,106607,108963
12974,15563,22048,37249,95851,98416,101189,101841,109128
26204,35008,40130,56334,86904,88865,101797,104531,105796,107041
38465,48494,56831,63613,78679,90949,99863,104360,107092
35304,41160,63085,86367,101887,103248,103788,106839
10849,31234,43428,55515,65665,88691,96921,100557,105523,106489
72679,88391,102843,105529,109238
4463,35038,64532,106314,106458,107170,108485
20539,20547,24953,65790,67392,70617,99505,100495,100505,107767
1315,23331,64332,96445,98244,101282,104750,105858
18009,24990,46218,60243,61821,67175,103542,103970,108753
4943,57028,64285,101848,101978,105249,106909
99489,100968,105549
18164,24510,49178,62457,102139,104106,107675
35703,39383,41086,42772,44869,58804,101054,101581,107323
113,14379,38271,56042,65947,97177,102844,103177,107931
21168,45546,48811,62936,65652,77741,81442,102367,102572,107793
105692,107131,108871
19090,34621,38585,80349,99407,102845,106318
44623,100895,103513,106291
100995,101360,103896,108601
57214,100228,100858,106850
32325,66132,72415,79885,102830,104979,105533
17514,40209,67553,72702,103809,104054,106883
14199,29416,32200,44672,50161,60235,105769,106184,107045,108645
69340,78066,104219,105232,106091
9328,16456,25108,30784,36741,102454,107325,108009
104647,106741,106854
27164,100523,101520,104166
43703,47206,47548,76364,100523,101610,104077,106263,107293
101307,101621,103129,105665
1860,4970,40397,99423,106789,108203
99713,106507,107739
78595,101103,102466,103188,106718
42066,55164,71868,100175,103795,104602
9545,15204,19136,22276,43568,100013,103629,105303,105773
104829,105529,107020
88722,100026,104612,106382
105704,107602,108873
5024,8664,23458,99829,100569,102179,105157
24489,76947,78097,99501,103970,104081
99870,100113,105505
100127,108358,109372
15645,58173,102180,106550,109044
5624,50921,104014,104279,105899
99872,100498,108217
32428,105987,107906,109350
54697,100170,107207,108955
102499,105065,107893
6809,46457,52902,76251,97642,98790,100392,102530,108906
21257,38603,58327,76829,100002,101338,101969,105493
12041,19423,26949,36935,37617,74131,100069,105497,109376
5566,52576,106173,106516,108986
99794,101494,106331
65702,79670,102484,102853,109338
99416,102090,106249
79650,106046,107655,108028,108832
7851,14380,33702,99407,101408,107143
9004,16203,33921,46817,102184,104858,108578
2602,83028,100225,102784,104113,109154
55738,71402,83302,95802,101429,105703,105847
36763,82719,101697,102521,107153
752,16117,52131,65195,67070,75763,101061,102226,108260
101499,102217,107079
21110,31150,34106,42146,56191,67049,70416,99729,105300,105874
10510,50112,57744,66643,85534,101440,104615,108041,108479
29015,46151,49062,100619,101440,102817,106075,107467
31310,41104,98908,101300,102954,106881,109083
47957,98791,99142,100394,101225,108063
7873,12514,23802,68212,95000,105232,105828,107255,109118
16834,58343,65365,103048,103135,106244,109325
24953,48155,66111,67784,67902,71239,74803,101499,104286,108945
18014,58587,69045,91029,101112,106395,107227,107789
53153,102067,106682,107257
10708,30925,61354,63981,85392,101059,107185,108465
100479,101995,102871
8264,21891,36910,72748,99564,99704,100855
8803,70797,71154,100391,101106,108279
8844,15795,29537,50140,55337,72357,79028,99820,100682,102026
2785,2829,8492,31602,41171,55335,99216,100153,104163,106884
5369,35677,42953,50929,75132,75308,99476,99922,101986,109170
21705,23326,31287,42569,49228,50211,57807,99831,104738,108750
15060,54541,72706,87381,99746,101408,105635
100475,107046,109132
43579,103563,104657,106791,107750,109106
2305,69043,92487,102394,107954,108466
101464,102804,103920
101519,101877,106870
99666,99948,101239
28660,41536,65086,71210,77955,100270,101199,102775
102460,104474,107037
21856,22077,43580,47573,54964,96441,99685,100647,101916,106028
10411,24111,27158,46856,48518,87940,101100,102421,103087
101878,106397,108322
102453,102972,107664
38911,49873,64439,74819,100746,102925,104479,105169
4073,16313,44388,49369,103004,104603,107970
25142,30092,98129,101281,103348,104942
100757,101126,105956
27853,32331,33616,54058,70221,85675,101183,107951,108819
3893,18970,56774,90487,100127,103043,105734
5082,34763,80855,85050,99449,101624,105038
22236,26181,43153,48981,54438,68341,71835,105354,108219,108467
962,23491,68916,101314,101846,103875
1038,56230,78365,103320,104732,108236
101577,102201,109175
5292,63146,84618,86849,99740,102029,104399
10557,14797,15217,102123,103963,104638,107174
101227,106823,107988
33803,68226,102089,102235,103113,105320
16188,54910,59589,91034,100026,106752,107113,108177
17493,55793,56484,76079,88122,103775,104723,106004,108010
104336,105000,108186
99725,103244,109293
99774,100819,104349
101780,103279,106427
6632,22190,27983,35638,57318,80811,81709,99870,105062,108271
61696,63722,65092,100043,101681,104351
40005,71693,100940,102437,103072,103382,108465
11550,14667,65061,101540,101589,103288
12141,24953,45788,68154,75461,101758,102414,107071
75565,84647,102585,102947,104957
3208,16102,41039,48521,57713,77140,77644,105921,106189,107928
49512,94083,100882,103906,108159
282,29967,48283,54695,74197,84078,103037,105702,106703
8603,18986,36063,58679,62087,82209,89254,100292,101243,107782
100069,107117,108080
10778,57796,83386,84393,99930,106781,108378
101710,104043,104112
8536,30733,58061,63761,99947,106979,109237
43013,85827,107277,107664,109376
53317,75472,101481,102140,105151,107111
31711,68135,101261,108043,108448
100744,101846,106402
42855,103016,103389,103846
17089,39644,43634,65253,86571,101794,106818,107594
100033,105779,108485
23179,46005,71391,86426,87718,101980,102499,105709,108377
544,36729,75281,82521,85365,101198,104245,104398,105149
6318,30708,41343,44300,56448,64625,80741,103079,106538,107655
20101,55851,60585,101642,103608,106805
103854,105317,107931
101497,101749,104514
17102,62505,99502,100809,102043,105983
29779,36718,102344,105961,107244
25246,30667,66867,86373,86381,100629,104009,106931
41641,99932,102618,105249,107323
99821,100213,100238,102787
25288,40385,81339,99820,101813,105147
21851,99883,100969,102257
41221,65300,103709,104199,106703
12929,14898,26329,100969,101780,108431
61587,99523,105303,106949
88375,99926,105604,108550
7149,61799,71587,89114,90978,100281,100850,108298
29971,33601,66308,70552,99393,100381,103342,104878
99405,100756,101940
4027,37260,44656,54291,88227,97564,99530,99669,100201,105589
96902,103285,104092,109009
4489,66803,69218,100971,106046,107029
106654,107236,108263
480,44920,55941,70374,89125,101352,103076,104167
44261,63986,104282,105792,107355
40712,58450,62259,103467,104947,106230,107565
43527,66836,99591,101775,107516
35466,61382,61921,65440,68941,101295,105735,108362
72591,103784,106711,108030
19911,23355,33751,72496,107099,108209,108873
28475,66283,101240,104527,107771
35522,72312,78038,99871,101673,101886
8022,19481,31817,41145,50861,85190,103052,106239,107894
21302,43763,60508,100487,101007,103123,103749
102689,105692,108025
1289,2329,24964,69911,84857,87336,99702,102954,107600
100305,100958,101150
40643,46056,63368,102999,106561,109335
3939,4464,11855,51402,64198,71154,99702,104059,104239
43676,100715,103931,107207
17884,47813,76828,102261,103059,106693
99958,101553,102857
102579,104558,105320
56003,105063,106807,107074
104701,104916,105839
40422,100052,101227,102743
67861,78864,88088,105969,107012,109224
36449,76869,100927,108125,109168
104101,105802,106394
4834,13750,19743,31680,56726,85057,102163,102327,105734,107041
53953,86355,103859,105201,109304
7308,25910,100118,105150,108318
24229,52144,58975,90270,102415,103509,104579,107511
101062,106920,107386
80823,103456,104329,106669,109032
18392,27476,85773,99900,103796,106128
27694,83977,101599,102999,103174
31975,100408,101536,103560
10960,17442,41035,50931,57763,99424,105630,107177
73387,99766,108111,109267
103237,103295,107479
24729,24735,50436,61417,65122,99629,102331,103599
2220,11893,23234,52083,54744,93926,99443,101536,102078
22252,58545,59022,60156,70996,76552,83926,100758,101242,109312
999,9719,22302,23329,28835,104663,105682,106360
101112,101697,103252
15092,20936,43282,94076,97668,102148,104676,105688
1266,23186,32577,56616,100242,100609,108404,109070
32896,48859,50889,72954,75568,101737,103320,105529
12526,100345,106391,107619
13150,24735,58731,67759,85037,96297,103854,106875,108157
25507,102682,105668,107520
56018,94944,100445,104228,106455
422,11676,36829,44077,73344,80835,100779,103514,104287,106461
554,3860,26806,38909,39833,59909,101660,102158,105597,106613
35379,99655,105045,109201
7230,22613,36788,54554,54671,68811,102689,104950,107077
42498,55839,77813,102858,103709,106394,107912
39958,59281,84555,100319,101388,107047
49667,101364,101505,108086
30407,35924,57134,60735,69922,83533,95036,102196,108315,108481
8022,8539,101025,106706,107208
100933,107871,109196
6955,50135,99729,101924,106901
4724,47831,69378,77973,84324,101293,105687,108132
350,16526,45304,52475,76164,99952,100044,100065,103196
100296,101213,104440
101739,105271,107308
44211,45758,68027,87507,101766,104512,105483,106269
426,6942,27294,52718,53336,56957,100599,103859,105970
4001,64987,73589,75501,99911,100827,107078
8664,28615,32505,64309,83923,89256,99624,103436,104821,107598
5311,72117,101285,101393,101581
6019,18642,58004,81730,89057,100345,104390,104820,108416
103799,104532,104854
80466,104163,106555,108976
101339,103610,104048
4693,16681,56515,66530,99981,100329,101179,103482
15307,66355,100419,100707,103833,104003
61471,76121,104733,107951,108700
107978,108177,109080
102298,107423,108120
18230,59027,100054,105320,108370
16889,102825,104706,107590
7153,7498,104832,107830,109251
9693,52704,54568,55664,69119,100218,100999,101588,104164
9788,34855,38681,71710,100459,104512,106609
101357,101964,105704
48414,56531,72523,73811,100051,100425,102898,104955
29530,49670,75343,104114,104579,108708
4269,16790,34631,62525,86532,87319,88401,99989,105586,108613
57430,97868,99795,104217,109208
100469,100763,102754
15530,30644,45205,88884,100175,100269,106608
5522,23625,47233,101807,105483,105769
99505,99634,103952
9333,37073,41831,43878,99791,105416,108125
100178,100837,106600
12297,53591,85823,100002,105650,106291
4495,103692,106198,107207
4305,99937,100375,102502,107743
101143,101216,103312
16459,30453,82569,105100,108759,109187
24160,35317,49767,58268,92138,101007,102761,103554
101171,103121,107274
13567,39024,52558,82525,101180,102495,102673,103679
4958,11868,14220,70201,74470,108012,109028,109155
100792,104420,105549
13788,32647,39589,54297,62547,100287,101206,103248,104337
21187,77190,86191,90498,100489,100898,102223
3593,39617,102466,105618,105929,108747
15670,34841,99773,100819,107975,109147
33949,48769,48891,102043,107850,108906
55998,101874,102053,105632
4531,14749,16264,56877,82276,99629,100408,100890
101416,101797,108260
55485,73503,85832,88597,103880,105932,106701
99884,107398,108557
29710,52118,52885,67327,72957,86080,102849,103082,104880,105544
13821,23134,40260,40350,50258,59918,74963,100710,107252,108269
4238,22758,46818,82883,97715,102906,104125,104197,108215
49697,103550,107612,108298
15288,23461,26304,28886,29317,29653,73033,102143,105569,109208
3403,61001,99592,101708,105053,106540
4909,8348,92209,100225,102457,106822
18452,25839,31934,56853,99011,102066,103795,108331,108608
6158,13058,39778,40395,72460,102603,103627,108474
9692,20168,21011,78741,99618,106895,107542
100995,106666,109003
47016,99549,108203,109373
104843,106917,107021
174,17636,29945,61872,68347,71497,76562,101661,102716,108802
59908,64539,101795,104064,105742
391,59331,71498,76163,95282,101795,106817,108512
45461,47724,49766,58887,58947,65729,83585,100662,104747,107992
39747,104663,104670,107365
4994,8863,15729,40031,49117,64175,69449,102472,103902,108995
101249,103255,103752
101285,108344,108442
105835,106243,107662
393,27791,34288,68359,99535,102499,107114
105303,106475,108145
4357,15498,24754,91615,99415,102460,105046
15226,21055,30081,44960,92883,101624,105191,105715
57008,74112,77344,95321,100299,101199,106512
39950,42516,57063,67370,78294,105369,107722,108902
16038,36415,37890,87625,88386,99647,103523,106862
101323,103809,105781
46073,65198,74692,78955,103117,105572,106117,107395
101971,103513,108788
104201,104947,106180
99417,100044,107630
99740,107264,108154
9810,15619,21256,99849,100101,107629
18442,18460,58581,67288,77327,88944,99762,101340,104983
11688,16818,25655,67080,76832,102582,103589,105853
10233,38199,50953,82737,90219,100498,105991,108954
15426,102538,105368,108345
62094,63695,86021,102316,103139,104213
16590,30444,34545,35994,60801,93687,99661,100381,105746,106922
79631,103006,107702,108892
26264,47357,78806,99527,107290,108028
25923,46093,47105,59071,61446,101537,103009,106727,109043
71152,102226,102649,102995,103380
103814,104028,104524
8943,12745,30537,44941,49241,54987,66912,100099,107850,108873
15555,20302,21394,39878,53818,88381,91441,101024,105860,109208
103961,107726,109093
61705,87666,99864,102634,103307
74458,83660,99505,101097,104017,104853,106951
36895,42926,62145,99903,102884,103617
52262,52605,63896,99547,101271,108467
101318,106459,107365
4259,11468,38768,68993,94783,105110,107706,108076,108543
46398,72506,85233,101015,105657,105717
289,12926,37781,66259,88103,88304,99881,103657,108902
19674,33998,36426,54048,68965,82528,99907,106290,106891
64592,103937,104441,108656
100220,100485,102672
101545,104712,109043
19301,69223,106875,107970,108454,108748
4459,22854,54049,72545,99749,106522,108616
1208,8909,18509,19896,41573,62596,70055,103978,106117,106550
101045,102993,105577
99596,103927,106309
58827,75947,98696,105627,106663,108116
40646,49959,59230,66084,81872,100290,100336,104095,105459
75637,103428,104277,105620
18009,53678,54553,63321,63440,100917,105639,109108
63092,101085,104439,108550
21940,103838,104680,104796
190,3215,37162,72024,99457,101467,105992,106371
6580,8900,45279,93135,102791,107096,107643
79413,103137,107701,107712
24904,30814,48757,67592,77442,99351,103005,103031,104819,108379
104919,108468,108986
100939,104399,106534
6389,46917,100588,105449,108153
6401,10021,27285,36361,100096,102177,102681
102731,105232,107182
49035,64636,69314,102367,106717,108318
105874,107419,107830
4212,25646,34388,100542,101055,107906
100113,101388,102705,105555
30521,59872,62897,85317,94529,100460,101878,107545
101069,104739,108896
34488,41059,62070,104949,108241,109124
18442,20223,69032,102648,103517,106014
1524,19827,57517,83157,102592,105944,106019
101275,105234,106424
17655,34210,39345,55268,104018,105648,107600
22127,34558,67741,75845,79210,97685,103970,105769,109281
46486,67597,84437,98167,99543,102204,109034
54825,81762,88033,99766,103582,106305
2148,7121,54838,101357,101567,108203
31497,105269,108261,109099
39189,56027,100483,101940,105308
9473,49698,99592,105760,105782
16000,35023,47405,55557,87792,101782,106625,108165
45221,78197,100647,101901,102157
7711,32194,43902,48893,55398,83302,100125,103585,107386,108906
36760,39443,66657,85218,95443,108494,108738,109291
99655,104516,104880
23507,59654,67509,88353,102238,108820,109320
102855,104559,106781
29713,47235,52793,54219,61738,93047,99379,100533,103202,107379
102975,105934,106570
18329,20485,21194,31025,36104,49933,100505,105185,108543
103507,107676,108219
26577,31536,33843,81202,107309,107606,108942
100175,101332,105226
45468,63433,63743,74616,77949,88374,100073,101235,107778
13383,36005,43694,58641,92604,102494,107861,108641
3812,13988,59704,64051,100442,102579,105773,106748
80192,107931,108288,108792
33253,100716,101664,105201
23415,71698,102084,107349,107701
8897,29033,40506,40940,100739,103557,103906
1833,18708,63133,91762,101903,105845,108203
38948,44135,51698,65258,100091,100687,107609
100099,100779,106936
12477,67182,104103,107379,108924
39297,40408,64638,78449,102577,103796,108480
19337,71215,93818,102110,103501,108379
20492,26170,36035,51994,68776,77411,106212,107709,109093
104278,106949,109059
12668,53181,62985,64600,71693,96959,100411,105036,108955
101090,102072,106321
1496,3160,16880,29978,48119,89206,102953,106261,107918
77408,102889,103076,106451
101936,102366,106363
11271,24958,40678,62957,63033,101203,102044,104121,104125,104542
23029,99889,103377,104066,105225
23514,27777,43048,48432,49612,70004,99749,105261,106680,109201
76474,102210,107941,108241
71350,99675,107350,107950
100831,104726,106683
99774,99899,104955
4039,9733,13798,41572,66478,67934,101814,101908,106105
102725,107325,107778
39732,102181,106465,107012
2727,7191,82468,85955,92326,96844,99884,103037,104516
100768,101338,107448
95434,99656,104781,108055
102729,103446,109320
20474,100936,104638,108723
100091,101372,107047
101342,101950,108969
99495,106188,109107
51573,68763,98636,99863,103804,108201
100306,106709,108902
54831,60570,62787,65570,72428,79738,88080,103420,106123,108977
3539,15298,27149,58285,61690,76689,86227,101212,104795,106574
245,11276,55627,99372,102761,103556,109372
9717,10474,72211,100161,102648,104659
5379,36136,48892,76737,100167,103812,108076
32784,53055,58639,64211,76394,100686,102222,105635,107564
103161,107619,108566
104724,107437,108660
9321,66459,70595,101044,103161,109347
101284,101529,107830
99633,100475,105673
7197,67509,100995,103419,105643
99379,102072,105399
105579,105849,106109
99946,101592,105449
3494,4837,34115,71725,77283,99940,101849,104647,109044
16481,17258,27162,48889,53245,81217,100344,101198,107108
9989,38779,102000,102963,105067
20439,45950,51250,55079,58780,83588,95395,99504,101673,104786
101763,102314,103514
62851,99959,104567,107552
23816,69450,70891,102487,103384,107956
11080,19965,68114,80644,101007,103776,103891,106001,106139
24313,57218,64573,99729,106071,107975
104324,108159,108987
16077,31572,89945,97351,102479,104867,109048
13593,48466,59151,102061,104798,105850
11071,41654,62584,72124,89986,100833,102446,108208
101116,102306,103752
104077,106182,106856
6470,18403,20542,57562,72953,102466,105084,105334,108321
3032,8282,45338,45866,68761,86169,106025,107702,108022
99625,102227,108534
31,21296,100801,101202,107257
102983,108122,108359
7638,52090,105471,105525,105914
11331,13694,23240,102268,106244,107198
101333,103137,103507
8449,84959,101388,104629,108976
85918,99406,100935,106027
33412,89343,102253,104941,107195,108330
64236,64496,72923,107643,108232,109108
2673,8298,32996,47546,57452,62408,73447,99508,99756,103054
6255,65972,77781,90077,95117,100176,101547,105199,107227
100246,100687,107761
20315,40458,67771,75849,100785,103138,104862
56753,61627,67059,70448,79297,88353,104739,105601,106425
40449,62686,88702,102260,105666,106166
101108,101205,101818
43864,65509,77695,82873,86747,102587,104199,106613
10959,44491,61686,71093,99955,108061,108387
16069,48361,52886,100579,102102,106026
33937,40682,53370,60977,78296,88216,100394,102045,108738
19557,49942,100241,106601,107626
1295,51214,84028,100413,100850,103372,107599
90223,101188,105615,107394
34920,37815,60362,72869,104802,105650,106339
29269,66319,84603,100729,106132,107591
103296,103889,107967
3519,67955,87146,103288,104158,105967,107565
23528,38252,38427,68018,77384,84522,102907,104911,105874
5148,23360,29200,43210,77866,100717,106676,107476,108050
17794,18052,22142,88059,93513,100706,101915,106786,108111
2115,22476,95245,99423,102171,103608,106475
25448,35995,42594,74992,78139,79109,101779,107584,107593
104779,106962,107099
64423,75980,88008,102597,104965,107968
23138,36346,43668,46141,51071,104071,104137,104165
15673,102810,106934,108564
10316,10648,11412,84438,99671,101561,101649,107940
14440,46724,67234,78147,102180,106968,108736
84129,99594,101070,109181
103679,107358,107627
5058,15106,21343,27762,45991,68684,99847,101189,106832,108271
8773,25885,66831,75252,88915,99619,102464,108171
15560,24086,62407,105606,105818,107180
104139,105191,107196
6519,35698,48323,66471,78525,81721,105390,106805,108233
55245,75530,82077,102218,103202,104618
13865,39917,40494,42678,45001,64565,99951,105202,107439
99903,106192,107357
101575,107536,107938
974,38252,57556,61049,71924,93877,101475,103298,108561
101141,102692,106255
11779,23012,37673,103271,103706,104916
120,14211,15629,35502,92320,94125,99938,100685,107498
28812,30735,43751,74545,74927,100026,103556,108862
4516,17200,23607,50000,81432,99423,101984,108241,108924
17724,65477,72033,100121,104209,104695
27504,27569,28383,29042,40164,93685,100438,103448,107861
8148,16045,53629,100547,100899,101014
2392,13211,27285,41879,59845,73252,84900,100005,101087,107598
100482,101906,104795
100041,104410,106832
2965,20689,44996,60976,102866,104798,105450,108853
100438,102257,106146
26171,29258,41978,103683,106929,109028
102749,105572,107666
12765,13326,23031,45444,101980,104475,108708
6482,57712,62727,77544,83756,87422,101307,101786,105240
18701,102064,103382,107215,108058
11398,37044,70399,100745,102069,103734,106929
3837,87247,92719,105538,105934,109229
32043,38987,59885,74783,88093,104697,105262,107524
3715,10909,14048,29894,30352,33989,87216,106234,108022,108366
15552,52403,102963,105023,105544,106761
11316,85544,94819,100570,101339,104856,106383
99633,100609,108792
19013,30372,65474,95412,97644,104113,107021,107273
8829,11928,32663,69435,78216,88648,100635,104697,106504
7534,39932,81943,99759,101493,103714
101383,106343,106783
30396,100433,100766,102662
2894,3866,6061,24537,28357,29042,43571,103066,103294,106236
883,24750,29081,29867,59924,89189,99468,100391,101800
99743,107804,109160
36003,103853,104189,104843
10411,14968,63521,100377,108036,108862
5930,75171,106659,106748,107092
14128,19565,21674,44182,102723,104112,106851
1781,11077,28551,55342,63070,80908,106515,107047,107140
101482,105497,107071
100831,101443,105964
2126,19880,30354,53532,77998,106228,107876,108366
60432,64997,102401,108358,109103
70071,80719,100035,101532,103354
7504,8880,41636,44025,102089,104726,108455
1065,27103,51979,106697,106996,108581
4609,30890,100557,100899,106533,108341
9540,16898,47997,60676,61784,96550,99725,101178,106859,107057
52373,101839,102570,102637
105493,106235,107289
100375,104212,105707
9633,100029,103548,106198
102491,105676,107300
7060,37167,39221,68205,76532,78633,80358,99863,100448,103738
28127,50645,92748,102565,108191,109160
100837,104327,106174
47337,59315,77239,83651,95529,95815,100145,105657,106522,109155
73084,104043,107701,108040
102859,105618,106982
9196,16578,17873,44148,51908,76228,103655,104450,108156
18150,23442,32936,36170,37846,100055,102534,109279
8303,19176,24083,28611,44891,50999,99867,104253,107181
3635,26060,42686,77630,81278,84241,99564,105201,107526
27762,95007,104880,105604,107844
17940,21175,69907,92040,93461,103884,104042,105932
24933,49518,65055,65862,69179,79702,100394,103471,108043
79180,85235,100979,101416,101715
23042,35706,40212,40235,67782,79628,92617,99535,102261,107257
27852,99448,102226,105921
3972,10708,54013,72118,82270,85398,87745,99401,104288,105146
17783,23161,41020,99679,102389,103006,106309
60888,74912,75086,101921,105546,109074
99477,105825,107649
100926,104287,105326
4253,7680,63617,99427,105860,107862
66290,100828,102692,105516
17622,74016,85275,104278,106647,108201
3887,68289,73339,82148,101660,106822,107413
179,15957,23570,40502,60520,61763,80053,100517,102485,103234
100588,103963,105971
5267,17926,89128,101620,105985,106547,108647
6320,19222,24486,50756,69150,85716,100833,106192,107626
99871,100975,103785
102049,103416,108512
3393,20218,23418,29511,43458,81002,105900,106608,107199
100435,105365,107971
15549,50155,57524,76170,105300,108034,108054
18552,45638,100336,100394,108573,109357
51103,101002,101482,104071
34012,64671,105151,105162,107423
9356,19779,37681,56762,57048,57589,87072,99428,102217,102354
67910,81997,99461,102503,105967
15843,37187,102210,102873,103674
1084,14489,33894,48595,58177,89278,101754,102226,109104
2962,4080,24277,40496,45620,45715,48237,99382,100936,105390
2795,15250,73600,97232,103467,103831,106537
1036,11202,68821,91754,98169,99666,99882,109175
55849,65144,100252,107479,107535
6239,75876,99430,106188,108431
1595,22991,72520,76240,81596,102828,107436,108300
27370,32394,75589,81655,86415,102485,104240,105361
34116,68473,100823,101819,107811
22391,33743,45125,66206,68268,95029,104502,106973,107731
101128,102094,105293
101797,103937,109330
19256,64317,71604,94456,101857,102664,108638
103066,103221,109038
48845,69575,73561,100576,104080,108796
101285,102489,105674
35548,36249,75302,80799,96309,100838,103891,107096
53422,83020,92383,98845,99985,105511,108019
87323,91439,101176,102150,105544
18825,21021,27455,56791,63370,105113,105640,107411,108738
11762,23312,53739,58444,62104,99940,100158,106502
4247,58392,58714,66526,67488,86242,100809,103405,105818
100122,100125,100374
5659,15923,30967,54634,87055,105174,105352,105956,106843
75015,84577,103040,106920,107717
40034,52317,58090,62002,83101,83440,101215,106218,106370
4316,12935,48242,53460,65362,79137,80395,99651,106881,108296
53449,99508,99878,101988
107203,107389,108995
14175,58940,62383,97190,106284,106402,107474
21068,77324,103695,106655,107557
22674,26727,26909,56775,67787,101761,106895,109351
28974,59272,63839,100631,103686,104025,107791
5296,37475,52100,56993,75531,78848,99545,99870,105309
105224,107151,108020
102540,106359,106694
1342,6359,8426,10286,10723,74656,102102,107522,108296
56999,88354,92224,102069,103123,105259
7332,32869,40086,72101,75445,101897,104430,106187
57077,62690,84821,86459,99680,101015,107834
4275,100524,103358,103684,106636
40144,99702,100394,103188
9003,34100,103237,107326,108690
102472,104587,104831
76643,103220,108381,109009
23594,58105,82356,99884,100716,102740
61190,80481,103049,103155,105257,106179
100138,105767,106473
4043,11776,15029,49811,63363,79768,100033,102115,107542,108409
107018,108097,108314
102612,107616,107751
8700,11084,11930,50831,64392,73085,103622,106833,109249
8518,19028,50560,100245,105032,106683,107608
18687,90545,100466,101638,104566
7289,22829,51205,57112,93751,101942,102637,105310,105471
37117,102982,106443,108233
39509,50008,51896,58891,71247,96947,99625,99849,101758,106557
1097,28328,40458,71127,71128,79398,101348,104014,104329,105444
2263,4262,26583,32070,71540,86321,88561,100561,101262,103234
99806,101726,104031
99403,101025,106169
40850,100063,103666,104353
11205,39467,100800,105869,108239
100972,101242,102534
46964,100927,102507,102670
8558,31246,102507,103013,108150
14194,63991,75564,99835,101735,102233
1113,15055,23008,30274,37212,102773,106590,107410,107604
21547,27897,99817,104271,105249
16581,24575,28807,46805,104290,107414,108906
100914,103550,106717
10473,18534,48606,60623,61765,72699,102139,102980,107552
69731,103680,104068,107452
1478,8112,63086,84898,85538,98655,99922,100099,104990,106520
27059,47020,62526,70529,87453,89375,102189,103187,107847,108077
100170,104389,108355
21479,38413,56289,62724,65731,68464,104939,105687,106189
100063,103042,109346
8760,23288,75165,102335,104327,106159
12607,23139,23613,35749,78366,101745,106859,109257
39543,57104,69940,83234,102839,106811,108347
102766,107847,108347
34598,99766,100032,100107,106564
39371,42268,44554,62335,101551,102266,108750
25059,103852,104115,108471
13916,15029,55756,57810,90486,99883,100524,100755
2014,14000,28426,42973,103351,105293,109179
100786,101268,102135,103006
929,100269,104974,105707,106312
1051,34531,101936,102743,108120
13739,84353,100987,104763,108261
100927,108273,108504
5873,16466,18362,101091,101316,106988
2248,20428,34333,54140,81932,100307,103082,104958
34400,54297,81390,99477,104387,109346
30845,32857,55814,76749,89500,103869,105245,108370
3991,9111,67718,85494,91701,102396,102502,103467
1376,16693,103484,104046,106067
24032,30043,39020,40244,44726,44973,53469,100496,100659,102638
55457,63050,99393,99872,105180
23880,48764,49647,82461,83311,100717,107992,108474
100886,101422,101922
9061,47525,50883,64651,72298,77897,101511,101854,102233
60214,100762,101357,106473
12037,38006,100322,102113,108927
9405,32279,36297,65309,100525,102242,102266
13153,18076,45329,75827,84994,85603,100435,101574,107615,108623
26854,31506,88538,101128,103650,105900
102226,105238,105676
100953,105894,107309
24530,25100,35849,61457,70008,100917,101928,102070
21893,22663,30340,48605,99947,101077,105715
2289,2958,57834,102385,102725,106151
101193,108995,109044
33382,79624,101742,102278,106779
16699,19118,23616,55918,58337,68893,70996,99564,104416,107481
50272,101765,105825,105936
25122,56348,100903,105623,107735
6398,32299,48176,63546,68520,80319,99922,105970,107153,107376
99608,99651,100600
9002,30635,46356,66273,86847,100681,103568,105326,107099
7060,53903,103804,104146,105279
38787,44953,60924,99903,100837,100926,108404
107850,107876,109279
22617,24197,34917,35848,82609,98526,100526,101430,104367
25939,30940,47798,53274,101594,105323,107548
57900,102267,105156,107480
13617,18113,25270,37172,37649,51773,83441,101728,103744,106236
1409,34226,40419,80816,99923,102832,102884
22294,58698,99190,102392,105745,108215
859,12881,22393,48287,61073,89711,99625,100299,105058
68231,75722,84989,99952,100674,101785
5420,42219,99622,101248,101806
2691,57527,72581,74785,103649,104041,104049
56171,68648,70908,73600,104166,107485,109113
19637,55070,65762,70943,102859,105053,108085
31085,38322,61647,81643,101798,101940,109210
29316,101296,104487,106432
103972,104754,106343
19312,99597,101275,101551
253,26529,38070,51482,56700,104431,106054,107878
11858,15156,19693,31936,59454,100366,104405,107690
11784,15644,84618,103758,108727,108883
83802,102330,106098,107979
19152,51607,59185,60416,91167,103000,105756,108022
15088,27600,44055,103737,106231,109127
76792,105595,105880,108623
82150,100581,105708,107739
74683,100984,106797,109003
50983,51675,55385,88954,99797,103239,107381,109188
31892,32017,46031,66528,100927,107627,108517
101635,103794,106443
817,2139,3130,53576,71052,77979,96268,107311,108707,108884
79589,101053,101449,106564
62055,101681,101749,107578
73710,87652,108517,109066,109108
15694,16791,26548,36205,50423,60816,81329,100865,101180,103636
100895,103970,107612
27446,53054,70877,78954,79849,103161,104288,105632,108190
33279,47617,52346,65665,67262,81795,89830,104011,107254,108186
12358,17255,70931,100095,102140,106852
101261,102550,106427,109091
105313,107599,107627
101642,102760,108759
100836,100899,109257
9516,50871,58500,74690,84897,104618,106193,107092
21405,26678,47351,54620,101062,105537,105674,108044
20760,35314,86768,97049,99687,103128,106303
4640,17444,42344,43777,89206,98051,99461,100060,104279,108378
3784,106257,107985,108669
4295,16683,18171,18821,59796,65867,77191,100564,100865,101019
36893,39654,100506,106105,106738
6355,33367,45447,52553,77218,101034,103444,107857
99937,101738,106443,106473
3376,18050,23569,26364,45188,105969,108870,108916
1774,29480,52116,100619,102361,107077
37166,41621,41877,46459,51677,70072,85430,100306,100867,106228
58827,62242,101828,107462,108997
99471,103336,103711
7008,24316,41596,64694,100517,101103,103776,106243
5314,62547,100574,103465,108096
17199,39495,54410,102119,103154,106809
5167,15429,40537,41598,63530,85878,102851,104884,106299
11283,14089,65673,73280,78035,99554,100050,101538,102592,102766
99926,101128,108656
25572,33585,57167,57413,63054,72638,100172,102221,108462
57867,64261,76363,94992,101971,103168,103471,108527
104420,106675,107018
4936,48733,56855,60393,81384,89021,103925,105794,107477
79292,103868,104681,107688
17418,53525,77528,83496,89752,96764,104744,104897,105366
104360,104457,106310
101589,103444,104058
3080,23194,38481,44366,49941,74430,93679,100163,105850,106750
19259,26799,35768,58627,69914,99081,102286,102328,103962,104845
11627,16724,40088,55950,66368,71485,98933,99854,104812,108323
51326,65652,102085,102328,102723
12160,14947,51303,97622,100442,103983,108726
19112,33500,35800,46267,64883,71311,97728,103501,104067,104566
77702,99978,103556,105979
51305,98813,100210,103478,104941
18310,18735,43803,52721,62474,100615,104362,105082,107447
33106,51057,101578,106519,106540
30052,44107,105156,105458,106503
101149,103190,105799
100029,104438,107702
5841,60475,76570,90568,99406,101186,105225
24107,36707,37436,75105,87765,98969,103799,106532,106726
3407,15995,36066,89093,103520,104745,105649,105851
103325,104523,105226
101572,103422,107766
9796,15778,39623,66961,101056,106903,107271
8502,19894,40954,66124,100631,103514,103729,106662,107921
47375,59179,67966,75973,99625,100609,100671,108655
70767,79006,102066,105448,107394
68388,99954,100109,106992
8208,14275,19590,21819,50908,82378,100284,101992,102210,106875
23469,24404,56361,66743,87920,101055,103749,108969
18323,32261,66190,88148,100713,100977,102723,107767
8743,14828,44240,50757,70974,71785,75528,99407,106222,106591
14837,18226,51269,64517,71103,104009,104273,109253
101045,101062,104588
97330,102042,105186,106808
3924,14635,30481,49410,50541,51268,60414,100331,106951,109083
1992,6079,48417,49744,49948,52720,80304,102019,108632,108967
6563,18851,53723,75526,75851,85644,85686,101352,103121,104930
105048,107242,108401
102995,105042,108736
103854,107166,107474
18118,97614,101108,101559,102170
100161,100590,104077
22333,34033,86707,99562,104131,106788
3762,17409,50503,60210,89926,103657,103894,104860,107639,108517
106555,106976,107367
15893,55168,71538,99995,107952,108917
11325,38823,47269,52630,71289,82030,100445,102803,105631
102051,106391,107688
99720,100920,104447
32444,88588,102026,103820,104949
10599,16301,20687,60158,87930,103057,104245,108640
25254,62999,101530,103128,104513
99843,103705,104474
41914,85067,93865,103096,103484,107474
18851,31640,33733,41990,47001,48701,76615,99834,102592,103682
77360,100299,105262,107978
63172,64161,104587,105014,108751
2299,8771,56511,80283,83125,100101,101338,102587,104303
780,30591,32889,33792,37333,81344,102069,104236,106394
12610,57351,70827,100647,104166,108771
1756,28858,72511,85381,85966,87065,100695,105337,105919
40406,45705,47038,49862,55924,99423,102871,107299
100245,101941,108836
8178,15304,43310,83092,106740,107640,108514
44779,103718,105340,108977
100287,104414,104846,108255,109211
21716,42227,47419,62726,66942,94181,100479,104197,108295,109001
36214,57307,63362,100431,101019,103315
56,3386,20240,28986,64242,94089,94925,99593,100317,108942
9807,51446,63783,100280,100991,101334,101651,106370
44981,80195,101239,101750,106529,108799
22330,49053,104037,107472,108957
100874,105334,106218
9096,9669,58433,68543,87898,99255,99605,101948,102998,105188
3018,11676,53081,104761,107439,109255
7907,35650,53639,101818,106882,107227
22411,26394,26892,57387,59623,61003,104390,107411,109181
99788,102998,108298,108660
43584,61129,103706,104113,109157
22212,30360,50470,54968,70522,79248,102128,107175,108819
2094,9572,19241,56987,66593,74993,85867,100152,105372,108431
25292,70935,103955,104837,109196
22286,36756,74732,78395,100894,104557,105189,106489
102478,106329,108074
100698,100737,108948
21495,21696,85531,89377,101091,105046,107119,107651
2383,15705,19316,47853,64253,93345,101911,103309,106931
20430,37705,51838,83396,98520,99679,107254,107509
48506,60766,76357,104095,106299,109332
2599,20297,29734,53475,104260,107199,108067
9554,16627,66569,68310,88290,100281,106394,108101
562,778,32741,100991,106027,106879
13749,41432,56185,64378,68925,89097,104843,104904,105007
101503,106189,106309
6758,42141,63156,76729,80214,85587,101466,102081,107951
103712,104145,107286
6792,15109,46914,91983,102811,105211,105880
25923,40076,102330,106840,106856
56632,79626,89821,101059,102511,108447
100162,101080,107915
6447,33206,52451,63559,75864,93270,100674,104656,105889
794,90408,99882,100408,108352
102943,104489,106998
13020,40627,43026,81634,102538,107871,109304
105268,105887,108067
43596,45328,75092,95920,99567,100509,102457
28928,103095,108594,109242
61094,105845,105959,109001
84534,100232,100768,105325
27317,46050,64832,103627,106381,107096
51947,61394,81387,99976,101179,104209
12088,22109,66401,79913,100958,102177,103064
24382,99766,105643,105648
3377,66080,83649,84037,101688,104441,108053
26509,70449,100460,102916,109319
100487,100717,106402
10369,52886,102572,104383,108054
38016,59374,61502,77552,100433,101697,106665,106743
100943,106370,107883
50982,56312,64786,67015,72525,89334,102129,107336,108832
23680,99415,103955,105239
104240,105767,108983
22478,49952,82798,101198,104618,107199
8127,37614,45294,49261,74902,78160,87440,102621,107387,108033
28703,52276,68202,80462,99796,100844,106615,107043
100167,100678,102775
37752,43658,90627,94742,99863,104012,105678,106584
37690,101345,102128,102689,104145
56667,71124,103424,105554,107358
29494,38792,106706,107088,108949
3557,21177,62186,77710,103749,104151,107761
102169,107099,108182
60774,100408,105090,106791
28881,28933,45733,48873,76805,77115,83592,101083,107017,107970
101607,103897,106230
42049,70812,99944,101379,108519
101423,108287,108442
9585,15519,24989,25291,44758,75882,101354,105362,106833
101134,104476,108699
100665,106161,108153
57264,101861,102128,107272
83939,104332,104962,105359
27592,29413,78569,99992,101249,109095
104795,105656,108404
103261,106173,108927
101213,104646,108660
18809,103422,104286,106109
105202,105208,106992
23139,23590,28068,34215,34749,94166,100317,101702,104209
13697,16778,37485,39734,99543,103001,109030
3520,11861,30281,90610,100299,105718,107390
25015,29816,42840,72345,80792,84666,97346,102695,106968,107466
35045,80843,101242,104139,107829
12092,59959,61143,90515,99285,106970,108390,108660
8695,103419,104853,109346
3982,36085,44034,50453,72492,87740,100243,105691,106560,109066
101224,104327,104480
44203,46714,47695,52859,90970,95289,105589,105786,107804
8044,17782,45766,46923,47969,105932,106223,107039
2971,18895,27113,52891,76133,81721,84207,101098,105495,108339
10717,14230,15494,35576,59028,100590,103016,103936
29687,45604,54227,81822,88719,94108,101038,103221,108364
100127,106430,106920
28661,37408,49698,67286,85439,95529,102133,104120,105119
22582,24795,36285,38033,57927,98310,101754,102730,107464
1823,38361,39772,41514,105495,106189,107308
16487,50764,100448,102265,106075
5378,20928,31084,47932,69240,79936,84976,100192,105638,107298
12145,16722,18005,54431,67089,76437,83048,100512,103613,105971
99423,108397,108665
52618,101807,102242,105158,108520
23902,99966,102880,108756
103478,106277,107900
843,10573,80203,104119,105278,107449
18584,84367,101234,106580,107083
2106,79555,104897,108465,109080
14171,21862,51320,54698,103107,106451,108203
39406,47066,75951,100259,101800,101814
11372,27347,50182,68125,100894,102686,107424
11838,18463,25160,59102,90352,99777,106040,107154
102331,104042,106171
103165,103866,104186
13338,31745,99574,104489,106697
6770,12158,21267,37974,48793,55285,99192,99838,100942,106067
36134,43614,56220,89871,94980,99793,99795,100699,108547
18098,41713,76911,93963,103644,104626,105186,106480
35539,101447,107560,109300
3013,7843,17689,48233,58185,100332,103263,107428,109034
105477,106764,107465
4065,6968,34632,64118,79994,88994,91152,102169,105649,106738
101712,104761,108025
99559,104450,106570
103177,103196,105839
9058,15750,31916,80414,88879,99454,104106,105305,107203
10913,103238,109028,109143
13310,24399,34642,47261,71129,104712,105892,107357
6662,8131,17545,39444,40823,46631,90403,101861,103446,108177
2151,23652,26930,36972,60243,99420,103990,107299
74510,101168,103574,104783
23213,70650,78486,100340,105254,107052
12466,12936,19308,19835,60005,90074,95805,102918,103549,108931
51996,83047,100561,105226,109019
2124,11590,32140,45080,83905,102556,103307,106309,107031
46659,49324,66907,101644,107474,108518
29409,35651,54987,82402,99267,101587,102159,106604
4659,72815,99831,105988,107221
103561,105223,108802
3448,37217,101882,103083,108610
2287,22019,49371,68756,75220,75385,100101,102980,103883,106091
11030,56736,70403,76884,87320,102061,103569,105300
100167,100216,102289
2930,35829,75957,85062,105072,107542,108227
18064,32147,71117,101915,105127,106177
77868,85981,99999,100178,105100,106421
25422,63417,75100,86861,107029,107074,108411
5688,51536,84073,101061,103791,105783
4075,8052,10163,84364,100345,103608,107581
2175,31468,57204,57680,73608,100394,103322,107775,108563
19843,46007,71392,101408,105065,106496
11133,100939,104750,108085
85466,101680,104159,105551
7998,61651,83296,86121,102123,103297,107356
12114,24065,46746,69448,73861,102662,103728,104676,106398,106455
44253,67152,75150,101700,108202,109289
40585,77035,88114,100595,101514,102289
101119,101176,105173,107181
26175,33586,53592,67624,80619,87628,101874,101962,105324,108376
3150,4604,25190,80716,97038,99924,104278,105271,109062
53422,78046,79502,81581,86691,103284,105254,105368,109122
35354,35634,36361,46715,54302,102249,104930,107761
42953,99696,101949,105151
15537,45742,52860,100342,100981,105943
44233,59196,67356,101800,103365,104528
104009,105216,109012
3535,59507,74619,106396,107208,107603
67961,99485,99852,104674
2505,6899,21459,45867,100124,103165,107536,108747
7268,29616,103586,107829,108085
41839,43630,100874,103584,107299
80782,88853,105932,106360,109031
9913,11507,58831,73482,102305,102356,103384
106643,107154,108387
23721,44544,56716,71975,79804,100940,104260,107631
8980,36366,71614,75647,102043,102132,107413
23143,72959,102788,105381,106517
6348,6738,37663,49420,53566,102158,106622,108683
39983,48710,66533,77861,87741,101749,103144,107938
381,72439,104117,104986,108364,108434
79085,102723,108456,109271
60894,86191,86955,100041,103978,106486,106833,107619
1758,2475,33525,39812,60012,97650,100388,103222,107468,108736
9271,35918,80865,82283,82655,102695,105458,107257
44480,84445,103048,105278,105545
8608,32542,57829,72890,103493,104635,104646
24060,26724,71071,73353,101758,103841,103852
844,30108,65574,85481,102656,104135,107185
78306,103156,107915,109148
43729,53925,61962,68180,79105,103446,107114,108049
22803,30601,58088,73798,100905,103586,109031
67004,83986,99415,106331,108381,109012
103213,105721,108997
104005,105546,106100
89012,103424,107665,108033
28974,50323,69766,73491,99477,104145,104427,109367
51119,100896,103776,106750
17554,21525,32657,34068,54212,66546,69584,103173,103259,107328
13391,16222,102531,107680,108787
46549,58238,59313,102455,104567,104995
80552,101242,104245,107166
101894,108238,108754
12896,48836,99878,100785,102027,105959
12939,30831,67042,83788,86081,103223,106622,108561
7402,57985,69436,99635,106134,107621
101262,102587,107421
100360,101206,104830
104708,104952,109024
26480,70626,88826,99978,100780,101982
105505,107384,108225
14776,24499,49994,50532,64626,88692,100140,104858,107356
27966,64495,67998,81803,95482,100055,103247,107339,107937
97499,101450,107371,107811
26734,39893,94692,100210,102893,105572
31582,56417,99476,103287,106486
65802,73827,78762,79574,105342,107897,108372,108855
54110,65963,66558,82008,90572,101664,104095,105819
99626,104766,104936
27908,28866,98691,99676,105919,109255
104507,106079,109033
46554,78506,101624,106622,108070
100788,103370,105426
5184,76852,102949,105147,106364,107196
100465,104119,108776
6088,6340,17025,17436,28772,66373,89759,104163,104779,109202
51323,100757,105007,107087
2468,9250,40046,102155,105564,105926
1957,42866,56004,63640,73244,99796,102089,103083,104141
19586,37924,47422,71643,83802,98993,99852,105111,106609
100088,104201,105450
26913,33424,52112,55477,95282,101505,102203,103955,106306
9296,70754,101579,103286,108771
34606,44184,59905,100924,102628,103126,108156
100743,105230,106184
13818,88305,106430,108211,108504
100569,102122,102749
26452,58307,71962,101895,106326,106615
38020,47542,65307,93539,99631,104967,106778
77981,104935,106747,107726
10395,34086,61862,99449,99680,102647
19647,106210,107721,109238
11091,24447,32663,58779,73304,75656,101510,103007,103333
102061,107378,108884
4219,5541,12941,16166,31628,59835,68388,100225,106996,107210
100069,102330,103465
31959,53800,98740,100436,101578,102515
33691,34719,37755,52746,84254,85612,103854,107047,107069
99615,99966,103336
26311,99976,101801,109054
101044,105913,107643
4521,15383,37995,54382,62190,99495,101467,107557
43633,51395,101289,102478,106622
101971,107170,109180
6259,45510,66681,75354,100677,102424,102564,107271
100175,100647,101486
36890,45246,54316,82294,84288,86468,100823,101288,108289
1198,5799,8237,26296,31870,81585,102946,103255,108708
17664,25804,46170,100521,101904,105461
15454,32823,38279,48810,52682,66322,67710,100474,104739,106994
40361,64465,90568,100265,102553,102652
100547,107077,107844,108490
92424,101248,102498,104732
2695,11346,52272,57479,74650,87583,101486,103173,104654
100836,104067,106725
50785,100331,103025,109143
30091,100647,100948,101895
22569,24637,43082,62180,67674,95282,101124,105417,106198,108232
1906,23961,25752,65949,102143,102579,103854
11160,31890,36709,71188,82378,104353,104802,107674
306,4620,100370,102027,103079,107215,107257
41499,62546,64561,68517,74217,74777,81443,103586,107078,108405
107818,108647,109069
99692,102070,104532
70479,99635,99713,105638
1840,15576,41338,49060,50584,69280,93525,100045,100739,103125
2935,12180,15334,31917,50287,83009,92352,101577,104035,105304
4593,8561,13451,14093,99147,104985,108447,109312
4692,18445,20728,46823,51525,99626,104315,106641,107153,107386
21450,21937,29602,37874,63434,100007,101547,105000
11100,11672,28847,42682,59088,102699,104950,106489
101903,104528,105063
13356,18930,39544,40584,64238,70304,100953,103743,106181
2075,16794,18154,29189,35374,39606,81333,101385,106654,107946
9931,33578,69493,81432,87145,99442,102267,107261
100257,104469,107244
213,13210,27575,56995,101183,104768,106711
16369,37355,73783,100478,100649,103600
26663,33151,84310,101007,102816,107074
31186,50677,71940,99538,102478,103796,106514
11101,31045,57410,69164,84562,104656,104802,106560,108596
34337,99409,102343,107324
7538,15694,43430,48445,50669,88311,103309,106572,109059
11431,39912,56597,85416,86210,100905,101880,108348
197,3309,12882,17033,40386,67462,102576,106797,107893
13275,30712,44796,85047,87085,104343,108061,108388
36683,60678,66959,96485,99508,105988,108514
8059,28113,57658,62797,101630,104872,105724,107181
47535,63836,66848,75701,82377,83027,101345,101621,105000
13831,101749,105309,108154
3087,22977,33164,62920,84244,102995,103692,103945
63158,103471,104081,104253
23026,42468,42533,100429,100778,104658
17775,21875,35833,47510,106970,107775,109160
8071,11527,26682,29795,66376,106832,107598,107853
20847,45738,85876,101299,103711,109164
101902,102119,102268
14152,29994,45813,54932,75666,88674,100582,104383,105113,106121
20963,27318,28413,31111,41377,45092,102204,103118,104131
6432,13703,56034,102004,103248,104271
15374,55797,61390,88015,102072,104820,107233,108504
101217,105105,105263
101875,105179,109078
21034,24806,44208,49610,73309,82980,98781,101950,106875,108113
99717,101323,109243
21122,103430,105440,108358
5792,38541,45615,99556,105247,106917
101875,104904,105845
100792,102491,105959
23403,51826,57715,62880,86097,87624,88632,100780,103068,106423
96577,101767,106520,108439,108676
14823,78376,83024,100088,105702,109208
22373,27175,54824,99401,103850,107143
38957,50398,52607,65652,72952,102331,104211,107029,107079,109168
151,42895,74524,80841,103765,104124,104652,106190
10570,24593,42459,48684,100068,101151,107662,107798
5203,11730,14460,59087,65931,70094,81551,102472,105306,107620
61879,63086,104993,105261,106645
105007,105458,106965
29942,59553,100483,101750,101954
6738,18395,47401,63811,75424,76462,100138,101313,105251
15108,66950,102135,107300,108088
20325,29070,33425,35962,53757,61223,90498,101175,106682,106771
17991,31143,101851,103430,107534
16544,42870,45310,73516,99891,101853,108527
102876,105011,106748
42401,44579,47669,63008,102796,105156,106068,107890
99443,102740,108181
12781,99635,104824,105385,107941
2800,86334,86553,96306,100035,103894,104969
3645,7823,24584,41879,54385,56074,105605,105874,105981
38577,58098,67072,68323,106771,108050,108344
43605,104336,104391,106302
5585,37537,43357,60290,61030,105249,109095,109251
100144,103354,104123
8735,20140,26046,32159,64234,83544,94385,102849,105967,108174
9536,9721,17623,48504,103970,104158,104843
65463,71145,101901,108851,109204,109210
105525,107667,108077
1719,23095,31960,38845,46815,79067,100069,103765,104459
26491,71842,100332,101423,105923
105564,106596,109128
80945,101561,102809,104665
100713,102716,106349
101256,103837,107290
22852,26356,27981,42255,55948,60670,77277,99690,100523,101501
15998,25231,36621,40568,67561,80723,101619,104647,108022
99470,105721,108623
41541,46886,62441,70378,83688,99147,100306,102266,106432
100412,106175,106884
35545,44753,55127,68947,75848,78829,94686,99479,102493,105371
100065,103804,108513
23664,27883,48087,104061,107560,107675
6430,101333,102561,105529
4437,72509,89917,100631,102380,102515
104288,106360,107919
19836,23464,101183,105459,108325
100684,107279,107829
101440,101751,105399
101329,107311,109282
1717,4094,10175,15354,37619,97655,101098,102275,103657
60524,83516,96389,100715,103711,108504
6725,20259,99725,105802,108681
101416,102277,105844
33870,51043,82007,100950,105979,106445,107446
22715,67672,84131,105461,105630,106880
19729,57322,90548,100269,101980,105947
102531,104071,106641
5308,20315,35213,39746,49168,50683,105101,107263,109342
100222,102361,106141
37186,42253,65413,80521,97000,99803,100942,103946
1099,10456,26198,26264,27490,28924,101363,101592,102282,108226
17982,25512,68075,86369,100714,103493,108949
5776,16395,23152,104948,105324,107514
19241,54767,59275,63508,70318,78249,93765,102222,106629,107012
14088,29475,79957,101995,106516,106722
35613,102648,105337,107274
99557,108976,109281
100714,106316,107472
36419,37322,90388,100292,102067,103229
20664,48929,49387,57525,99544,101193,103905
15635,25724,74489,86810,99608,104428,105471
17726,30182,77543,100055,100501,100620,107907
101218,103880,106141
99997,107398,109220
8212,19678,26915,31619,69484,80141,87649,100099,101995,107350
100942,104674,108895
4063,47560,102844,105818,108219
14375,77254,101235,102395,105783
38221,67306,79456,100124,107034,107416
1808,37793,100466,103925,106863
9219,35228,39567,65592,69657,86168,101801,103083,108753,108829
56172,61439,67413,79145,85414,93752,100967,102975,106345
21162,84268,100287,106102,107227
573,1835,57319,100981,102306,106478,106584
18484,38018,81290,81798,104065,105321,106559,109365
48717,70172,100815,105293,108431
52232,102546,105208,105502
24937,102394,106609,106938
99872,102672,105162
101054,101857,107761
79898,99675,101792,104369
13366,24897,42921,66886,101602,103606,103892,106432
833,34917,39128,101090,101316,104103
100353,101216,106370
181,3594,63700,101691,102170,103366,105023
26804,38426,67806,99729,100992,103164,104687
31953,80612,105595,108754,108787
103729,105763,108339
13674,22357,28715,41743,70109,91529,105932,108616,108738
11585,68703,104642,106474,107692
16192,26858,39370,40327,75218,101595,101765,104665
101310,101595,107308
101687,103045,104219
99487,104706,108659
1398,31825,38685,54117,69158,77982,104068,105590,108239
6043,37000,60067,72820,85069,99632,105394,105497
30690,85108,101651,104795,108520
100186,108261,108791
34674,69072,99496,106226,109248
11588,71609,99984,100556,100685
4105,76000,77143,93551,93925,102371,107975,108438
37,35216,35726,46290,81282,83326,94890,101465,103786,109118
9984,73305,102286,104212,107847
106887,107112,108426
20044,72806,85962,88656,101021,104859,107669
3087,15196,39892,45170,75441,77976,95704,106639,108013,108601
54429,78536,103572,104390,106703
103743,104131,105234
20597,25814,48851,81200,102815,103012,109252
101299,103577,105239
75855,100038,108741,109028
100375,105843,109104
92617,100331,100858,109155
100232,100882,107921
86781,99777,101908,109229
62767,102884,106970,108839
29303,33240,34364,35366,96362,100290,104756,107798
31653,104430,104686,104834
27923,31691,32825,47846,78669,102893,104568,107345
37135,69336,89305,100054,100144,103894
1058,1144,21924,24727,59483,67678,73151,100433,106802,107114
73130,105117,108270,108829
54769,101510,105804,106282
2752,61600,71164,99457,103655,107582
1183,102351,103444,106465,106865
353,2680,58935,74310,101775,102853,106936
104046,108040,108910
567,4110,44081,49273,99556,106998,108438
19733,50396,55334,71045,99864,103474,106781
13870,14255,25187,73425,75555,82575,98038,99488,100243,107917
34645,43595,102858,107465,108873
19614,23778,36188,40050,48416,59972,70762,100276,108145,108731
7954,24614,52600,53626,75321,81776,100516,102760,104939,105889
82132,82379,82779,88755,99831,106298,106676
13848,20069,22939,46745,57830,77183,102314,103160,105243
85452,102534,103553,104044
99470,104279,104281
5782,28175,34259,70300,80029,82152,101387,102852,106198,106996
100838,101974,108119
18012,25196,75170,93301,99695,104829,108667
29556,32462,47600,74199,90628,91578,103057,104980,106000,109318
104574,105901,107328
9111,36185,37804,46224,78077,104040,107208,107308
2849,35784,38743,62923,71213,99697,102965,105746
79822,86305,100360,104052,104420
3926,18946,48315,67525,102804,106822,107845
17998,30577,35967,42038,48400,64649,81798,105648,106447,107439
904,6817,24140,34906,38723,48250,70520,100339,100432,105561
105259,107117,108074
27556,37170,94513,101045,105947,108430
99416,99656,100092
8648,45873,52653,65939,94768,100869,101700,105643,107052
13741,47673,51733,56059,101239,101950,108083
981,15905,29206,82952,102672,104728,106231,106901
5706,52501,89578,101774,102809,107663
64320,100676,101811,102851
5853,33109,39446,49517,56219,76338,101314,101749,106666
7723,21999,40557,52198,68035,100319,100732,108997
13059,64806,99997,102635,103471
15787,48806,77649,90111,101826,103523,108968
3532,54970,62841,106862,107117,108512
37443,42343,63053,64229,65104,76381,83349,101593,103881,106338
15015,23502,24137,47497,63869,103528,104903,106973
99556,100527,105112
26386,102966,103222,105650
19169,60592,70319,101839,104947,107563
106151,106174,108889
20582,67863,99485,100579,103154,104163
33037,97924,99760,107626,109069
12976,21723,55796,79041,98845,101186,102740,107607
12242,31349,35182,59858,60897,88782,100085,103181,107249
50939,59864,69557,99420,101815,105880
39636,100038,102233,103474
2574,5114,104808,106992,109252
565,4565,11351,67041,70217,99750,100988,101609
28154,31643,47705,48826,69070,104389,105286,107664,109075
100246,102170,106146
21886,39938,41179,102132,103638,103906,105226,106951
54691,96069,102131,103205,105728
16716,31898,78123,99517,99687,107176
103543,108171,108485
5414,74817,101754,102113,102354
28546,59387,87918,103588,105185,105756
33516,39845,40915,73158,98450,102865,104459,105128
107410,107829,108787
9858,17706,17734,19658,54577,61103,68543,103216,103732,105709
11421,12832,20028,21009,29531,83194,89156,100040,104589,105964
99633,105708,107773
54245,75196,102159,102845,103173,105860
961,3021,51139,101141,104954,105259
100722,101691,104821
6109,19240,25064,55547,67584,71061,103405,103952,104095
54006,104712,104831,107985
6036,8620,58460,68748,77847,99999,100377,109305
60006,101596,103946,107754
45874,83114,104143,106316,108824
100621,104526,105663
35581,37912,40858,59637,60459,80403,102672,103268,103869
10433,22430,42398,44172,72285,72312,100831,103906,104985
3563,11791,32400,43874,54357,56116,74859,99479,107012,108676
30093,53797,61529,75349,90658,95877,101059,103868,107359
2271,7861,29560,34629,61817,68417,93600,99671,102857,107717
43282,74893,103548,104071,104477
2242,49138,60594,69944,71625,102502,104005,106702
12989,55589,70561,99903,101280,104514
101910,107499,109364
20917,27729,55575,60976,61496,76440,103817,106193,109202
103106,104779,106455
48899,63185,90606,97939,100574,105053,107892
22598,46633,66730,75054,89790,94264,102163,108128,108336
9755,24689,46635,71826,77652,89115,103687,105090,106703
101258,105564,106094
6955,9679,19497,28952,48629,61622,67958,103144,103438,107783
64626,105295,105773,106337
36268,47119,59301,66248,100003,100222,103867
99754,100385,101128
38159,59835,77978,103176,104926,105258
101853,102817,104188
103317,104589,107224
15173,23968,24987,36891,40287,74534,90540,100591,102555,108378
100694,106174,108794
106654,107470,109221
6863,23693,33021,48292,53418,64531,102309,109012,109314
18655,22739,47724,49911,57141,72548,72572,99671,106995,107347
8325,47014,56430,69015,86434,93068,100804,101288,102367
97617,100850,100864,102488
34861,101234,104680,104883,109103
72210,100392,100628,101642
37903,46895,64071,99592,100139,102437
1080,7369,52782,67140,85151,85810,100332,102855,104091,105325
5615,24338,42854,45732,53056,54219,102511,102809,103037
34421,36860,44500,103471,104052,104321
101117,106246,108652
28393,39756,44356,103201,105297,106235
103155,106863,109004
23081,29038,31514,47239,69854,83676,100517,108241,109099
103713,105483,105983
598,2776,42020,43123,72878,78385,100306,102440,109332
10823,81564,103375,103405,104950
8947,21311,22026,28103,48867,50574,51413,99948,104142,105964
32231,39906,47222,48234,49783,93624,100937,101464,107943
68660,96641,100677,105110,106787
12150,19807,29661,47278,87227,93068,99718,103905,107096
2946,15360,46913,87026,87154,89356,100372,104387,109367
23433,47267,48661,64712,64987,76651,99940,106284,106663,107029
30735,100290,105082,105463
99690,100743,105564
60112,88381,100180,100535,103423,109281
11223,15954,41245,75605,80751,83187,104690,105843,108577
9340,42721,58712,65311,86684,101615,106548,107604
87047,104476,108824,108953
26403,26526,87321,100290,103129,108408
13221,99623,102858,105323
4128,48160,51676,58453,77236,83368,102266,106682,107479,109204
11192,12958,47488,49917,57705,62018,101832,103970,105174
56148,62085,101179,102972,109104
1638,101237,103883,107971
78373,100766,102073,103141
51474,103937,104761,107927
100746,103820,105365
57894,102865,106982,107311
8237,14652,102569,104474,105409
938,27377,44635,51400,55888,100426,101014,102373,102726,108159
100278,104926,104947
21472,100533,106915,107813
60540,88672,100951,104744,106290
80825,100758,105881,106373
26810,65832,100599,103181,103287
18935,44683,56497,68665,79268,99981,101231,102763,107359
15215,41690,49001,71645,100241,105741,106318
105075,106091,107394
16514,40115,96973,98746,101964,102550,104039,104626
100368,108485,109189
101429,103026,107683
26133,31210,35661,52672,54176,56846,58926,102166,102853,105523
16023,29304,50484,69867,73946,83016,100481,107088,108381
3253,22422,24526,40076,52622,99017,103794,105596,105622
27319,36987,39775,84631,87042,101183,103682,106401
101794,105127,106289
2886,6106,41838,48095,57921,101466,103923,106627
102297,103297,104805
79524,103976,105747,106077
48931,53125,60873,102556,104419,106573
100213,104904,106181
65963,99695,108784,109281
40738,41618,69870,74241,78904,80499,85944,103754,104419,104978
8242,13118,71240,84322,99477,105286,106559
49105,104867,106832,107527
28097,34168,40848,56026,62415,69313,74816,100679,102485,106865
3368,25145,29143,39256,44725,87519,103366,104860,107830
19639,21038,101128,106163,107029,108873
6377,22991,24889,60152,73212,80235,81370,105915,107571,109285
678,34637,40877,60358,65385,103419,105761,108967
411,3725,3895,43872,55408,65618,89853,103582,106019,107378
100,1622,1646,30680,40423,70685,84682,100656,101357,101777
16628,31116,75882,98307,99831,100252,103176
13252,34718,38557,52955,76631,88160,104321,106019,107749
100582,103144,108009
2933,16319,86895,96880,102853,103752,108716
56899,81718,101845,105760,108236
32059,35603,38800,68879,80146,85244,99690,103011,108377
3679,99989,100215,108058
4740,10352,47988,72561,77928,86485,101338,102001,104371,104867
100697,101797,109121
31033,102602,106091,107692
40280,51327,62768,93311,105040,107326,108955
100431,103692,108272
106791,107609,107920
2105,16444,35531,71490,76949,86516,107818,107968,109127
965,85474,103323,104961,108322
99500,102071,107786
100301,105860,107245
66027,76115,77642,99608,104777,108286,108806
34984,52464,61946,72816,101880,105162,106726
32320,35570,77159,104067,109128,109346
27013,35709,49588,85938,103577,103695,106291
17568,22147,52678,55869,63995,78000,103312,105088,106524
14789,23697,57822,60794,61244,71716,89766,103296,106609,107061
5428,29265,41094,48044,79649,82147,103031,104046,107195
104058,105139,106659
2133,4620,25238,85392,95284,95809,100089,105588,108191
100429,100609,101348
5746,14311,44879,57889,61153,65424,99938,100739,103811
14341,78974,99932,100253,107286,107497,108629
101681,103473,107771
31683,33239,47414,68715,76611,77140,101062,102832,107238,108272
45643,79081,93504,99743,106159,107236
10798,25950,28445,31508,37918,71215,102225,103165,106649,107848
100559,101732,106463
2312,32121,53968,60904,105382,106645,108432
39198,100714,106142,106444
99809,101097,101171
103484,105275,107065
27401,54520,103568,105336,107268
1767,10054,13116,20302,43994,64029,100779,103162,104894
6722,44691,99690,101772,102170,108213
11986,17200,37388,45977,80284,101139,104245,108076
1080,10251,28371,36509,48012,82062,100079,100561,108049
8522,31025,45240,57700,104077,105569,106882
22057,23345,32132,34276,35130,70229,102862,104115,105112
9967,22106,71344,81477,101204,101289,108288
20839,56746,100591,104681,107659
100370,102989,108910
601,14444,101025,104491,107625
35834,44206,55936,62078,82508,100227,100275,103976,105075
7276,20656,43080,56444,70793,78896,87886,100621,105239,107472
100170,105309,108556
29197,80497,104764,106862,109209
62862,101359,105589,106549
6263,28709,42312,69483,91821,96994,105707,107464,108442
3255,25107,43428,63667,67972,104236,104756,107990
99599,101813,105745
100744,103049,108054
14473,16681,31285,48904,58195,65237,82216,106411,108164,109093
52053,105193,107215,107699
70662,88601,99762,102140,109198
3269,21133,26504,44776,66970,97788,101322,102328,104091
43301,66411,85866,103248,103776,105524
103645,107927,108606
100586,107645,107659
13918,30825,48695,73273,97551,100836,107166,109266
99692,104391,108157
101315,104609,108823
8039,8924,25581,52671,64075,101688,106234,108315
6957,24864,30495,39528,70230,101016,101606,106627
20868,52272,78263,99669,107717,108560
3136,18956,25529,46706,51115,88855,100087,100833,106106,106244
34254,60260,106764,108287,109255
7984,80633,100284,103000,107656,109290
3054,38250,48598,70750,99945,103420,106726
10124,18196,19566,21863,62813,100905,102066,105172,107390
21467,62355,99356,105778,106316,107466
15901,22238,70074,106537,106988,108439
6722,17633,29186,59579,72939,100429,100756,103076
100419,102453,109127
7884,25503,30726,35536,40862,75020,100574,104066,104985
12947,15232,15793,29772,46985,80763,101391,107810,109179
17549,20771,101183,103902,106312
40483,55847,99903,101329,106166
18871,38218,63175,65452,72479,80997,106573,107456,108764,109165
100941,101225,107631
45816,100431,102305,107354
16226,27798,67664,100715,101338,104659
1400,5465,18146,64845,94073,105692,107771,109163
102834,103114,105618
27393,61744,100216,103023,107254
22553,66908,100548,101151,103495,105042
100701,104121,109350
100474,101790,108513
2962,27292,27830,44829,100718,100983,104834
71837,99387,101613,105569,107975
106694,107107,108603
28952,31511,50184,80684,99914,103963,106102,108163
7790,14113,22952,37764,92109,102001,102924,104336
755,812,43790,48379,57233,101981,102964,106223
17618,30390,38908,47961,102454,104092,106401
16146,46999,60683,63939,67740,94666,100558,103297,109032
10787,11327,30222,57601,102269,103423,104475,105849
10273,41982,58987,60840,64834,66076,102377,107215,109048
82782,102344,106666,106900
66164,87643,102133,108083,108397
100117,108238,108409
8912,9044,12815,39968,69038,81224,103380,105075,107300
104516,105934,107520
26670,48179,99676,102496,104058
37956,88846,100977,107941,108832
87085,102385,102655,104453
73761,86333,96657,97091,101240,103257,106833
36504,99777,102662,103784,107779
102071,107031,108054
5996,16159,76594,100684,105264,108998
4314,90100,100988,101169,106066,109340
51371,66545,101403,102176,103772,108632
99709,102319,103248
1150,15258,44884,74802,104493,107915,109188
34443,57087,104522,105682,108704
58197,75259,100305,102886,108454
11151,40112,65009,69633,87329,100340,102392,107557,108562,108896
11057,25276,30413,41067,74742,88142,105221,106104,108883
32196,42084,63428,64359,81301,89226,94768,99754,100307,105063
15652,32890,96043,100662,106764,108352
37100,42633,54686,56121,94664,99358,101370,107242,108274,108336
28852,36066,46270,50382,51943,60100,71675,104125,108363,109340
43978,59010,105590,105835,106909
9870,13214,17717,24256,49469,72403,99484,101540,103178
75672,100544,105483,109361
5909,10776,24306,35003,58521,75097,88004,99466,107414,108806
30617,79635,80026,91133,97548,106840,107439,107844,108766
9349,11273,12104,25603,32646,98266,100629,100725,101481,109311
9275,78354,103108,105359,109232
31120,50563,64120,106998,107735,109033
34993,75293,86494,100873,102093,108318
25128,57709,72420,104371,106177,109029
102110,103268,107369
39889,41570,50140,77710,79618,106198,108664,109070
2695,12577,22341,24234,101202,106514,107629
27479,28847,93695,99999,106480,107803
17026,17920,57847,61784,67255,74274,100833,106468,107943
2266,42194,79908,104450,107311,107952,108630
102402,104153,106610
103009,105832,107774
100287,105459,106534
2261,8853,99504,105618,106383
10933,11355,17379,53181,61342,81380,100280,103962,106192,106321
41360,44668,74316,88626,100941,104011,104138
5293,77714,82127,94890,102886,103568,104766
8162,13793,32054,62232,74339,77738,99883,101143,102549,106459
34072,35233,54167,56336,100052,104119,109342
82382,87381,99760,103059,105391
99431,101448,106823
32636,50078,99725,100117,103393,107571
4759,31865,57527,69131,88402,99938,105232,107183
1588,36882,81594,81662,99882,101300,101360,107739
100613,103940,107428
5262,51636,90546,106142,107534,108748
29047,55035,77741,102277,108238,108260
49895,85154,100590,101492,103657,106795
34037,82300,84569,89011,101334,106743,109113
4286,21498,51729,104210,105472,107207,107938
37879,78968,103983,104728,106808
53109,100503,102170,102189
20158,53228,57301,102578,103120,104190
26068,28467,35686,73255,101910,104052,107564
101984,104860,105381
379,15607,22509,44922,55876,96933,101477,103717,108561,109154
100898,101320,107917
102083,102498,107224
42265,64635,75629,100156,101644,104362
11338,34538,39617,100143,101440,105112,108896
11436,14480,42208,56176,58585,71614,74616,99417,105384,107557
4183,72838,99661,100837,104009
8764,20217,61626,81775,104723,105150,108916
43802,48920,54424,108274,108485,109376
3178,15553,55785,100509,104505,105200,109248
11844,15499,26058,37253,39160,77135,100799,105081,105829,107731
100000,102238,102241
4860,15290,18282,39271,47243,102086,108318,108954
6856,24311,45040,77889,100845,102731,106789,107555,107687,107883
102143,105026,106564
14026,18897,26415,90088,103037,104407,105466
101941,102181,103117
42550,73833,81047,85005,100799,105653,106302,107535,108182
21907,24526,41562,43872,61256,66374,79443,105793,105943,108201
33379,44224,63881,73730,85470,95132,101942,104148,104602
14552,17684,19319,37291,72131,84968,87536,100905,106451,109292
29245,66604,88934,101218,103548,109114
22101,58493,74966,101053,106676,106682
5674,7465,12439,13626,14226,42847,82075,101786,103729,109344
103711,106312,108430
419,7496,20066,45727,49120,50750,100241,103247,105204,107439
27224,29819,47383,84090,102890,103372,105373,106857
26215,40921,47767,48452,80584,95568,99626,100281,102273,106834
22806,41210,48529,101346,105399,107524
8624,8777,12629,20232,23404,44901,49860,99864,101624,108427
9730,81690,103875,103940,109026
21483,25054,32456,49247,54825,64686,100719,101707,103972,108520
16327,23668,29083,33315,68109,76408,86852,104930,104982,105014
5507,9701,31990,83200,100607,103493,104863,105895
27791,37232,61283,85831,99541,104207,109176
19168,34730,41066,54182,56824,75130,99865,104527,105028
27829,101727,103444,109361
103488,108077,108794
20928,71113,87217,103754,105707,108434
84950,101936,102478,103297
13803,101482,104619,105126
25166,25659,27391,56650,72805,100172,109257,109264
100452,104388,106382
102983,106570,108344
3909,36626,46494,48180,69823,102628,102794,102886,106314
11807,25855,28693,49185,67965,70168,88274,101003,102844,104869
39286,68371,101915,105564,107888
13297,70148,79917,94742,99704,104277,104894,104936
37592,101168,102485,103891,108013
8082,31071,57261,100342,103317,104366,106516
104528,105063,105516
13008,49249,71129,80767,97222,100360,103121,106142
22463,23264,26502,45905,52524,65529,102009,107410,109361
5569,8262,18735,28092,36341,40822,99682,106604,108224
51746,102460,102561,105169
9177,33134,100926,102914,106376
3389,82540,88877,101702,103354,103717,107069
7549,22781,65412,70126,100143,104120,107857
10168,18659,26162,36229,37056,65795,103163,103784,105305,105359
100194,107119,108547
87441,105760,106757,106761
16913,60866,87847,103104,106497,109009
9122,59192,69459,76529,85756,97161,103075,105040,105088
45055,53116,70442,87851,107051,107621,108754
99592,101390,102078
35225,63137,79566,83926,101094,104059,104676
45629,55410,100848,107076,107308,108109
37998,83725,101239,102086,108632
2367,18725,20629,25459,41248,47578,74538,99803,100242,106397
4538,60199,101312,108315,108481
4475,6880,95742,100820,101053,102167
7502,8786,17540,55877,69101,102166,102380,103788
26732,55444,81758,88258,96153,101702,103185,105967,106789
28660,81897,101135,102201,104541
99536,104723,106103,107358
10260,30641,42668,60232,94689,96517,103156,104602,105262,105296
24148,57485,73267,105660,106134,109309
59818,71222,99534,103493,103868
46707,59957,87661,102582,103135,108471
46197,105756,106807,107497
44176,65545,86906,89402,102348,102591,103042
105084,108149,108659
100837,101261,103866
32227,78816,83602,87928,99404,100374,100564
12289,22279,33102,76216,99762,100817,102004
7070,7740,47307,48040,71897,87410,100432,101316,102593,108683
24402,48428,53993,87290,103250,104345,105653
103548,106094,107330
8846,50926,57435,99877,101450,102844
104112,104444,105844
99591,100227,108998,109110
6082,15148,20878,26110,57699,90193,93856,102066,103926,108635
10884,16444,35163,47207,50425,102414,105589,106604,108438
16149,95689,101882,101887,107892
60233,100592,108312,108578
2084,9207,16369,87264,88156,99924,106331,106574
18597,45604,56534,61577,86716,87275,100505,103920,107536
99764,106822,109106
9973,22841,27473,34795,74082,74322,79114,99895,101466,108440
67113,67799,93512,103794,105477,105703,107571
2673,11822,14042,20123,56664,83586,92614,102914,103373,106947
2723,12635,36355,37854,67136,100842,101493,102433,108020
32144,50617,71119,72858,100263,108553,109277
99675,101087,106119
15,4699,17590,55128,94638,103550,105472,106792
14065,36500,41319,101307,105709,107545
8010,59491,74761,87532,102163,102907,103841,104124
102493,103684,105045
73093,103883,106473,107834
28650,37901,43233,43517,70570,102437,102546,102673
15688,84208,101854,103330,104459
12026,21319,45152,52279,62606,103052,103812,104766,106082
26571,34696,34743,56082,64726,72730,101877,103156,105516
27168,73747,102497,103683,106246,107005
104939,106040,108366
5324,31572,31817,51480,65080,86940,92305,106662,107444,108955
100123,104566,105967
31671,40417,47273,49570,84618,100182,103569,104706
11661,11903,76052,101403,106129,108346
7078,23523,29735,41115,102943,106188,107934
1108,3879,5635,46249,53112,56564,100998,106534,108050
56644,99502,101207,107966
5119,26779,27229,32111,99404,102003,108010
4073,7146,10601,12340,44569,46966,73640,100744,102571,108160
82420,84151,100746,103095,105648
100755,102271,103376
28133,43512,63714,65080,67506,74624,100485,101372,106516
18313,30210,47894,93483,100073,101354,106934
21546,28778,43736,68690,79350,101077,104423,105850
103744,104056,108708
13994,47970,51512,73056,85075,102706,103703,105146,108096
60640,100859,102129,103809
4013,54307,79901,86005,100421,105793,107961
105346,108021,108727
68763,70063,80160,87300,100054,100928,102069
17273,27167,31853,53359,81168,83757,102862,106231,106532
2490,13801,45767,69182,72567,106261,107879,108659
26563,44135,100002,104491,108233
6154,9993,27249,100609,102488,105416
5968,23059,32286,60868,78123,95195,97506,101143,106338,107818
39381,48748,94511,102843,105785,106988
20342,29463,65090,102763,107111,107436
57652,79909,82327,104015,104416,107726
104342,104955,108604
5716,16925,17381,25490,36002,91099,94187,100192,104491,106364
101298,103482,109022
1901,99749,100002,103016,106459
51187,102884,105942,109357
11556,24904,47928,50959,60527,104345,106284,107830
99518,100151,103068
39980,52707,53909,103096,104188,108596
16101,60751,66938,68927,78246,100331,101228,107211,108194
19724,46096,66888,78579,79319,100951,101903,108142
921,2940,24923,34372,50927,81079,101598,105785,108902
48384,69107,99587,101151,102569,104756
3801,26253,44310,71050,71550,90421,102280,102775,103010,109078
76054,102128,103114,104442
35315,104263,107937,109369
205,9501,34211,67207,100113,102202,109377
4525,17995,45694,47265,80826,83131,88842,102283,107786,108431
48767,52059,68135,100766,103578,105353,106426,108948
106156,108703,108995
102850,105660,107199
100701,101772,102217
21168,29158,29953,62398,70347,81883,99696,107423,107666,108270
100228,100955,104072
14030,71056,101851,103679,108028
21912,31187,44609,72840,98328,101293,104880,105852
23247,37913,47716,54087,81160,82164,86291,104741,106000,108125
10900,36269,42234,101299,103004,107284
27961,65744,105366,107219,108083,108623
14146,17186,31933,75852,84054,99492,100340,103283,103674
23801,50629,67095,82158,89372,102007,105268,105955
12463,39868,44470,48722,60387,101355,104114,105355
9676,43586,62424,106693,107545,109126
38594,43018,60965,70626,72892,100448,105270,109083
40838,68616,83082,98940,99454,101359,101740
101354,106244,106933
9674,14957,31126,51682,74798,75452,104925,105179,108792
33252,51440,55527,65404,100599,101390,102956,108295
74525,103436,104606,108347
45142,46602,105254,108377,108722
1809,10126,21124,47461,83399,99999,103577,106171,107721
18519,21820,23093,44037,100038,103052,105717
101285,102343,102726
3422,18504,23962,45931,64515,100757,102889,104990
100319,101174,101271
793,6383,11983,31298,62519,75805,99166,100627,104903,105547
30799,52340,62901,83851,105967,106570,108906
15911,29163,34586,36279,42725,73654,81630,105229,105850,108862
10023,11117,13944,45457,54698,99865,101372,103803
100360,100532,104444
21484,24129,54733,91960,99966,102732,102807
2561,6585,11783,18409,51919,75887,101532,103990,104101,107846
101085,101694,102298
10003,29448,50815,52662,54135,100142,103171,108406
25085,43973,78035,102677,102761,103875
31095,99977,100022,100088
8948,18594,52354,64490,76859,101189,103163,104387
80716,99499,99867,100237,106050
16494,60249,66904,99988,104634,108981
104403,104612,108748
102814,103881,106726
4107,10388,55071,76597,96010,100512,108377,109221
42155,84435,102058,106786,108967
13327,67349,99633,99685,107861
55405,67939,99992,101001,101740
101394,102073,108835
31023,101735,102466,104860
105285,108203,108236
13735,20821,59599,84670,105179,105579,106931
97884,99405,104528,105595
5073,12821,77992,82647,100372,102409,107745
4615,32097,42752,56632,102361,104489,107416
104515,105399,107690
100695,104936,109122
99833,101519,102986
4385,25555,46344,103756,106596,108606
13005,23101,24363,40191,81740,102042,102288,102572
27708,60193,76784,100121,100833,109168
100099,100241,107293
100223,108924,109282
3003,32344,39247,73899,82901,92571,102711,104608,108660
18954,29515,101521,103714,104542
103563,103953,105717
12820,14997,25334,28610,48174,99598,104702,106737
1860,13104,39257,58152,100174,106204,107511
104947,106791,108738
3742,24264,30035,57758,95515,101505,103250,105707
99479,101992,107201
11040,17643,34745,75584,99731,106807,108474
99495,102620,105880
99749,105232,108238
21709,29841,54400,60652,68635,77163,99696,100161,104980
26495,64157,99994,105471,107818
99633,106572,107645
21780,32276,33634,47968,101288,103855,108182
101953,105495,109131
100170,102603,107722
28089,79331,101926,103351,107565
7923,9688,28150,28175,37235,47276,65533,105595,106641,107751
26047,37590,57739,84201,88754,101627,104693,107958
99580,107631,108748
38124,44310,61440,102204,105067,107315
13102,50577,51737,102157,103012,106898
13550,72938,77637,99695,100898,103096,108349
30326,104746,106193,106520
12800,14453,18236,54642,103154,104903,108372
106713,108013,108154
2406,13847,18326,41358,82364,83910,107140,107361,108063
378,16310,42843,52290,52485,85694,86237,101131,105929,108020
24761,25309,92566,99948,100659,105829,106717
6066,12015,20146,86472,101240,102561,107445
9743,76800,100543,100950,109248
4528,6911,19718,38856,83694,96934,103373,105308,107749,108757
12811,22216,26516,39805,47396,64376,102003,106907,107667
38392,64320,99998,104029,106934
2239,100941,101644,103365,103370
3021,11471,102049,102224,104641
89736,102180,105239,105352,106712
45692,50857,53222,102389,105346,107502,109118
15059,21673,38640,69019,78154,99508,102166,103705
22561,99702,101370,106189
11728,26421,63823,99971,100622,102857
12733,49337,70671,82169,102946,104371,105887
67394,88783,99431,106631,108226
3136,51644,61335,74936,90021,101209,105894,108624
102935,105173,105545
28997,46471,55624,99881,105273,106469
104731,105352,106236
72413,74344,99401,103799,105845
18910,31859,59082,72340,83334,101530,106557,107669
5975,75322,102763,104271,106261
45790,48002,49548,74116,84156,102764,104655,109010
5962,39597,52770,72720,73294,100692,102963,106836,107956
7351,105090,107428,108686
2969,12526,43709,57370,71006,90648,102556,105340,107775
56530,95716,100266,102225,104449
7126,9934,28279,50015,67882,86825,99831,100275,107108
10253,11593,12080,17604,29956,72166,99774,100489,102782
40834,102277,104795,108981
50678,79237,102178,106943,108022
19614,88023,100237,108008,109194
20212,23973,70018,89608,104764,107778,107878
29904,101878,103800,105735
54437,74776,81688,101180,105969,107254
99680,102203,102760
21602,31095,50626,61831,65286,96479,101304,101814,102060,109075
49597,100222,102242,103883
5688,56096,75926,102975,106887,107038
106026,106979,107951
3663,4922,46422,65596,77499,101894,103516,105140,106180
22763,60833,63545,86116,99850,100805,106077
58969,70681,84129,101448,102298,103934
32777,103220,108353,109268
56839,74582,85879,101811,106474,108504
7188,31641,50964,69126,71658,72463,99855,105919,106291
34512,80669,102510,105472,106218,106512
26114,36595,39345,71816,90233,103683,104845,104862,106902
4814,36623,60251,86944,96347,96867,100943,102081,102510,104190
10411,16789,43683,50869,73934,99951,100935,101188,102853,107419
15361,27406,37343,46598,59168,85479,93019,99525,102968,107707
36327,42717,63067,103286,107117,107845
49404,88651,102855,103474,107954
5334,46526,102319,104327,107212
1298,4461,35383,79024,83519,101217,102566,104741
21532,64786,87119,103687,104990,105295
6845,54352,100223,108589,108727
13156,103201,103636,104541
32008,41825,51088,72817,81857,81923,91894,100353,104232,108637
31959,50395,53169,53638,88539,99541,107662,108902,109018
2693,37350,67372,71459,85601,101086,106368,107529
1574,4355,77913,99488,103139,104430
6141,99504,104635,108119
6081,16815,48490,90202,102859,103331,106394
23680,35419,39815,50104,104278,106917,108040
18904,58893,82689,102613,103021,106925
3555,19067,45311,104790,105844,106017
15122,18477,105852,106091,108163
29566,63219,83011,105271,106255,106376,108198
86888,104066,104720,108125
29569,49816,63748,69578,82867,89141,100981,101790,108624
1549,48559,71865,74007,76377,103271,104925,106731
50192,101851,105676,107928
72364,106531,108703,109099
103190,106004,106808
101312,102712,107748
57740,66321,68292,83478,97232,101453,102681,103892
28048,60691,64498,85761,86946,95805,102202,107115,108037
3047,26639,37353,47428,66769,102716,106991,108286
32843,55133,65133,72140,91173,100344,102344,105451
13535,24333,27552,56386,56994,62527,99433,102178,108427
36723,40393,75806,99543,102235,106905
101354,106302,107357
22310,28244,79520,81249,99532,102585,102640
10674,85453,85926,99855,101511,104040
49949,99863,100518,106520
7350,66721,81555,102073,106192,107968
101902,104845,106899
18025,27960,49337,71681,94632,102914,103568,105745
25139,55081,76822,101372,106004,108482
9684,31158,78394,89608,104902,106880,108430
53532,70988,80902,101612,103880,105703
5814,101439,102361,102867
44793,71146,102484,103818,107377
1663,23304,28516,51059,75812,101121,102492,107076,107311
101880,104949,106306
77327,91095,100223,101119,107599
100157,106863,108264
100488,104670,109295
17713,55366,88132,99532,105961,106931
22500,34723,70453,77261,85308,102393,105282,108796
100096,107544,108347
10277,12901,22983,38979,55931,96054,101588,103247,106321
103283,106564,106802
52571,73188,99518,102067,108771
25992,29721,47735,52974,53006,73689,75038,100803,106364,108119
17789,21325,32811,45558,50897,101215,103106,103881,106176
21116,39047,46851,59718,66374,72258,85917,99675,103488,108448
12110,30341,76239,101310,104491,106641,108480
42014,45443,100069,100172,102672
14369,45174,54390,106609,108030,108766
22927,57625,86469,99598,107920,108269
3872,9186,24705,35542,77681,85939,86260,101533,108392,108556
20137,72430,97358,103521,104781,106119
64213,64407,74218,102775,103634,104695,105944
2227,25568,40589,67323,75595,93282,101612,101824,107952
46262,87652,101217,102545,104615
100100,106079,108405
45663,62816,93526,101911,105048,106841,107729
99772,101279,103221
1309,58307,72482,91360,100686,102492,108401
4735,100079,103784,105828,107476
101086,102619,106903
101304,105295,105524
102201,105913,107729
30521,107174,107550,108931
103645,108820,108866
102268,103118,108776
24259,41761,60639,63520,76899,87066,101124,102871,104278
3648,46057,54511,83051,87832,100341,104314,108480
20564,62418,100492,103261,104824
44639,100845,104820,107072
17938,52735,68012,101715,101859,104199
102853,103530,107207
15628,16657,17800,21896,29917,33498,83213,99945,103208,107578
878,30627,48998,101644,105715,107183
1219,4891,8009,25773,33546,66422,71754,105117,105843,109277
34729,39187,106302,107340,108174
8179,44071,57177,94910,101064,101499,101633
71728,80620,106110,106655,106933
11669,103433,104115,106682
104529,106118,107722
37361,38018,69175,87644,102455,105844,109095
20187,64271,84125,101859,102813,104231
10476,20149,30666,47582,91992,100559,102060,104321,108738
23270,53202,56612,70954,81480,87741,101385,102716,108362
10203,10434,65964,71715,84927,100296,103482,108916
26526,67398,69762,77207,80663,100836,103234,107701
100479,103568,104423
99911,104498,107163
61455,104031,104449,106938
9842,22022,43571,43624,55046,71157,92966,100242,102768,108997
100537,102455,104165
17185,105409,107560,108258
19406,35501,63334,69972,70379,74527,100045,103482,105894
71156,100257,104834,105895
100533,105715,105942
22676,65639,81256,81578,100044,100869,104962
843,8583,25563,29136,40431,61058,99385,107308,108322,108875
29561,48425,57663,58119,77319,100512,101175,102688,105417
90728,101139,103668,104532
100003,104824,105324
46574,93752,101288,106131,108480
37388,50527,101212,101798,102150,105149
16863,25187,40915,41696,69230,100745,101334,103296
39809,62552,99603,104783,105040
56704,65836,102917,105835,109293
73077,102717,103187,106189
17137,99446,100143,105734
27101,77877,84157,84428,88311,102485,105007,109172
20780,24036,33282,50404,68787,88644,100737,103312,104689
2748,39999,61093,101700,101895,102231
25754,29770,105709,108194,108922
10079,12291,62587,65523,75799,84208,99720,103062,104213
27557,83375,104163,106182,107196
9679,38639,83992,103418,103625,108953
11238,52811,106424,108206,108606
34052,41956,52532,63975,100237,101600,101826
22820,23621,60014,69198,74775,81800,99430,104088,108215
102685,104256,108191
11744,12868,55735,58278,60081,99547,101126,105524,106474
44932,82864,102286,106843,108635
13055,60050,99206,103721,105561,106068
5940,53151,62925,68948,102728,104242,107045
8720,9199,14418,32291,42894,44329,102135,107891,108265
13048,17025,17665,24620,38210,79017,85574,101205,102723,108616
29585,102175,104557,108450
28132,98323,101206,101648,105790
58580,70796,95505,100013,101561,105932
43279,101207,103588,107496
100568,102844,107985
3057,8037,45363,71891,83200,99647,106453,107645
16685,37894,65740,70528,88703,103065,104870,107783
30955,42780,104374,106817,107720
25288,31400,62578,65614,83125,100353,102043,106491,106706
15205,25699,45243,53310,75264,77881,99690,100449,100941,104990
102329,105628,108819
81276,87264,99948,102711,103833
32701,35374,37096,48956,59968,100194,101750,106538
56712,62137,82710,100340,101267,104055
34575,52252,62167,103976,104113,107210
2385,22410,53559,81020,82329,102842,104366,109043
107039,107171,108784
28918,36882,57821,66165,69899,100167,102956,105635
1904,11400,11769,20262,68921,78499,101560,101964,103434
1288,18397,50280,56642,70317,71640,74914,102997,103680,104792
27911,33259,60970,100845,101220,104280
23476,26150,28424,28541,61414,105941,106682,107812
43989,74475,85760,102723,108265,108665
3194,43625,46318,54127,81294,81530,104686,106360,107681,107717
44375,69917,74861,86018,93309,100979,105269,106683
32147,100565,104733,106636,109121
23401,32168,46689,48178,105875,106555,108653
5570,59156,79914,88404,98802,103188,103474,103588
101106,105309,108726
17965,48344,48591,73720,100045,100926,106645
69525,99655,100837,101215
58877,84906,104055,104733,105226
55142,89717,102371,104965,107592
107186,107601,109206
99997,105587,106609
12696,16259,61156,69624,78524,97579,100107,103315,107098
3965,6082,16195,24224,39773,76289,105082,106146,108058
103717,106476,108468,109292
2279,21562,23402,94574,102820,106902,107783
7577,13999,17002,25003,39590,60587,77422,100678,101390,104306
13551,15497,29648,29727,36222,61896,101745,102053,103599,106764
62813,68362,100246,101334,105579
28888,30327,31272,35578,52366,63033,104804,105842,109291
39684,54221,64444,106314,106750,108076
3434,30150,32860,36365,48544,62725,103294,105456,106337
20139,26015,44904,49513,101408,103163,106448,108738
17328,25147,29914,36420,41544,99535,104897,105634
8079,15115,57435,58842,67726,83148,107021,107215,108481
20703,20787,48821,61610,83387,100629,103156,104399,107762
34469,102577,105141,107692
4532,46978,62350,71732,73427,84409,93823,103758,104163,107906
27424,73405,79311,99005,99794,100443,103247
36725,42919,65062,70566,73977,102487,105869,107748
9904,17244,38939,68924,75906,91605,100889,101539,102343,107130
103187,106465,106807
23176,42067,43486,60706,65308,78316,80831,101581,102784,106463
14105,15507,72360,78724,80320,93918,105594,107694,107730
101697,104629,105746
28352,51313,70878,74064,100779,102852,105880
99518,100503,104373
102220,103255,103557
24768,39512,63497,67519,69118,70911,85258,105013,109157,109268
557,12562,21668,53171,53607,74038,77487,100388,102983,109054
54791,101202,105154,107640
102286,102566,105989
9170,10563,10762,26146,32229,69748,87929,102655,105676,108577
57563,84541,101685,101728,104612
28462,99763,102556,106609
45918,102028,104738,108160
103062,103685,104656
17465,22124,24243,32470,51554,61677,64176,105756,106282,108316
89221,101767,106522,108336
7002,18801,30229,61747,76511,80002,101894,103057,105989
44798,64679,80781,91783,103801,104028,105494
100034,102148,106400
21026,100144,107774,108835
74331,78918,102066,104095,106832
106991,107354,108006
5009,11563,46966,67440,80990,97955,99719,104916,107357
41419,91985,99624,107542,108347
6090,20388,20444,100124,102522,109074
18721,64796,74300,77392,83003,92989,101268,106670,107566
13950,33486,60570,99839,101574,102825
100823,106634,109093
31994,54113,101707,108223,108269
739,42613,106875,107387,108197
104404,106455,108389
99559,99692,103366
99830,101149,104043
42976,49932,56487,79167,100706,102725,104872
4200,5444,30602,75325,100838,105545,107676,107985
100881,103243,103902
4896,6366,6856,16374,28232,35852,99428,101329,104805
1280,13129,23228,79537,82980,85008,100341,100628,102246,107971
10526,57926,93280,105638,108034,108325,109022
13106,19987,36926,41137,56703,79499,92196,104681,106996,108434
25372,33434,43504,101708,102224,104434
10905,100143,108283,109175
64159,103517,104423,107584
24411,92238,101875,104419,106212,106368,107130,107496
273,17356,31458,59718,77539,81026,87513,107812,108442,108856
38097,103799,103919,108861
103884,105353,107050
8386,41778,68758,85633,101393,101649,103649,108077
34719,68510,100582,101895,104397
29068,30149,41243,45877,77214,82510,104739,105973,107115
2876,47738,71210,99793,103577,106765,108425
27053,69062,84067,85314,99836,102385,105479
101203,104981,106884
12044,24593,27759,47992,98166,102963,103820,105226
28861,91389,100496,108295,109204
54903,59209,60691,99619,102880,103716,106349
35643,43630,74237,83522,84067,100113,100933,102672,103509
1992,4544,28009,37740,48578,64837,100065,104919,109303
5288,21692,25153,62491,64213,99431,100581,106879
1206,8906,12175,20285,92587,101209,103644,104215,104239,106754
6000,23285,23696,38568,40205,44719,94374,102220,104863,107446
6007,36312,47268,102831,103641,106106
5559,81141,103323,103336,105703
23607,65808,103817,105544,109288
88967,99947,102652,104236
14733,16290,20266,21449,35998,58696,84116,102826,104744,106701
14226,28870,56154,62058,80973,86405,103610,103784,107322
47805,99994,106355,107606
25008,58587,60321,96014,101366,103185,104122,107803
20627,102681,105802,108583
3051,3423,10496,22228,24843,102904,104192,106235
52500,69532,87691,102723,103054,105189,108339
18048,38066,85597,88878,100052,101015,103190
79520,79925,102348,106554,108009
19892,48883,102220,102593,105420
24097,24596,28505,63682,67896,101506,108534,109377
5638,36248,37744,50113,67169,71327,73200,102653,103934,108790
21111,37810,101777,104493,105174
1746,1922,38113,100391,101839,103358
2271,5467,29408,48786,60329,93149,103650,105606,106049,108407
25031,39811,42548,63361,66072,74869,87292,103296,103514,106823
104306,108113,108319
30753,48538,75664,103959,107513,108861
76090,99692,105746,107548
73871,104438,106633,108788
23343,52410,73078,74750,100034,102505,107203
11486,27383,36950,70049,72010,101832,103223,106269
40756,54225,81602,104962,107603,108097
12313,29930,106507,106907,107807
103551,103936,104875
13066,26816,80037,100172,105647,109196
17175,63461,88468,101346,102849,106370
99594,101735,107419
1079,14611,100864,101606,107294
100275,102523,104135
25226,27846,56019,64192,104290,104479,106547
24249,27579,62974,89841,104430,105103,108494
3985,7304,11546,41417,44269,72449,87380,101562,101777,103880
24216,45817,100549,105494,108217
3000,28534,67170,75956,93440,99817,101897,107153,107961
8761,15651,22995,74853,106316,108261,109367
521,20714,21484,25075,39100,100886,101258,105844,107743
73955,100903,101740,104606
27450,34320,40489,68248,78113,103713,108283,109260
9771,37163,76632,102110,103000,107609
2669,21019,23504,66225,72974,82341,104713,105112,107386
12970,14857,32489,53971,85991,89282,100412,103869,105055,106672
100848,103684,106657
2913,13717,20984,41616,66687,69404,100654,101387,103011
35720,37229,99990,107439,107590
9404,36285,60586,76980,101364,102695,108999
99688,108179,109147
19910,85397,103120,103370,107447
1391,8064,38404,81041,84768,104410,105913,106151,107848
2836,9047,69919,99928,105229,106781,108265
40524,43983,46987,52391,70360,89799,100892,102612,107548
99602,101209,107347
48621,60332,68171,72803,90440,101589,106665,108896
24375,45002,61380,89274,100614,103117,107474
45995,63182,70975,88839,99868,103158,107350,107915
14594,15432,16468,42645,44225,52986,69711,100846,103581,106534
2449,46166,59234,68437,100996,101539,106938
6013,56040,89567,98657,102293,107643,108896
20228,21386,23880,103691,104781,109103
39661,40163,50323,86221,86840,100992,102020,109295
99717,101209,102688
105293,108468,108470
10320,11955,13252,18123,29721,102780,105606,108233
36274,37197,74145,78931,79618,104929,105286,106310
100776,105402,106459
15929,80514,103673,104047,106663
48870,67943,103488,108465,108896
24022,37872,52887,66964,99997,100345,101520
102980,104239,108319
5691,17770,18789,52211,55005,59295,102249,102718,106288,108504
147,50922,52379,69262,101315,103941,105359
8177,9077,42754,61606,63133,87645,105721,109248,109314
49175,54070,86402,102656,103712,109330
33397,51467,63852,98857,102547,104531,107020,107552
19371,48118,89229,99757,99867,105444
99648,102632,106996
17117,79461,104133,105081,105678
3732,16124,26817,33746,101015,107546,109369
100109,100124,106298
4626,63294,105779,106103,108387
15749,41621,48832,56061,63006,86738,105055,107030,108402
59471,79164,100950,102001,103328
9530,12939,20900,39283,102113,102127,103456
5148,15096,15266,19078,25685,46068,72414,100453,102028,106332
17879,34670,55824,59006,70467,70508,100815,102235,107516
17311,26099,40882,50066,54011,62202,86926,100257,104559,108683
77724,102327,103152,106298
99599,103941,104290
43188,56482,100109,100238,100532
101090,108479,109078
5208,53350,103370,104427,105822
10439,35422,47728,74846,101204,101561,103348,105979
24591,30777,70878,96381,100242,105226,106929
99938,100846,104129,107472,108359
101703,106666,108181
103567,107615,108204
108270,108573,109074
36601,40595,102013,107661,108468
25810,34691,87766,103446,106009,108442
26410,77362,83295,89945,101476,102001,105486
30054,46643,50942,61446,67520,72481,99467,102282,103681,107479
100344,101931,104766
1658,10273,12039,17218,58934,95360,99867,104474,104644
4457,35450,88582,99489,107284,109373
58489,101019,101879,107185
19816,47014,47767,79808,106239,106451,106556,109349
16020,31853,39059,61931,69948,80454,87968,99433,103548,108155
21798,30417,39951,41842,69953,71925,85468,106713,107773,108816
99540,101691,101915
106502,106831,108336
25026,29677,35739,36424,85968,101336,102898,103238
46956,100344,104059,106922
5627,17613,50672,99639,100581,102309
101111,105169,108629
53019,57514,70971,99499,100781,101897
41618,49681,78262,81640,99479,100353,105883
23874,66913,69065,77100,103061,106779,108282
1649,54718,83164,100479,102843,105248
8958,14188,19793,32818,47782,66108,101562,106680,106946
8208,102839,103526,108321,108731
41669,67155,100112,103283,105908
4052,65167,83915,86870,101086,102858,105735,108738
54166,99535,104940,107161
35444,79186,100257,101091,105420,107043
82677,103788,106843,107175
12771,21872,39805,58267,100917,108873,109130
13141,26254,30107,62943,64119,68071,76705,100549,103082,106312
83426,100837,104540,105819
100699,104395,104995
102480,107585,108264
52888,65140,85533,101124,103297,106995,107195,108167
4440,6989,20881,35670,62144,79448,99992,104906,104983
44544,48742,55074,99971,100104,102577
8178,44472,69862,101995,104786,106703
22285,48991,96914,100792,105590,107987
5826,60551,103765,106535,106561,108669
32700,101798,103685,107488
55361,55608,55786,100243,105493,107743
24430,101949,103814,108482
4558,20256,22919,49749,56078,77406,89749,105519,107630,108168
18088,29877,32715,77605,94456,101178,102073,108054,109346
102305,103620,105572
26453,103572,107154,109147
6150,12766,69840,101111,102085,104754
17147,19487,24274,58313,61886,86294,95392,104361,104612,106187
13316,27890,36182,41125,44440,49845,87735,99719,101218,106580
19960,58753,60973,85815,94727,106497,106897,107129,107782
7399,27073,42177,45741,68546,83232,96360,101161,101653,101875
29789,33056,37434,38849,78136,81309,104573,105472,107272,109209
30236,31762,32839,100565,103089,106840
100331,100988,105987
41091,49102,78914,102066,103899,107281
47713,53565,55100,61910,100641,103867,106750,107735
17007,32828,59195,80296,99622,100948,100961
46435,101098,101410,109354
12889,48911,53284,92526,104240,108866,109364
5544,101304,106188,109030
5998,74421,93169,95669,100340,108151,108358
97711,100201,100723,104431
99773,100562,103756
47135,61425,103670,106740,107389
102089,104761,106489
100336,104732,109130
5703,28330,99836,100478,106339
25954,86164,102003,104790,105628
15137,33906,72291,101922,103072,109249
103208,103995,106132
26851,60630,66804,72366,100907,104371,108520
1864,16833,53285,79799,81830,105007,106117,107908
37300,45063,103779,104520,105708,106247,107938
21586,101585,104713,105915
29123,100148,103509,108883
86790,99628,105119,105406,108321
7860,10554,71266,73327,95865,99964,101514,101602
102553,105442,107607
14977,30825,50106,51430,86960,95051,103136,106631,107972
50093,78575,100768,101715,108215
45892,48485,49504,52653,100778,100935,103104,103728
43760,99729,102019,106613
13807,29755,40640,45799,54061,61760,102999,103480,103728
106948,107848,107954
37027,37253,46294,99479,100989,105254
6298,30750,30922,79123,100292,101044,103645,105741
103570,103644,108160
40502,102135,103959,107731
104397,106322,107439
101606,103065,104689
100449,104891,105519
37810,43374,62789,100388,101783,102638,106019
2242,5954,27055,50522,87210,101988,103057,103144
26013,101544,105759,107509
8887,15160,19496,34773,48667,67125,67933,104188,106907,108420
2176,21398,52994,57302,61021,74149,95285,102774,107398,108896
46398,101783,102618,105786
6422,93151,99613,106163,108905
12263,101529,105081,105653
5202,22538,23893,31989,74779,79132,100591,103138,103185,103329
43742,100452,107384,107389
5871,17145,21350,47088,105959,106117,107593
46502,106697,107038,107862
4140,5667,25902,27626,37267,57882,102020,104443,106711
2139,35775,37689,44502,59127,85493,95122,100763,103614,107349
48722,107987,107988,108573
6464,44444,57293,85850,99833,105082,109260
25931,42744,55926,68010,79093,83010,95070,99470,99544,107257
3118,43229,47549,68052,78226,103748,108232,108553
14890,32269,50611,99443,102843,103471
19507,71473,105529,108083,108873
8606,99941,103841,104137
100970,103384,107919
63057,87059,100653,103009,108695
61002,101961,103531,108574
2045,22361,31981,35341,65997,72832,84304,104052,106608,106865
2927,41826,58388,77349,83246,95268,100443,101453,102257,108925
4612,20356,31874,105645,108557,109364
9738,20743,27074,42394,64922,68472,100419,103586,103765
73855,102831,104091,104860,105915
8257,52262,87102,104451,104682,106000
10293,45135,87754,101877,102159,103850
99459,100552,102389
37781,38908,55840,71936,74953,100392,105321,105602,108261
24226,47040,68236,74693,100895,101475,108690
24944,26294,82452,83676,103894,104942,108683
103,17872,43673,70568,85365,90662,102091,102983,106169
17203,60431,71240,75195,75879,85411,90132,99543,100442,107030
23088,105663,106000,107428
100516,102314,106284
16747,31820,41155,63579,68568,71177,100044,100629,104612,106843
11020,36949,46021,46399,66274,102632,102671,103805,105524
8311,33645,41805,100517,101475,104515
15735,18758,63667,66543,105420,107159,108384
102531,107497,107602
8227,14638,26789,33193,38433,50467,99623,105004,105257,107600
7146,9932,21442,22514,24106,52670,102394,107293,108030
5977,32000,50743,55936,61151,66698,75588,100478,106783,107573
18814,50538,52823,61830,89929,102029,104260,106747
17116,24503,43244,80939,83413,101359,105908,106055
28157,44082,62952,100035,101476,104287,108217
101014,103188,106676
18755,20710,43534,76321,87483,101658,101992,105594
28951,104656,105914,106925
7123,10256,24294,79983,87273,90349,101449,103914,105317,108037
100582,104837,107876
30641,46749,99955,102590,103186
107199,107794,108058
2733,99918,105590,109252
8263,45389,99816,100067,103113
41197,59214,99977,101974,108660
5953,22549,23286,25843,32490,100937,102119,108474
19876,23816,46543,54462,102556,105420,109213
14903,17255,31985,36665,71315,77265,100305,102404,102869,107323
3540,18654,31807,64086,74880,79735,83520,106123,108191,108821
957,101627,104985,106603
5929,17339,52762,101886,103528,105724,108010
72560,102729,107322,107420
26859,33124,41464,50224,53745,83450,104977,107748,108853
105594,106198,106282
27446,72538,99852,102831,106810
102495,102507,108315
3489,99517,104351,105687
23468,49373,51898,52730,61508,64244,103923,104044,104911
104349,105985,107958
57620,82977,103433,107376,107958
58805,100627,101139,104124
104003,104117,108009
99821,102366,108681
101388,105724,107771
5496,13604,27547,34284,49058,100409,102492,107159
68313,78933,88747,96923,104795,107371,107665
6278,17127,27391,31718,56687,69184,72535,100051,102460,108637
10315,18520,53217,100506,105793,106748,107513
7945,25019,70517,84074,86918,102854,103128,106516,107012
101166,101995,104831
104133,106891,108948
2089,30709,48416,69908,80541,84627,93702,100694,105330,106713
2011,25661,28072,41727,48058,52688,61837,106318,106857,108226
25663,100287,101510,102278
11313,31135,66099,66224,100184,102782,104035,104588
10378,100766,103585,106332
10635,36754,87158,100366,102375,109312
37460,100055,104724,107522
58059,62911,87209,96324,99458,104967,105390,107226
32942,38870,100674,101514,107367
5871,14540,15461,63193,102692,104009,104092
34133,46892,55829,58271,68371,80275,87193,101782,101993,106396
27478,45841,51468,51925,61620,94080,101117,102166,105282,107950
102000,105778,107608
2416,9097,27940,99896,101516,108823
52000,60836,86926,100276,100710,100776,105463,106106
101112,105371,105858
13320,16770,16773,42601,66435,79073,100232,102964,104858
99878,100805,107928
2060,101921,105305,108924
44310,58072,82575,107143,107198,108756
25837,49885,81201,105251,105268,106778
12148,20725,26661,36100,47731,99608,100890,104077,108165
4344,16452,19552,30821,33761,88899,101710,104708,106309
21926,46694,78561,81907,102421,102637,103745
17860,31043,101392,105310,105850
12442,21704,23689,61184,64694,78490,101457,104849,108074
102566,104131,109271
37600,61546,99997,108471,109022
101946,103064,105179
102581,107789,109024
9663,100682,101034,105589
101533,106795,108006
5756,31886,36909,99808,102813,105193
2320,53060,100951,103444,108557
14988,64522,92418,102095,102167,105365
10671,36870,53007,103713,104463,109346
105472,105688,108308
52501,64715,70626,84735,103161,108733,108954
39364,49888,51054,95717,101097,105589,106397
100527,102171,102570
7118,13827,15416,17478,31978,44527,59899,99830,102274,107958
5327,22199,47643,54884,86419,88096,98792,102257,104602,104859
6056,75226,101780,102561,108298
25446,30209,39173,48978,52164,102179,106187,108642
102476,105869,106566
102189,102582,104674
25005,37987,60941,106280,106649,108190
44970,99387,100671,102388
101702,106497,108406
57049,88502,99696,102862,108260
71241,88404,100826,101594,104935,108601
101508,103775,106312
62197,83691,101774,102087,104891
101360,102227,108146
2423,10701,16624,30451,31839,63797,93845,100479,106190,107791
100262,100788,102238
18221,18319,101813,102805,103841
5357,28977,51238,53058,101806,103972,106725,108806
12712,36990,52217,67785,82203,100127,101962,107008
5458,29599,32790,45259,48778,52659,54067,100895,105633,107384
103132,103596,104602
34646,44997,62342,84395,91586,101044,105368,106938,107349
13979,40828,98987,100222,105293,106666
46533,61797,79403,101416,103475,109104
103867,106731,107423
55894,81214,101645,104687,105495
29884,45716,60240,61170,82631,102775,103664,108689
33321,60488,65377,101578,103120,103216
100868,104263,107272
180,82848,106421,107951,109069
284,38182,39212,58618,98542,98750,99647,101561,104756,108723
32217,33515,100997,106450,108463
100654,101076,106391
6329,59380,71494,73677,101648,102662,108619
102743,106748,108462
2494,15179,17171,44995,58216,99639,104937,105967,106711
95832,100174,102531,106050
100592,102603,106965
8347,57515,86016,99406,105537,107937
103031,105590,107421
104305,107761,107774
21069,36329,46812,53579,57611,57660,99628,102044,104082,106458
28126,49003,85775,101581,103542,108442
9770,29485,53231,100537,102204,102383
33543,52886,57107,96519,101390,101491,108664
45809,50232,101953,107659,109312
34486,48908,52153,79870,81131,100438,101448,108241
100685,102761,104831
11689,20165,26479,28772,38427,88930,104995,106726,107271
11560,27700,64268,100561,103574,107594
100819,108853,108906
9270,65848,87798,92410,102086,103837,105320,107545
1899,28164,100344,102140,102171
100385,101262,101902
102023,107681,108181
14462,99999,101992,102134
103153,105767,106715
66981,100034,108347,108396
22117,35525,71333,106142,106713,109078
36380,101284,104387,108390
37976,69285,70371,78982,85147,101388,104286,107127
24568,40859,83155,107111,107183,108393
24241,26424,54727,67429,68192,73230,100684,100732,101562,108485
101502,103229,108308
63408,86412,91225,100158,103202,104766
31003,101749,104441,107044
3266,44918,68028,80699,101982,104387,106197
30042,102115,104733,105361
100859,102760,107479
99557,101581,106169
8958,39875,104410,107933,108949
3126,12930,49758,72336,79846,83645,101961,103959,105310
13491,16836,44594,45867,77612,79750,99977,103680,105685,108910
6601,28397,40731,65426,66116,68005,76939,106122,107536,108632
50113,99743,102502,103758,106522
40795,68001,77346,80235,101296,102886,104747,109110
12286,35057,45672,52880,56954,76591,102124,102544,106451
16653,19038,34934,56148,71780,81682,102330,105440,108233
30132,53529,65344,65400,100339,100987,101149,105046
27045,38712,47934,77053,92476,101707,104732,108315
7506,11800,12970,53932,75860,82442,100641,103745,107384
4153,4983,11261,26894,49349,76035,86372,100000,104861,105899
15573,21484,29490,49044,52055,88301,104714,104777,105416
106395,107270,107394
5271,7178,14135,26870,77135,94241,100148,103606,104390
104052,104617,108368
23508,23709,37155,47652,103625,104977,108681
13660,34832,35382,59764,102051,103831,107702
51784,99899,100723,101610
24541,28289,91557,94146,99615,103005,106244,107305
37969,61212,65377,102871,108770,108821
2501,41681,77610,100694,104049,109260
101569,104119,107707
15704,32507,83233,84342,99836,100284,100619
4652,7502,19462,33074,54235,81159,100416,100871,101375,105947
99504,101025,102582
5511,66859,69820,82465,86512,91142,100107,101600,102549,107293
101660,101797,101906
15681,25366,62921,101992,106514,107871
106580,108094,108985
59537,70395,79037,99234,101993,103716,105849
47425,56461,60977,65999,100408,104374,108296
1026,26292,26704,38870,45409,95311,101342,103196,106275
4641,5729,26350,30614,70264,87644,106245,106757,108094,108140
20516,22004,23833,37598,67147,87706,88853,105429,106317,108764
3008,5221,26871,45640,69061,80004,98454,101758,101814,102858
78918,101335,108077,108596
10921,23828,41795,44724,55394,77496,79370,99850,106313,106666
37249,80931,84992,99007,103922,103978,104029
37154,44359,69975,94535,101680,108028,108323
16364,21253,23377,39379,57378,65597,99913,103796,105140
10533,19454,38957,45865,46394,52396,57225,101538,102351,106749
79747,86279,104629,107381,107750
34651,49347,73428,88666,91754,100293,101006,102033,106879
101045,101054,106564
32514,41432,56532,61073,102181,102620,102816
72299,74454,86657,102571,107921,108223
24803,39703,62970,77159,80763,102401,104641,105663
150,22194,31529,79750,103376,105904,109152
9294,37498,55711,62309,69415,86112,100803,104279,108594
43307,58072,76143,103588,105502,108316
7075,24330,47847,54602,69846,77304,106382,107219,109339
32994,37934,62120,66643,66743,75048,83859,100156,102565,108955
56715,94900,105718,108289,109099
76960,79104,99561,100366,104163,105844
40959,44559,53263,56858,73243,102112,102706,107892
9900,28135,52433,83542,103261,103775,105306
17233,63191,99739,101365,104515
56808,86704,100306,104655,105262
74666,77716,102898,103438,108058
85310,101366,103534,106062
53486,102071,103820,105321,108839
101813,104253,104324
101569,102034,104878
37905,42004,48255,60421,65759,75389,87481,101718,102066,107606
14872,44492,78467,83915,84212,99448,101896,107041
2357,2365,11109,15060,19518,64880,70630,100781,103831,104741
1567,20016,27409,84179,100118,106177,108820
101151,102670,102810
3253,27085,67467,98310,102699,104103,106447,106702
6362,24505,31295,100269,101355,108349
16061,17974,40431,57656,60986,104278,104515,108985
20527,45014,88606,105731,106786,108790
19230,26433,51681,84399,87587,90654,99836,102124,102619
3896,26950,44084,52645,57840,89419,102763,104092,105704
4657,11215,49611,84904,93090,100506,102708,108076
9153,54866,92189,100035,102562,105685
15841,42367,68642,101279,101342,102813
25019,100960,105230,108616
1293,4050,51185,59104,66069,100996,103724,107345
6387,8117,16010,27416,28883,103059,107712,107761
45881,100732,102457,108264
34437,34755,36027,59193,59999,96142,100828,103906,106701,107051
3521,44796,92539,102638,104031,104834
102685,103652,104373
24445,32155,38756,38860,51428,78241,99594,100970,106190
41711,100291,107584,108931
99872,102129,106931
103259,107591,108374,109074
1141,66638,68902,78963,83495,101477,103553,104383,105623
101507,103332,107692
18839,25063,28033,99489,105908,109143
67373,102366,108332,108442
102289,103617,106727
101405,103868,108405
39522,101100,102743,106404,108359
5514,72201,101149,101635,107555
103473,108153,109350
69431,102947,103352,107674
6225,13783,16718,24898,35908,68391,72540,104609,106432,108258
102096,102286,108969
103449,105426,107497
99803,102569,105241
3080,26040,42964,100040,106550,107705
13541,23935,29403,33019,37294,37416,41534,102351,103881,104199
105844,108364,108553
7079,35048,51779,90210,100360,106504,106778,107695
101520,105202,105461
102331,103526,107988
5634,8917,54393,72148,73001,100532,100800,101946
99483,100564,100662
102001,103279,103520
100882,103669,107057
16544,97159,102176,102253,105269
36671,41250,100737,103372,107793
27260,53185,53422,73666,89735,99796,105312,108113
29209,35577,87204,103007,103423,105023
101916,106584,106862
19630,33156,45933,46050,66547,76752,104728,108759,109311
26884,100408,101199,107968
102603,105394,109132
25629,40850,56256,65810,103097,106665,109209
100623,102078,107413
7699,86692,91549,103154,105934,107620
20050,40621,69343,99667,102966,106771
101268,102965,107961
4730,12455,23059,37119,77516,85024,100162,103675,107514
100035,105892,109340
25591,61015,62495,77183,102078,103737,105334
26914,27797,35636,52846,57730,100411,106899,106902
69145,85303,99454,107443,108151
33768,52181,71700,100475,103054,106402
7114,43357,47487,77742,100588,103513,103854,107604,108873
13979,106469,106856,107620
43788,102522,108085,108520
100102,101946,102180
28415,30685,70452,93843,102004,103557,106529
1498,1920,26991,83798,86315,104726,107598,108258
100614,104424,107603
100842,104125,105901
100605,105365,107129
37057,39633,103113,107455,107890
102446,104151,107611
99871,102376,104676
12678,30441,63735,65359,79544,103937,105225,107536
11421,12057,13949,43289,88399,99989,104584,105790,108550
6371,25829,57052,104766,107665,107748
43251,104502,108401,109026
3054,23270,59617,73716,101833,104009,104781,109121
34775,60727,72336,86379,99648,99911,108033
13938,27061,28564,35692,90785,97368,99592,104048,105989,106593
24184,26161,26557,45388,73777,73800,94086,100201,102556,106899
44044,47761,79992,93375,94839,103298,103521,105384
99788,102090,104433,107367
15809,31525,54221,68050,85887,104745,104831,107617
55316,102947,104362,106353
1856,34056,44009,50163,60479,64517,76505,102286,102764,105641
14139,20998,51788,58232,59248,67290,106395,106898,107333,107354
14129,21081,89684,100717,104031,107410
3470,23080,51379,60403,68577,87340,101680,102049,109252
2057,35216,40624,41848,63335,65767,90352,100263,102762,104676
978,15452,100144,103370,105262
17844,53726,80631,83441,100489,103133,107468
12428,33407,49439,55018,62466,82683,102852,103567,106355
100210,103884,104635
28221,44683,80944,100479,105216,106791
16181,20080,59117,69478,105151,106303,107098,108690
16462,37979,41074,65377,85266,95113,102480,102689,107361
10362,69574,104433,106303,108165
103706,103961,108010
52158,100452,101423,102446,105628
7114,45848,53837,105132,107720,108318
337,21180,32815,71583,104738,105394,107472,107897
7578,23701,41239,100425,102561,105128
11841,46681,66276,72921,77946,100374,101180,101969,103237,104967
100588,103504,105944
99382,103009,107500
53102,78857,100889,101150,104006
52147,83899,100867,103089,103527,109349
6004,20892,54467,71855,75632,101624,102367,105589
11519,21468,72092,75895,80052,92511,100623,100965,101924,103419
30135,38285,57483,82397,104896,105551,107345
100262,102280,107030
13935,35158,53822,72568,106392,106915,107921
19641,32182,49632,58333,64975,73118,76861,101363,102440,104812
58116,72028,102813,107695,109066
2693,5315,19283,77526,77533,106811,107895,109104
8850,27665,106236,106519,107077
60181,100186,103779,108786
83190,103405,104618,106580
9602,11610,30942,49093,52739,58237,67466,104557,105910,109130
15213,52998,90069,101703,106480,106964
95585,100604,104489,105564
18985,33490,103079,103855,105635
39527,54126,85295,102655,102758,104434
6444,16825,89480,102274,105245,108610
10354,64896,90502,105028,105272,107180
41340,48003,76333,90847,105673,105932,106187
100040,100865,107636
16491,43464,102805,103264,106682
42821,104125,106396,108731
13705,19007,20940,33276,45097,54559,88526,103096,106547,107034
8655,64959,70259,103634,103717,105606,107154
12349,35824,101572,107379,109019
47120,75309,101304,105417,107333
4985,11349,15510,23910,26564,27272,101961,103841,106439,108603
14881,18613,34130,59949,60534,65527,83147,100518,104410,107210
10883,15183,76494,91484,106182,106831,108012
102579,105048,108379
103710,106043,106326
66715,100209,104271,108690
4840,13046,15027,38536,45215,48849,50744,101772,103475,107390
11441,100475,100784,102640,103686
41914,83682,99656,103689,108244
43348,104980,105417,108325
103776,104477,106139
16109,51975,101388,101727,102570
12872,31810,44448,54537,61971,100588,103880,105058
746,5577,32123,85999,99443,100547,103685
61831,85438,98277,102288,104854,108086
26216,48213,73019,102472,102889,106899,106915
10580,100112,100968,109184
67190,87958,101148,107159,108409
53623,63402,66358,68733,104954,107061,109070
88519,92709,101259,102999,103755
4892,8796,57641,79952,81983,101662,107214,109001
102933,103713,108833
65461,100725,102380,102692
11805,21416,31555,79176,100805,103068,105664
59644,100523,105296,105312
25067,27192,34989,99484,102164,102246,107322
30093,33723,45090,54205,82898,104330,105866,108580
2690,4960,44760,99759,100035,107176
25953,50697,74397,77655,79453,80091,101021,102655,103356,107311
18048,26938,34573,43269,99044,101342,104808,105486
101186,103755,108823
16918,102023,104820,105495
100768,104702,108728
36920,42378,43251,101654,104330,108785
25332,88936,99470,103248,104808,108665
35043,36357,40355,47352,49655,78780,99623,103592,104333,105240
105337,107949,108831
38308,47215,54410,66834,97677,99772,107061,107514
26845,32032,35874,61155,63065,100595,107354,107846
100858,104689,108001
103686,107665,108997
52372,104779,105724,108560
11985,48010,102537,104059,107982,109377
103584,104269,104287
673,5487,7480,41224,87524,89070,99519,100034,109369
7024,103846,105306,105422
43599,68483,77871,105257,105831,106040
17380,48595,51148,59071,76966,81039,85197,100684,100979,107937
2745,65446,75415,82396,103009,104961,105191
9440,39304,45762,53883,54067,60167,101931,102395,104260
83914,102057,107045,107811
29777,82506,101532,107542,108236
20193,31434,48941,85432,105112,105402,109178
101231,103286,106702
102653,103040,106035
10276,21425,99688,100252,103788
101758,103683,104507
33413,102181,102354,105257
22653,35521,55337,55588,68824,80190,100435,102562,107676
99402,104949,105702
6344,10263,15054,53632,59315,92555,100924,101206,107384,107398
6965,42903,49891,51658,52994,74198,76435,101156,101235,106302
32165,68786,81041,99633,100148,106010
54963,58448,101589,105391,107101,107582,107775
102872,105197,107739
1942,44634,46191,76066,78145,105477,107848,108645
35687,71787,100041,103177,103622,107410
15213,42763,66196,101961,103285,109121
69917,102648,102898,103639
33613,94088,101765,102577,103683
4777,4958,18073,94845,99433,99676,103132,108917
1333,6135,6957,7811,33233,37649,62184,101782,103301,107315
47972,101415,102107,102487
15555,21275,25548,52655,59733,63936,102134,106050,107524,108655
99586,101342,108886
34344,36967,82841,99740,107268,109271
101235,102096,104017
36278,79330,82015,89268,102099,104524,109232
29296,73582,74153,101735,106717,107419
5892,14563,28264,37486,44461,59335,72329,106314,108370,109118
24838,48283,101703,103940,107982
32308,48482,70462,73062,76832,92362,94994,99496,108332,108823
31230,45050,46561,59659,72772,94565,96636,99406,104798,105903
848,27427,45543,50538,55192,71399,103244,105156,105579
28249,30677,36989,51947,65117,72297,102876,103320,103691
3190,100873,103894,107968,109354
62092,90824,101275,106680,107298
24254,61871,81176,102319,107227,108566
44939,102700,103009,107419
29637,42124,59963,90067,99730,105548,107676
99682,101403,103225
13646,33689,37414,44121,71773,100430,106104,106302
16225,16975,46720,54774,56260,64195,100140,104215,104687
17698,42560,86737,100562,105282,106171
80405,88098,99304,101497,102069,103898
9360,52514,73274,101212,105127,106239
4873,57748,71813,92049,101657,104615,106310
32743,72619,100562,102269,108257
3673,12749,14335,73751,84143,85427,91768,100999,102834,107779
100474,101846,109288
68800,99788,103214,106765
5555,18113,59400,70545,77985,81157,101427,102711,104416
28435,32448,41596,43945,52298,73165,102058,102080,103428
9310,55268,57198,60487,74847,104362,104449,105974,108566
102577,107117,107382
101189,105932,106757
102858,106852,106943
27991,35196,43190,61856,101823,104626,108401
32062,50368,74963,97670,100442,106895,107847
40429,75745,98344,100677,100955,101015,107965
3682,9100,23857,32986,50789,100483,101989,104280
947,23540,34899,45682,50468,56061,100662,107735,107813
11553,13248,28829,39421,76415,85968,104282,106370,109029
4570,19492,31884,34153,85103,101811,105391,107394,107439
32188,62567,64638,75749,85133,96143,97116,100970,103031,108613
26889,28874,36150,66586,73330,86336,99863,101090,107215
7386,23254,26574,36305,50853,71628,78129,99603,102602,107961
4304,18067,37638,76216,84569,100867,102476,106881
9805,58184,66728,80463,83918,95145,101971,102436,105382
48278,100556,101740,102793
30344,43808,44552,56148,100838,108165,108312
22989,86561,104305,106134,107131
303,2579,7373,62039,67417,80331,81919,101366,104287,105461
24256,25497,47739,60965,100213,106326,107181
7499,55811,95067,100412,105524,106596
100340,101984,103431
11410,77296,100722,105172,108356
32774,66960,84604,98873,101737,104012,106787
30333,32924,85127,106908,106995,108390
159,10065,87429,99421,102110,104419,106375
101103,105988,107735
26913,49421,62005,69325,77892,86226,87160,105105,108942,109232
1296,3671,11156,32171,97944,102815,104502,104577,108274
3763,14494,26808,66047,75925,99068,100170,102298,109288
2181,78012,79819,91484,105279,105457,106397
29303,45187,50882,74034,87230,87354,92511,102515,102809,102866
10575,10588,55496,77267,87496,103521,105326,107602
30012,75344,77447,93887,103322,103800,107019
16738,29645,56140,61918,63487,73296,86376,101922,105587,106991
101117,105354,107520
49247,49550,75102,99559,102623,104872
45955,87858,100677,102454,108332,108667
45628,56059,62742,72650,83013,83293,88830,100445,103059,106088
19895,38057,102453,107002,108203
161,74064,101530,102099,102181,105355,109010
34755,37471,44338,58689,75765,101198,103263,107345
25417,72559,106611,107722,107982,108277
7340,25417,25771,46003,61815,71427,99883,105620,106643,106911
25775,79816,94490,99024,102544,104071,104796
10700,34109,49166,95398,98880,99517,104567,105185,105262
25842,86092,101217,102184,102503
104720,105812,108076
5943,39903,40014,44494,77348,81265,99468,99483,103899,108278
7735,50957,104278,104654,106701
68079,72196,86001,101859,102433,107397
69838,99680,104240,104804
3024,33950,36182,59535,59903,69553,86782,101859,104477,105919
11418,27736,29675,41346,61769,65076,80097,100627,100855,106870
11800,71809,101979,104723,108179
100955,107468,107832
2933,20129,44364,78746,99833,101685,103645
19539,56477,62016,102067,103422,106747,107087
30916,33461,51642,101828,104504,107333,108191
11329,37379,100526,101149,108638
104540,106067,109318
2935,33898,104031,105156,107594
100252,104598,106615
23078,45621,57356,60839,61438,88126,101579,107113,107947,109143
25133,81258,100022,100355,104764
12318,19526,46313,58558,64582,92498,101745,106818,108336
22315,57209,78941,81109,82310,99015,101166,102178,102503
858,10606,37852,47304,80109,87178,101979,106754,108823
25098,38489,49867,51471,57473,86233,99895,104790,108359
2693,87568,105268,108159,109187
104761,104974,107947
102730,103853,104824
101225,104638,105754
102531,106055,107465
102943,103978,108358
31324,31885,36540,55163,77109,99871,101735,103906
8809,19087,42842,101616,102113,107950
11368,13433,19196,27460,48878,62320,76912,100820,101123,105901
104416,106035,107571
3584,15118,89023,95431,101857,102278,108638
100543,106507,106870
68170,102592,104009,104940
4008,27577,41824,59482,77545,82423,101450,104831,107379
101989,102224,103007
5406,11225,25623,59202,100928,102227,108823
278,25709,32196,71917,83181,85563,105759,106590,107621
1523,32795,39829,65712,68447,80200,99594,100600,100811,103655
17709,19628,37537,51538,65186,74446,76033,99581,100270,109028
3135,14293,18978,59990,71546,91160,94887,101512,106928,107301
100576,107931,109248
16796,52917,59671,62670,81900,99895,101532,103178
20369,34498,41762,77027,83747,85878,99559,99985,100831
50364,92329,103484,104612,107251
9402,27862,43810,46964,61269,100060,103428,103567,106363,108020
53802,57935,104164,106296,108345
20607,100485,101351,102478,105708
64267,102289,107699,108061
101868,102673,107271
23849,24619,34829,35295,89737,100426,100881,101359
3154,9904,42217,101856,102361,103397
23036,25627,33337,49301,65391,66154,82730,101054,106229,108564
100512,100826,105353
17707,25781,100678,108211,109373
100218,104612,105746
100035,102080,105031
2647,102345,104048,104210
103050,103683,109163
102275,103005,107326
22128,102383,103427,104763
10387,27219,101329,102640,103431
12111,21942,34065,42371,51295,64214,72878,100292,101941,108824
27700,29032,32723,50225,52575,65623,100710,102656,106234,109213
7674,65251,70019,100287,105023,105548
104390,104686,107397
6612,38760,58122,66215,99387,102515,104812,107968
46243,106947,108229,109179
17089,26219,36467,68261,74614,93148,95723,103956,105772,107196
47509,85837,104512,108198,108426
12675,13600,33556,37202,46843,101296,107446,107535
58258,69414,71893,87553,104192,108209,108556
7120,12096,66880,79636,86118,100762,103752,105866
31436,100483,101759,108998,109066
13658,39742,48575,50082,55577,55946,84343,104845,106905,107778
65166,66958,71943,86679,104603,107498,108562
23466,87791,96103,100630,101949,103430
82270,99692,99760,108543
100182,108856,109314
32827,69196,78873,100044,106778,107985
1289,35210,42690,102132,105901,107485
19089,85673,103214,105887,106119,107578
1251,22634,53986,87893,95509,103691,106765,107955
3658,8107,46746,85717,101225,101408,106486
32806,42719,84018,99809,101482,106222
2918,10535,25932,74054,85280,94460,102649,103572,104584
4038,28319,32688,84972,85909,99433,102621,105127,106004
27475,37205,78730,84380,100728,107978,108883
100215,101007,108910
10603,19896,32838,41590,65610,68109,75717,101477,106564,108006
2257,11338,18184,30896,40149,65167,72791,106311,106740,107466
65187,103795,104635,104937
103551,104726,105589
13916,32928,49589,69008,69165,86198,107021,107695,109010
102150,105653,107166
100460,104286,105495
100331,101653,103416
104615,107227,109014
12717,38046,52518,100104,101915,107472,107590
267,11420,13016,73591,103152,106722,107069
6214,18034,18900,38363,50267,60970,96485,100570,100582,107273
99829,105956,108202
77427,102027,103644,106459
12841,43428,73252,101823,104427,107967,108550
30599,38338,100360,100868,107972
102110,102732,106608
8928,21163,48628,51205,73849,102305,104407,106573
104322,104428,104986,106207
8442,69254,70792,89007,100000,102880,107099
17453,48337,99990,102935,107096
39776,100983,106151,108278
26793,62326,77344,83706,92114,98646,101448,107356,107664,108430
105040,105406,105914
51963,56769,72679,80396,94917,99924,100845,107947
25074,42557,52566,55149,56843,100969,106246,108449
8057,76380,98154,100827,105140,106579
66365,100965,103416,107088
16385,42020,49969,103011,107603,107853
101098,104129,107227
903,14896,16642,27136,99704,100135,103967
101449,106713,108198
38340,50257,81593,83352,85434,101581,102873,108094
45383,47301,52055,91651,103378,106622,107793
85269,106313,107425,109367
28268,34070,102330,106511,107453
100846,101732,103473,107949
101115,108326,109248
7095,10052,57787,78859,105238,108432,109267
101016,103414,106265
5682,8728,42726,57063,60852,78262,83960,100984,106591,109175
102048,103199,103695
17547,33433,35248,48598,85468,85997,96977,102830,105303,107917
32060,50563,56215,56985,87164,100210,101962,109376
92449,99762,102178,107975
856,7605,24780,38997,39250,45063,63345,100486,101651,105164
9578,25254,31627,42010,51206,54391,63323,102647,109283,109320
101687,101708,102261
22920,101940,103561,105933
100989,103673,104982
39859,99754,100331,103329
13572,56792,100014,100654,107653
99634,100014,102540
44952,68426,72814,84482,101545,106836,108980
42686,67015,74138,76413,80274,102330,108726,108831
41042,100859,102814,108449
7167,19323,27155,39605,49295,104401,105707,108723
41544,63993,100319,102879,103199,105967
101532,106118,107192
101972,103622,109152
8657,24510,45263,100786,102861,104979
100453,101262,106862
13711,100210,104746,105247
101258,103021,103758
100516,104427,104728
101280,102692,107751
29046,102497,104059,105248
5786,20336,65490,67085,69911,100412,101121,101895,101926
100604,102784,108368
99517,103295,105045
3334,22031,29844,30096,39065,61159,67164,101692,104011,105979
86957,101806,103589,105416
14429,37195,46301,72294,85044,94280,102271,104687,108699
22,9315,30637,30937,60682,100940,100970,105232
36519,100981,104845,105202
4149,15026,16229,57543,74547,96325,103176,105192,108683
50758,97845,101681,103248,104236
4175,28924,47642,64769,101231,106165,107143
100485,102828,103868
782,63524,102496,103728,103729
104114,105976,106322
17075,59839,60571,72247,78910,103622,106807,107881
19915,55545,75936,101615,102728,103738
19951,24247,25754,37967,44552,45008,105392,105853,106761,108916
3134,54386,82068,100227,100766,105308
103937,106314,107471
99508,103312,106654
24408,63932,77824,103323,105630,107046
1660,30419,50162,57414,72288,88733,99397,100372,103095,105660
12346,25808,44810,71437,71696,98499,102253,103283,104647
50506,99895,102946,105211
100568,103456,106765
3852,44190,101380,107031,108083
2497,38237,45278,62191,99543,100694,103799
19613,104659,107830,108784
103372,105413,108458
9379,51682,101782,104626,105979
104113,108389,109048
103634,104911,106839
10982,102134,102157,102727
36112,93745,99863,100850,101422
30865,32274,36883,40970,54865,89853,104438,105555,109376
85660,104043,106895,108075
12384,13026,40697,59011,69683,100537,103772,104399
9872,19751,48629,69240,103567,105337,107312
100060,104512,108455
11855,15942,26506,42195,43367,92590,102157,102975,106402
24340,36961,57873,82607,103384,106999,107195
101969,106663,109202
39973,45539,64207,99501,101312,102966,108088
36186,36596,86622,99269,106693,107236,108596
18205,20093,66627,73770,91541,99854,100341,103581,103766
99739,105793,107029
103668,104120,106841,108102
56603,100647,102327,103433,104962,105746,108892
4115,20036,34983,36823,48979,89703,99510,100526,100647
29752,99458,101828,105254
84960,104515,106155,106382
78594,87861,104804,106537,106883
101156,107659,109022
16021,83281,98676,104812,106448,107699
103902,104374,109253
43071,99881,106055,108479
12890,28289,57762,79420,106339,106522,108420
3699,57854,103184,103752,108564
11556,26314,40026,60506,85138,87478,102638,107701,108049
104071,107117,108234
99938,103079,106169
101859,103068,105269
101016,102131,107946
259,45577,52888,53339,64884,84052,100360,100609,105529
37612,44924,80334,86917,100465,102489,107783
107115,107773,108566
1082,5820,18180,23122,102169,104256,106649,107421
3263,19717,49379,65122,100953,105416,105741
3114,32065,63995,70744,96546,101740,103728,104573
107781,108120,108835
99549,100694,101661
101262,104219,109319
109,8218,58696,66994,73667,80600,87455,99431,103956,108061
47852,91897,100368,103430,105492,105735,107448
11463,39190,39747,46346,47264,70922,101209,101964,105366,107845
100340,106951,109290
12118,12342,15608,22534,48638,88623,101728,105577,106174
76029,98047,100489,100694,106579
100174,100688,107888
2345,2409,19162,39262,58595,61820,77782,100087,106550,107456
10922,21212,29886,77532,84270,99484,103771,108113,109294
100656,100757,106535
106682,108241,108963
20954,52733,53127,85962,101610,105042,107180
566,83478,100892,103285,105844
723,30621,42591,87510,99018,99835,101612,103405
34047,101811,105213,107268
7380,29569,45278,70218,82059,102072,107203,108258
11279,14140,19924,59700,81039,83127,100845,101805,104916
991,34206,45037,100605,101141,107227
8135,42238,42801,60790,63142,75197,78133,104005,104120,104909
22829,62967,74423,74927,84627,101098,102672,106564
25027,31404,47860,56201,97952,101344,101457,102491
17731,38879,48711,54629,64111,80472,90580,102446,103736,107181
30728,40683,63177,95654,102099,102732,106192
102998,103153,107630
12145,70025,86862,88205,90668,100475,103356,109187
2501,22849,44498,45807,52031,82154,100217,101332,102843
104388,106212,106783
38547,74920,85411,89351,100400,101813,108058
7687,9988,80222,80223,87294,88894,101578,104040,108318
100172,100629,107939,108355
9441,46683,71151,103174,105127,108513
50674,53762,58063,93695,99622,103649,105368
99928,105180,106917
11199,41627,100040,103405,108096
6518,30939,35314,38835,60694,71886,101338,101901,108145
102019,103961,106514
70044,85259,102395,104487,105787
2396,23754,23869,28817,57528,100104,100109,107161
8371,55006,106868,107018,107211
101289,106182,107117
7363,59357,72654,91314,103520,106822,106897
41223,43068,50147,60113,86290,101023,101750,108557
7432,9334,31849,35683,84173,105945,106296,108892
45086,58932,99556,100301,101284,105981
12989,31622,76667,103132,108596,109194
9603,12882,35546,39024,86467,99545,99785,105620,108351
26551,69476,100073,100378,108392
19906,22283,56685,57106,58158,76167,89008,106676,106915,108647
102097,102356,104904
2658,20438,31188,70553,71487,93169,96759,99763,108981,109278
5166,32062,37938,96888,105829,105899,106360,106925
29331,46225,70647,102134,103563,103762
10396,86112,89237,101811,104369,106929
50441,57214,70304,74129,99645,107555,108971
15431,102150,107371,108783
59221,106787,107047,108396
26632,35625,63043,92759,100928,106017,107699
966,10742,23873,74134,78893,101039,103709,105243,106988
5513,6357,39025,39535,49267,64254,69085,103341,104761,105706
914,17235,102912,104602,108444
99618,100144,100685
18533,39681,40947,57241,70771,70946,100089,100784,105590
101332,103691,105618
5918,62118,64507,64594,65597,71695,104155,104584,108319
13411,20254,42093,52783,77959,105146,106930,107552
14040,29987,99763,106662,107436
25617,63717,73908,103931,104113,104617,106134
102402,108233,109304
41049,98736,102852,102873,105761
80456,94943,100161,103716,104051
18672,100339,100803,101578
14397,70345,103526,106898,107254
101179,104099,106737
102227,103427,104571
38,12870,21577,53403,67142,101350,104693,106607
53708,94035,106347,107590,109339
34873,103456,103620,108902
4761,34434,66072,99791,106305,107008,108287
7535,17537,72452,89210,100342,102004,108352
84554,103366,108632,109204
20690,28124,100218,102686,108229
101826,103393,109099
103298,103480,105983,106907
37208,45166,76693,102437,104114,107238
2075,22247,25393,59718,61183,65128,82593,100112,102912,108819
14363,54658,99891,101880,102087
75192,77428,94960,99054,100558,106750,107895
20172,30362,55185,72804,75893,85385,86049,100695,103348,105263
2902,30944,33178,37406,54935,102964,106570,108861
32884,99809,101056,102499
2834,15807,25142,102980,105053,108480
99554,105169,106004
14429,19789,48325,51633,78405,79659,99834,102576,104345,104573
16717,28703,36012,58862,99948,102058,105886
40883,44690,79454,89830,99567,99757,108001
102628,103523,106178
11765,15616,18158,20066,53769,100707,100779,105352
45726,55468,60666,70473,82135,83182,100087,100766,105541
101399,105479,107971
42639,56660,57113,74253,99794,101116,103305
23745,65775,65817,73721,88920,101493,101587,108729
19317,105676,106833,108871
59360,99559,99995,105966
100170,102695,103732
11114,47598,59790,97039,100905,102619,103330
30300,45274,81295,93071,100678,100844,108873
23042,100132,105937,106865
19516,23596,28031,40494,45059,45076,58868,99541,101922,105902
18449,50259,55217,101545,103149,105000
2939,56168,100831,102502,108063
32369,39974,41008,103174,103681,104853,107560
78817,102809,103007,103755
28587,73104,75545,88887,91265,102253,103649,105735,105942
105874,106092,107029
27004,31782,32489,44493,68448,86272,104250,106224,107445
17067,21192,98705,99766,102396,108377
4869,24273,34841,57247,101107,108635,109030
10737,21063,100132,107210,109121
7732,33127,43578,82493,103766,106223,107448
3091,4383,9300,27507,43988,44681,55283,101521,102595,107143
100142,104886,107428
4435,4914,15635,69908,88612,104035,105273,107845
102013,107699,108835
17561,60004,68720,101054,105448,108669
3549,5472,10610,92341,95021,101879,102723,107382,107542
69870,92307,99945,100222,101907
103786,103805,106010
8394,101895,103940,105090
8821,9416,40847,54892,56318,70491,101248,108577,109206
29436,32757,59093,60369,61650,103818,107997,108562
19045,54598,73459,99787,104867,106463
18215,49259,61331,73341,102402,107087,108296
12704,35286,57618,66367,74417,85829,95720,104990,106291,106752
9246,32965,55453,99639,103940,109350
99944,101176,104796
38713,68807,99864,101203,104009,104609,107401
21099,34764,62024,101924,103863,104469,107979
28743,52406,66051,71091,95797,103238,106345,108462
426,27484,35726,57336,57575,68443,88992,101874,105548,109266
6691,21957,30855,33027,47749,86285,100121,106218,107625,107978
8685,25346,38574,45826,59691,71030,101877,102478,102689
104391,105547,106290,108608
38820,65271,67118,94699,99731,102315,103543
4518,57436,88406,101481,101638,106491
101644,103438,108008
100855,101735,107970
25875,44927,61117,73285,88345,101150,104098,109208
64267,101285,108287,108500
13744,49672,51712,55923,70990,99446,100983,102635
3879,102711,106175,107457
14186,15767,36482,42715,103914,106944,109361
37014,72312,103884,107721,108238
10842,26312,27114,44230,44747,79133,84150,102404,107890,108165
34306,43860,100293,101749,107379
89264,100697,103473,103684
102348,104588,104829
4243,11804,16033,84033,106299,107349,109320
35236,82978,89714,99729,99907,102784
101594,102223,102688
102402,105500,107615
46862,99477,99856,106900
48421,69520,81597,102731,108312,109098
6944,40650,61466,83081,89347,103284,105048,107548
5318,55857,58880,61468,69568,88205,99772,104164,108942
58441,65271,104587,108485,108747
1146,16323,34894,42547,53301,71415,82012,107309,107709,108350
13450,17132,105793,106163,108855
2840,50677,75471,99720,101002,107729
39127,102931,104755,108542
20584,23094,48952,63653,68213,100755,102175,103934
99634,103261,106678
7657,16863,23745,58256,100109,100116,100495
4310,41880,82391,102205,103365,108282
8049,68606,99431,107701,109024
2785,101077,101256,101630
33069,62024,70833,91410,100301,105854,107762
6654,17759,30532,88458,103737,106443,107857,108830
14795,22872,28801,84244,104260,104571,107476
68436,77989,96663,101649,107509,109254
4965,83346,85275,88590,96908,101613,101707,103520
16483,31087,102042,107706,108613
100527,100920,102807
70779,100868,105313,106277
51314,100445,100987,105715
39225,39997,49375,79596,82823,97416,101545,102163,106468
99530,105564,108209
101248,101913,106761
27406,33107,98586,100975,102595,104430,106210
17170,99556,103588,108355
19784,101028,101037,106880
61936,63522,99891,101897,106718
100630,106818,108455
43488,80326,104925,105119,108374
11810,22370,32090,47165,55628,59726,87663,99855,102094,105313
12704,35566,78443,89965,103892,108006,108741
3557,27156,100045,104252,108648
35439,87436,89574,91828,105204,105339,106339
22687,60326,80633,91566,101790,103050,103061,108896
101585,102562,103744
54376,66557,66575,105956,106175,106891
11317,15059,26039,34738,42478,99648,100744,101304,105529,108547
42392,52283,52421,61524,73074,75118,86973,100040,105394,108757
17571,43159,52158,83725,102793,105727,106636
15202,17765,52052,102655,105454,107527,108041
88414,101045,103362,109251
4644,4912,26581,33658,36546,52581,100744,103922,107039
31136,56253,75677,78682,103776,104656,104948,105645
629,11965,26890,39610,40731,97087,101697,104837,108319
102367,105110,105111
102729,103114,107992
3656,7566,25722,81562,81585,102489,103444,103613
99671,101410,102591
7830,37891,61992,76786,82340,99680,100099,102640
4594,17433,94857,100067,102909,103941,106743
5168,71658,103418,106600,108700
49652,54646,56681,67482,84683,97337,102497,106022,108681
49270,70105,100786,101288,103201,105028
103137,103177,105829
101106,101830,108783
848,60972,88609,100718,104122,107786
101051,101359,103919
63542,65754,102134,104000,106110
13566,77962,103007,106253,106550,107397
47563,103509,104689,109220
44376,58198,73724,102853,106789,108707
15115,55641,102946,103188,103622
53716,77099,84203,99468,100307,103934
22493,48830,50331,54812,70022,99567,105829,106970
45618,56023,103436,108043,108750
12919,34440,84879,101506,103397,103977
21306,59371,74141,101296,102433,107424
2379,10077,41147,42214,77250,100942,101103,102702
27581,33230,36392,38225,52182,71492,72859,105525,106329,106455
11945,26803,100420,102069,108629
7784,23169,71237,81030,106902,106995,108282
6225,17202,27739,55438,77102,101806,102166,103264
105461,105721,107340
14179,29497,74368,99664,100600,105685
18364,83211,101039,106445,107252
104768,104927,107766
21870,27279,46954,58751,100987,102732,105238
101635,105852,108707
105088,106077,109024
52037,97619,104516,107419,109019
2873,33226,104441,105983,108997
102653,102935,103448
16540,33070,33874,38714,90949,102648,105223,106659
31036,93599,101804,102498,105477
46732,100063,100715,105189
16500,26428,31110,57401,84103,102440,107656,107937
17776,31888,34819,100568,101467,101541
3185,6527,17983,47368,70119,77845,82090,101868,104579,106312
66502,76445,99591,103229,106750
19879,103505,105454,105461
4025,20001,42756,99471,106423,107471
101572,104404,108028
4634,37441,44404,44944,52933,83362,104315,104682,105044
101423,105188,106458
103177,106275,108053
12180,38227,51097,99632,100045,101621
410,100892,102273,106898
1800,40756,48330,57161,75280,94235,103967,105637,106151,107985
2986,37597,43740,56610,100121,101216,101476
21536,39386,49238,59460,77186,103491,105989,106504
11360,84339,105665,106884,107181
101230,102986,106832
17395,57098,65131,69606,69634,99749,107514,108021
61370,66064,74842,105880,105887,107608
30828,58621,61149,99787,104131,109095
8002,28006,105279,106891,108199
18785,37364,43915,68261,69738,81000,94623,100186,104168,109157
24606,59611,66941,70402,88986,100586,106633,106822,108239
16824,27361,85194,87207,101289,105956,108731
58677,92447,105263,108728,108835
66396,83983,100385,104251,108819
103234,105199,108224
4257,18076,26023,27799,57705,71803,100637,103164,106811
671,24968,69093,100941,101285,106682
12433,15369,22060,41152,46643,92960,100569,103109,106022,107601
26234,51765,72693,88024,102487,105173,105936
21561,27676,66440,86103,97757,100243,104531,109204
5761,7740,38921,52153,74038,100739,107264,108836
33140,37110,64071,101119,103333,104831
212,46868,105769,107584,108163
35811,100104,105186,107301
55826,102260,102677,104954
28589,51071,61277,71621,85153,101429,102223,103221
45676,62331,102794,102871,107853
7270,55416,107074,107379,109303
221,3731,6384,8422,31587,53986,60311,99881,102325,109162
65797,101754,101823,108889
37237,70113,103906,105981,107943
3695,8304,9721,17921,68185,73892,106515,106972,107602
8354,35171,41186,77663,100175,106360,109211
39765,50569,74777,81899,82056,96843,104850,106880,108902
35463,62452,67820,102134,104209,108053
5379,17338,53712,74720,98152,99415,105195,106808,106968
25058,26489,43535,44370,54532,60802,101100,102758,107692
14328,52488,56679,75118,85113,99690,104017,104849,105127,105583
100941,102034,109340
2350,23315,27811,28861,33535,70194,104880,107550,109289
724,11266,87373,100161,103227,109075
27994,32186,34598,46011,51623,84770,103410,106697,107990
101231,103578,104857
10484,22644,57250,80004,88086,91757,100375,103009,106360
10876,38031,51140,63999,92508,100301,107212,108026
4769,5823,15728,37087,56129,69790,84640,100899,103568,107739
536,13808,29837,36974,54070,64618,101293,105793,109162
23448,24673,50254,51400,99463,101015,101907,102122
102766,106666,107361
44206,101121,106497,107975
20616,73136,102169,102648,106361
103905,106119,107701
104256,104280,105193
22586,26027,55328,66325,68478,90889,102457,108463,109303
58306,58695,62053,68255,69837,77320,80417,99608,104000,105618
19449,57694,105180,107789,108517
2999,9892,81705,100032,106395,108726
41387,97234,99420,99793,100319
100871,101174,108942
17440,83841,100180,101028,101056
104089,104676,106740
102242,102623,107699
6259,56799,99613,107389,109121
2877,33143,46166,46962,57266,77639,101572,103250,109140
62128,66415,104314,107033,107853
16185,72796,106371,106683,106881
102060,103554,105645
32697,42709,63404,64397,82958,96613,107651,107888,109049
105226,107481,108242
25398,32472,82242,100319,101231,104450,106765,108951
1414,3457,52701,73019,101300,101648,103221,109178
99634,101175,107967
57057,64497,99387,100216,106856
6437,22798,24865,27013,28741,60958,102436,104860,106079
5723,9524,16708,46346,52567,58246,100690,101931,105558,106311
4870,13020,13354,27819,34861,49355,52581,99788,100374,101300
20913,90902,100331,100694,108594
13005,25292,35029,59459,59555,102019,104028,105293
63777,101394,101642,103606,105090
2321,25214,67940,105523,108076,108500
15224,31085,48325,52281,74585,91714,96776,99856,104012,108122
46757,99985,101494,106822,108227
99593,102019,102628
47609,51019,66698,86941,99562,100433,104779
10153,16857,35689,75596,101363,104035,107414,107847
75730,100977,102102,105229
102852,103424,103513
4726,12935,47143,69135,79307,99581,106171,107389
30219,55564,74441,78377,100241,105828,106001
101655,105313,109209
17495,37347,59539,64356,70175,102275,102817,108242
69900,96461,102189,104832,109316
20354,48635,65226,72207,100833,107151,107829
2409,19455,42071,57854,83479,84306,88990,100665,103117,103622
85570,101737,102042,104315
20208,38156,58678,59537,69834,76981,101687,103589,104428
100186,105147,106353
16857,46802,88389,101544,104906,107749
412,19845,24106,56815,60502,103922,104824,108732
15219,26883,79391,103025,105406,107813
103155,107520,107743
11472,63119,101108,101536,102722,104428
40306,102150,102163,106093
6275,20361,36566,42840,46277,72234,82340,99605,102869,104423
16008,43388,46839,87114,101519,102372,103040
11264,39139,66509,105175,108382,108637
35730,101653,102577,103846
34626,46292,50837,56446,71682,99449,102045,107848
30954,72380,75052,83257,99270,103743,104961,106936
39162,45525,54380,58578,72772,83579,102872,103627,106915
21960,22796,26907,50485,66595,101921,108344,109237
56320,101408,101688,107315
99718,100599,102537,102997
101673,102810,106654
3454,90706,103341,105895,108695
43958,70894,100299,101572,104059,108113
11062,66382,71583,100213,102670,105239
2797,4722,11061,29788,53699,68189,81156,99664,101857,105075
35274,44010,100443,101447,107522
7536,49393,75430,99064,101135,102972,104801
50886,52222,100717,102790,105505
6915,13575,29275,40772,67054,68769,106395,106549,106757
75477,102224,104523,108036
1347,24542,52295,63861,100892,101846,102328,104820
100125,100460,107279
102112,105770,109098
3262,30290,73459,99135,99464,104089,104706,106429
42707,57951,61991,79335,100569,106519,107211
66053,74804,102927,104051,104287
101849,103325,104542,104993
32470,48099,54229,77287,100755,104424,105818
5663,9296,18277,78273,102440,108177,108938,109365
59373,60780,61004,82748,99027,100582,104981,107918
16900,83556,97609,100101,101539,102093
100631,101618,105330
14456,24330,37846,52834,72983,100532,101887,102653,108652
1739,13400,17878,21573,50746,83672,100846,105251,108542
81646,100360,102314,106616
51731,93186,99685,104115,105224
7706,21304,65541,100413,100729,104191
15272,22277,24252,60957,104188,105450,109091
2552,54153,74276,99680,101482,105983
56965,60535,104952,105731,107749
18640,101638,104654,106414
104772,105312,108490
1138,16848,24043,37293,45507,47900,51484,100442,103079,103831
5243,58570,67835,102507,102689,104658
57575,59339,59448,64608,101872,105919,108061
5086,8093,29468,101098,107289,108514
9674,11292,33466,56692,102479,103001,105915
5829,49127,99489,107356,108163
15664,22160,40914,41115,72008,80474,101023,101209,109248
103899,104450,108487
53820,68864,82231,92269,101148,102619,103675
1274,16661,48056,53891,102067,104343,104441,106164
13078,22343,76720,93750,99946,102550,103202
10442,21990,34026,37084,38595,77003,101506,102685,105792
100936,106516,107185
139,6382,32006,57688,65585,67137,104977,104986,107414
76782,102146,106036,108642
48584,77044,99651,101254,103711
7421,14257,22738,45360,69074,87620,99787,102634,102982,105628
2618,56388,80659,104706,104846,108769
16166,30726,86997,98432,99562,100253,105258
102884,106463,108836
104958,106265,106504
8396,41072,58201,59071,76535,100941,103771,104954,104993,106540
37748,99671,101202,102796
65190,99519,104245,104670
24035,101436,105618,108873
105618,108203,108604
103401,104123,106670
50700,87518,103945,107381,108938
9630,15257,17466,20135,37655,99476,100989,102640,107460
15223,28246,35085,59046,104615,106099,108160
2203,16572,17515,100306,108226,108594
24380,32376,63092,88079,100153,102760,108819
100079,103350,108895
17651,33270,36059,38135,59004,99603,103042,106452
23725,24122,28102,56972,69946,76059,84725,101645,102725,104629
30378,54433,57511,103721,104884,105648
101227,102949,103766
103010,108534,108875
46491,83452,86088,101708,103896,106717
25957,29095,37212,63260,89569,101199,103288,106497
8496,13261,31956,38232,77877,103350,105426,107526
21159,72829,85553,100970,102760,104367,104526,106881
5585,18682,24271,43222,100568,102590,104434
75859,83935,99125,104245,104635,107687
1810,3805,54159,82359,105353,105754,106028
6060,24548,40438,74388,93912,101230,102436,106329
100007,104574,105691
19893,100426,103120,104617
5691,25954,100634,109044,109342
7363,16714,33595,49184,102857,102963,107946
25864,69481,101759,105417,109054
10735,47520,79282,101131,102279,104567,107920
41914,60338,60397,78445,81037,102361,102576,105292
25893,74244,77930,103066,103393,103990
50885,78353,88391,105458,105742,108614,108716
47350,101669,105292,106609
103614,104038,106014
10757,42863,101491,102907,107215,108911
5661,35603,61536,63785,90154,105708,106224,109343
7140,30934,40970,57633,88912,92526,101694,104070,108770
4783,74949,99697,104273,105956
29157,29225,34309,78558,101404,102790,103809
1538,20517,41029,58054,88609,100138,100591,104654
34857,45636,45788,52375,52655,99559,104952,108791
86351,100342,101545,109078
11712,35178,46128,101035,102080,106226
47909,53212,67204,73083,79870,85464,101908,104210,104615
27723,45578,102572,102968,107620
17066,36387,106284,108527,108557
100905,105643,106943
36821,37283,74861,100996,103568,107192
2244,11194,40302,56013,71442,76442,101344,108788,108963
6503,7857,41510,51019,73705,79413,100329,106887,107397
86134,99715,99834,102989
7438,33197,44378,72772,102181,103079,104755
102582,104387,109070
48718,90871,103509,106413,107315
27437,46139,49258,90021,99505,100907,102124,102775
51034,102618,104862,109340
62566,67394,67856,83906,102385,104756,105200
19310,34969,42334,47728,99616,102183,102904,103572
105353,108156,109148
12359,45314,85275,99620,101587,106465
38849,41553,59810,101981,103141,107781
944,32416,68984,102226,106610,108319
4030,12222,25320,88162,106343,106517,106554,108929
19664,76172,77276,99597,103776,105279
42221,72273,72764,100118,101427,105947,106098
16117,47165,62251,68657,88168,101786,101807,109001
102729,103287,106994
101096,105164,106047
102208,103329,104763
16583,32546,58722,86498,102464,103040,106401
34086,71819,76956,100452,106534,108257
20013,22504,22618,40535,95872,102139,104936,107888
99829,102361,108330
101207,101676,109163
42035,71362,101828,103809,104475
3457,28674,38903,101948,102853,104124,107992
15754,18428,44792,81472,99766,106834,107566
57981,58617,66758,77694,82270,103023,104995,107277
19629,63918,73409,76659,96851,102354,104532,107447
46051,50223,54940,100161,102495,103478,106901
101064,107192,109143
6258,25887,63600,76762,89302,103202,104670,109308
29292,70708,97268,100210,107111,109340
88844,102064,108462,108699
28102,100729,104505,108203
25711,42649,99676,105245,107601
17889,22326,31346,58992,80540,87464,99985,100218,100293,104049
11059,26737,40697,100269,104122,104983
106854,108470,109083
15915,73376,82452,100859,105081,105565,107896
2650,18101,35586,61583,71854,99421,105785,107665
100917,103543,107990
65052,100489,102555,109357
53678,60217,79495,87784,101569,101763,101907,102315,107896
1838,22852,31524,35336,62200,63430,104911,106311,108931
17854,59927,100981,102366,107072
99500,100943,107290
2156,26287,54075,62810,65196,85131,101035,102293,104544,105728
33083,34379,37701,101091,102555,106613
101600,105718,107557
102042,104201,107639
104772,106068,109369
8116,61453,63021,65562,79277,87057,99417,103776,104103
102024,106306,107582
34255,47914,63265,68393,70323,80690,95423,102774,108409,109122
73661,90146,101615,104000,107695,107900
23032,24877,38595,41761,48520,106537,108349,108839
36317,89165,102293,102965,108707
18829,99598,101174,108255
4192,6868,14816,47125,57264,64720,75125,102112,103577,106394
99863,104850,109179
7835,17661,69612,79292,102463,102815,104440
14013,68912,92773,99007,101298,105067,107289
632,23705,35212,56900,100412,104199,107961
47010,76978,78453,99499,100252,100758
2257,28354,99487,100227,100662
5923,53530,61709,77862,79041,84729,90904,100996,102511,108390
64353,102061,102061,103586,106212
16750,105847,106299,106558
71848,103087,106010,108533
5532,16473,35321,42755,50799,51772,100781,104305,105596
27261,61431,85677,100822,105657,108389
12796,104391,106631,108267
5747,71975,85774,100121,103731,105921,109319
3895,12820,48091,48203,51417,69392,100391,105081,106857
12831,60473,100695,103608,103801,105692
2667,101915,103550,104686
71543,72693,84349,85133,87518,99988,102671,105117
32554,54679,66815,80687,93054,100970,104419,105249,105974
9404,51388,51437,70208,88282,95081,102612,102943,103514
102175,106857,109066
109,41720,61369,100604,102943,107191
28050,51159,63592,64283,66817,75981,78439,101751,108897,109206
8511,44572,45772,80074,86342,101545,105466,105641
100868,101444,107665
4923,51579,54000,54593,54854,67221,68555,101981,104647,108109
3669,24369,74076,76934,99951,101499,104962,107347,108396
37441,52660,102113,106929,107196,107529
101346,102361,104883
99937,101067,108821
14768,15533,58700,72275,87452,100496,105045,105082
2249,15273,70885,83264,89068,104125,108647,108659
533,17801,38326,55686,101334,106355,109078
24894,74078,101298,103214,104383
23667,103227,104360,105381
12274,30732,31726,101235,106345,108704
29215,49146,49700,62656,73618,77170,87104,101813,104897,108703
8158,17525,19016,84351,97203,101094,102392,104077
6045,6120,13252,15833,17113,67931,101692,108128,108929
35217,39313,48941,67043,80102,82218,100651,102858,105285
32068,71803,74264,106589,106927,107732
961,17466,37162,44022,98204,102531,105746,106359
103549,104065,104474
5675,8415,44481,64465,69890,72667,100833,101385,106670
106122,107117,107578
105632,107499,107616
364,15323,50721,84477,102593,104320,108067
37012,100975,105653,108096
9737,18546,75226,79546,101299,105216,106105
9717,19005,36332,67551,76999,85891,91642,103743,104670,105261
23428,81056,100140,101299,107496
25031,31346,62862,65114,88384,105199,106236,109242
33019,65848,70701,73404,94894,100707,102619,104609
102566,105716,108393
12660,21712,49763,78739,99836,100466,104386
99652,104081,107667,107765
28141,44654,67634,71442,81325,98845,102831,105331,105878,106216
4237,8930,44635,76226,78274,100676,106897,108449
21340,39906,59925,63180,72536,78548,84339,100894,101583,101845
4212,13354,20373,21308,41155,48575,75929,105479,108181,108566
102965,103784,108388
99450,100436,102528
5683,23771,43801,59096,59243,72188,101408,102656,103883
895,59876,79983,100792,103960,104801,105835
669,19477,85542,87006,87344,94300,99666,101792,102277,102510
38492,99128,101877,103174,109143
5110,51968,60099,104851,105641,106697
4900,6651,26646,53196,102306,103284,105202,108168
3814,17731,45205,50613,60061,81980,100924,101149,106603
7805,17569,69690,100999,102809,103743
17807,26803,94900,96429,100035,101774,108474,109083
25489,57910,74359,78710,88477,105641,107779,107982
12431,21973,22263,84759,93673,100564,102924,105392,108102
99971,100089,103376
99538,101633,106432
23350,36832,41398,42669,45469,49141,82203,103600,103841,104641
319,27674,39770,90699,99725,100089,101453
105903,107961,108281
18825,32905,33809,38057,88952,100864,102544,105588,106883
102033,105115,106928
5235,22575,27624,47275,56546,102205,106269,108647
31332,65934,75914,80842,95083,101006,104571,107213
9477,16872,56418,61505,63551,94519,101380,103548,104434
106009,107096,107655
15380,24546,79801,100144,101685,103350
7654,16403,41724,54425,60828,73122,103638,104805,107408
5683,26137,37498,79132,101735,107029,107602
101621,103163,106947
100605,104516,104663
2784,50360,50606,71922,73597,99561,102267,104618
16326,51706,57332,69348,81591,83453,103907,105643,106290
101002,106277,106556,108258
63352,100590,104689,108061
1620,36025,42659,101832,102314,107830,107834
14201,56679,103883,104431,108788
41638,45153,60902,99992,100926,109194
19288,23585,62973,74038,74161,78633,84982,100263,102925,109030
17544,103818,104154,106741
107658,108346,109330
29162,56436,57581,103332,104240,104981
84679,99488,105974,106094
3206,19326,53008,60651,100210,102732,104939,106291
13642,19388,74383,84591,99254,100588,101861,103818,108088
23558,25165,78039,97821,105251,107339,107978
10832,17744,27488,39601,41843,101215,101587,107455
101450,103285,106566
46327,50927,103164,105849,106783
79875,101299,105708,109124
53567,102717,105689,107830,107949
18984,29340,54362,61791,105632,105749,107034
770,36332,57789,59826,104883,106627,109178
100869,102393,103531
14730,25614,32105,89974,100812,107844,109224
5564,31329,33135,59345,75667,78914,82174,101742,102917,105456
99574,100472,108931
79587,82529,99903,105548,105763
4856,21722,34687,40030,69336,81363,101978,106181,107557
33764,100043,100143,103001
102602,103907,106310
30442,103033,105180,108426
27029,102997,105516,106224
1003,10688,43906,83352,102033,104553,107651
8314,17322,42741,62541,67465,88798,103471,106572,108648
3721,21742,30104,81667,82409,86685,104781,105577,105586
36810,42609,66595,99416,99806,106900
26315,30117,51614,56598,57426,57475,102090,103244,105604
105731,108823,109254
999,44545,61627,62338,73757,83197,85339,100385,107186,107957
36384,68000,68760,99457,103011,104755,105457
27618,54251,84640,88429,91039,101315,102178,107331,108191
20838,46286,73769,102566,102980,104617
99884,104763,106181
26145,100895,102083,107180
102946,106282,106883
8301,9306,24440,28144,83223,103617,105742,106938
36511,100332,107195,107520
8611,41115,46617,56051,66151,95689,101707,102839,103592
82498,105569,106557,108132
84296,85209,89248,102113,104320,104985
10015,64228,86290,100651,102989,103053
1968,92953,101077,101464,102389
100699,102328,102933
8270,39542,45427,80694,103521,104647,107357
102510,107617,108149
28662,46543,85385,100201,103577,107715
100681,101974,108123
27979,82976,101448,102158,106972
4143,13742,106331,107380,108368
3156,33963,45278,72353,82390,100276,100951,102094,107720,109206
12191,17645,20376,28486,33990,65943,69656,100827,107952,108296
50163,68500,84222,84450,85878,92709,101172,104980,106647
11416,27250,37625,47747,78661,101023,102620,107735
99922,102810,106414
16037,27174,46790,64142,67836,80006,98809,99997,101370,106257
59601,101902,102781,106284
786,38783,39206,52152,62834,93891,100521,102127,102569
103391,103482,105945
103229,105048,109291
39226,44343,86107,106948,107017,108258
16641,33510,50517,60940,74193,82029,89314,103691,105516,107694
2152,24406,27168,31062,38354,71246,102078,105354,109210
7974,29519,54763,54958,101210,103221,105781
100481,101655,104520
3906,13201,20114,27050,81191,94421,102224,103664,108519
27604,37796,49571,59228,79094,102485,102685,106339
16740,24331,101348,107039,108132
53690,88029,104433,105603,108497
20559,59108,75675,87305,99955,102947,104081
33659,100155,106448,109347
11635,13127,18436,57001,75948,80026,104251,106193,107186,107201
28482,39453,49814,84291,85805,98320,102392,106338,109062
102613,106575,107591
101370,103686,104077
5746,16822,31681,41723,74834,89349,100413,100855,101262,103423
10179,55867,59543,102277,103892,105042,109201
838,6810,47655,55853,71679,102273,103125,106298
85987,106451,106540,108277
1964,11773,48344,60344,94667,95616,100429,103133,103899,104231
7830,47089,55283,74583,84351,101726,106880,108194
102090,102912,102931
26793,39031,80455,105090,105369,109004
29131,75972,100158,104706,104862
2843,5575,28133,99596,100128,106476
105323,108026,109201
14980,43116,64631,79098,96279,99966,105023,107811
17473,38092,57061,104168,106035,107052
102286,106411,109160
104418,104433,104498
10761,12061,26834,29993,32164,68787,100307,102853,102904,107590
6284,21158,34753,64065,78373,89139,99106,103225,105688,108165
220,2555,29980,42346,60367,102496,103433,108889
107425,108465,108543
1825,22269,39186,63711,75849,84455,91266,102361,105602,106166
2918,52180,60241,71346,100481,103173,104071
18590,23253,24322,49404,99656,101364,106222
102204,102695,109099
102456,105234,105371
759,5943,25641,65052,87084,97461,100194,103311,107949,108271
8907,85376,103317,105709,105863
41421,77313,86490,101772,103710,107371
6923,12616,62103,97111,101149,106105,108020
4980,41748,44806,46084,49361,73763,73996,106791,107356,108010
100353,100737,103305
40590,57416,64724,69249,71092,101391,102472,104952
99764,100138,109343
6959,26935,101254,103977,109022
7545,50951,73206,73241,81937,100996,101931,107834
21012,99608,101126,106457
14029,39977,44748,54999,100950,102157,102176
103455,103526,107233
102280,102653,103553
2360,21367,76622,100293,101645,103126
21927,31824,52866,86222,103755,105853,108685
10497,81898,86467,101589,103636,104732,109349
46119,70417,70639,100351,105903,107321
15484,24232,67246,80268,86598,86959,103875,104723,105715,106524
2839,21039,24362,71243,74777,91096,93852,105273,105579,107350
99409,101025,106290
99750,101139,106743
105063,106507,107252
26395,52091,59277,61297,75939,93850,96158,100275,101979,107690
1699,5062,53702,80503,84096,84598,100117,103064,107444,107867
31289,32014,38791,48520,67183,80568,99855,100812,106411
9388,12561,42313,53452,58824,68537,102273,102377,106554,106741
17829,23545,99952,100968,108830
2588,11136,40467,52269,99423,100144,106002
19128,88796,100995,102498,104853
2280,62130,66368,71158,75972,103734,104507,107171,108573
100136,101178,106646
30700,36067,40549,61848,77944,106050,107476,107934,108291
101832,102784,105904
8043,12001,13774,34449,40639,80349,100276,105763,107766,109014
88216,103444,103850,104095
4453,7837,11454,21743,25188,36638,96867,100156,103639,106188
7860,13633,28804,72940,77095,80315,85930,104930,105887,106235
105509,106451,106940
54061,70819,82180,82904,94037,99449,99941,100317,100800,106062
99709,100377,104849
26231,103867,104250,107938,108902
4475,6253,104981,108573,109204
53338,60194,102796,107536,109339
100850,100968,103405
2974,85234,90557,99468,106062,106131,107846
24802,26137,39721,100342,101655,102828
100396,103403,103946
37764,45048,50810,84637,101444,104832,107236
101962,104641,108977
35842,100192,103568,108681
86036,100845,102003,103247
16965,30004,32868,36992,88877,101316,103944,106491
108,16157,23357,50409,101937,107390,108747
6040,59825,67965,93530,102704,103464,107252
20499,32849,62008,74889,81627,104159,107665,108796
9884,77927,84980,104747,104947,108263
17498,86124,90379,100950,101593,102497
24152,39211,47496,51426,55675,100972,102725,104088
100442,102461,106771
51020,63833,92679,100815,101403,108462
101728,103632,106504
6209,31051,75973,88938,100746,104210,106988
36068,74041,79504,101811,103292,105321,109198
3352,4379,7290,13609,27600,74432,92615,99489,99833,101774
20514,35828,85548,102754,106394,107449
6423,10487,13510,94544,102049,104410,109211
1380,3159,12862,50121,51675,58943,74264,99809,108223,108352
100278,109121,109335
106321,107511,109343
4561,13905,21098,28434,31855,90587,100178,102628,104080
100431,102361,103972
17166,38938,43472,52384,57284,61958,104731,107355,107985,108076
5204,37874,45825,50313,75385,87252,106094,106529,107620
2860,14039,64456,80758,84093,102549,107174,108160
21927,101580,102028,108868
18435,103444,103919,104366
47858,87626,100215,100828,104746
21836,34208,62638,80220,84763,93777,100118,105746,108851
3206,20713,78037,99679,100822,105605
41904,42687,52177,53425,59551,76568,80759,106184,108603,109126
13296,14995,19324,23606,34033,58955,74438,103149,103756,104469
10462,58369,68427,68710,71615,85319,102180,108362,108923
29313,73691,96490,100801,104463,104751,105046
26644,74149,80322,92720,94927,99541,101761,107238,109030
19477,62711,64859,68652,72518,83715,101339,102348,104080
106234,108393,108995
101602,101774,104850
9403,52163,103467,103478,106386
38330,47305,55582,55673,58627,87158,101439,102871,104792
38344,50624,58721,100635,101318,101332
35241,53969,65031,102277,102612,105197
2316,45724,54775,99430,104695,105638
1080,7574,35938,38485,67444,75582,94053,101609,106386,107908
14516,38162,55736,60860,61529,68689,102049,102079,107692
25616,42360,53020,55742,66801,102812,105589,108833
63147,86958,102671,104273,108053
103354,105602,108165
3272,40802,42279,68924,105390,106781,107544
101613,103780,105847
99682,102079,104511
34008,60925,105169,106321,108514
18317,43809,62449,71505,78167,99515,101314,104894,109314
11127,20668,33061,76130,103586,106226,106383
100102,101275,103528
1593,14414,21303,50187,72110,103312,107123,108766
9054,13680,64119,76364,102999,105509,109247
9765,21270,65556,75114,80478,80754,86367,101070,101700,106022
13231,100377,106857,108245
100535,104744,107227
30071,31288,78119,101910,107096,108543
7431,22699,25954,82466,86229,100284,101039,105555
13300,31354,34680,35925,96794,100995,107386,108561
11790,16434,71449,101783,103548,103892
12009,28825,56892,88887,89181,96094,101035,104431,107634
38205,47819,59927,64018,100153,107509,107685
8112,100882,103658,106098
17663,36952,47824,100728,104404,108127
15370,99821,103480,105778
99774,100152,103596
102146,103185,105157
18904,57114,88428,93201,99925,102743,106807
100992,103695,106146
29859,39418,49312,71123,103956,107057,107667
17174,47608,100124,107488,107522
481,79255,97567,100259,100935,105760
46011,54905,103641,103919,108632
541,40432,55693,71555,88354,89507,101512,103861,104990,109020
101202,102662,106928
46989,53310,55309,62164,77061,101312,102348,106715
8313,52444,99628,102986,103755
39393,48243,101096,101388,107301
45269,77732,99756,103401,107773
2058,15607,27450,50671,102933,103163,103605,107414
21174,34593,57037,105668,107592,108289
99952,105783,106524
50884,86712,100022,102097,102791
106439,106615,107542
19645,104542,104937,105933
22330,99536,107038,108378
64967,79947,100100,106593,106725
19482,102825,105230,105910
66951,103531,103706,104038,105297,105970
14024,51881,57836,64918,64938,77838,80429,102815,107326,107382
30338,50337,51969,103478,105635,109049
16526,74674,100677,101653,102534,105494
102043,102907,106580
101322,103370,106863
10218,25413,30324,67251,88469,88704,101344,106624,108347
9254,36253,42791,65869,69019,75768,101661,107616,108289
29197,30206,88995,106557,107726,108987
61653,78865,98499,101482,101680,109184
17455,18512,21010,37269,41214,74213,103960,103976,107018
43600,78986,90645,99796,99805,101344
50808,52484,84976,86003,86363,97710,100987,105678,106757
45831,77259,80677,100344,100685,101614
59420,70310,71977,75866,83982,101203,101758,103504,104949,107455
105987,106299,106998
25403,35187,100196,101528,105031
10508,30929,46911,97194,99552,99847,106055
51371,102775,103570,103837
15633,50954,80053,103762,105472,107669
17416,27127,37723,103075,103149,107050
101942,102049,108220
40750,44687,49547,76783,82717,101903,104869,106109,108490
8428,14278,50213,57241,69141,76916,100894,101002,106827
99622,107767,108500
8168,31458,50147,54418,100560,107603,107900
99820,102794,102851
46391,60410,106254,106312,107328
8214,22981,37702,50519,90132,102621,107361,107638
16670,16737,39531,39934,45868,48220,78470,101856,105710,109357
34892,81517,87050,93217,99757,102140,103279
101868,102581,103687
3936,6992,24909,35271,40335,101076,106173,107437
99671,103640,104831
46224,81166,103178,105785,105831
100284,100766,102044
25590,44279,47748,54316,62215,63915,99948,104890,106639
99715,105353,107309
10187,11361,28904,44420,70174,104763,105444,106477
102028,102912,104821
11585,14400,31353,51505,58139,78341,102796,108269,108790
5935,9028,62331,81897,102876,105802,106817
45501,50595,53248,63716,74314,75111,97992,99854,102226,108823
30184,103001,103199,106450
5039,35439,37194,41777,63633,71909,78774,100423,104243,108402
16197,75885,99424,100743,103479
56682,62180,73298,74592,104333,104850,108741
2064,11490,36284,43998,74564,83731,102354,106088,109354
30872,47919,103818,108886,109147
100113,106604,107037
19249,23147,26315,103305,103449,107773
99495,103605,104697
7611,41136,79435,86772,102415,106249,106263
9199,100995,101115,108061
430,9864,21772,45155,99704,104851,106965,109300
61037,68325,72977,77395,97853,103523,104245,105081
15227,41525,100220,102871,107350
25430,85835,100486,102546,103729
104860,105384,108470
25944,62720,100051,102297,106917,108896
26285,31300,53854,63294,82721,100812,105904,109253
100768,101447,103869
4296,58049,73694,78131,106077,108036,108122,108504
31440,61056,61206,69385,94470,96170,97337,101059,101289,105085
7095,28824,41560,46549,47101,75293,87093,100958,103433,104544
101397,105710,106504,107043
4633,35978,54347,91995,103683,105564,107033
384,7606,14171,71760,73043,81376,93037,101854,104733,108716
22637,67278,69881,103926,104009,104038
12210,47570,63887,104251,105723,107163
44353,79852,102356,103620,108664
17979,29508,68435,90658,101505,105472,108642
4255,5257,31138,33555,72408,100296,105260,107324
31324,59899,100452,102647,107705
1513,6226,28125,78300,100809,102109,104967,108032
37293,52089,102863,103288,105505
100284,104206,106459
49013,62622,99587,101218,108581
4504,23160,46532,68591,100834,102166,109003
100055,101024,103750
101790,103570,105525
10321,38898,54131,72220,89519,99978,105622,108055
103709,105337,108534
13965,16607,43355,48658,94967,100998,102813,104211
43213,46985,107862,108199,109305
14507,29818,62063,80511,84753,93210,102544,105734,107376,107502
15980,16987,67400,100503,108197,108708
68178,99907,102904,105201,107425
6929,28108,48541,70457,106533,108095,108963
12075,15758,37356,93805,100989,103072,106299
72763,89091,99027,99871,100482,101131,101359
5717,48347,57334,91112,91689,100951,101942,102263
4299,44167,58368,74556,101533,103723,106326
7624,20068,23031,28403,71409,73793,82405,101857,103833,108645
17270,102666,102673,103805
6241,13609,34487,100411,106702,107496,108241
102439,105229,108019
100431,107361,109173
41452,60740,87369,94633,99854,100224,101188
99543,102670,107008
38367,55468,57675,59170,65353,69890,99666,99777,100898,101718
49376,60348,88645,101779,103120,103963
87703,105538,105643,106884
4407,21834,49999,82530,85807,105262,105627,107550
11547,20921,21157,61393,101271,101832,107279,108889
893,23962,91543,99990,105794,108577
56195,62821,101775,108738,108794
100846,106371,107226
101281,106131,106413
59070,82609,100469,101188,103478,107177
1892,13144,24155,29149,72824,87793,102566,105111,107625
103007,105565,108479
103820,106787,107908
100799,102853,106627
102181,102257,105546
102565,103227,108676
7612,11930,59232,60697,100815,105216,106920
8175,17477,38600,39606,50095,79073,104680,106104,106473
106486,106893,107786
100116,100975,101199
20535,58283,76126,87557,101971,103961,104382
54477,57838,84595,104151,108577,108652
95388,99787,105786,107620
1163,44847,75882,90909,99454,101399,108750
7633,17923,24974,44820,97121,101739,107591,109248
99951,108168,108182
7058,55964,100192,100649,105829,107978
6067,24732,47873,52755,56274,76977,99797,102966,107655
71450,81904,97430,102826,105523,106663,107038
99878,100392,103152
11180,47934,77627,97177,102133,102457,109221
9435,15956,39507,65696,99476,101588,104231,104768,108820
102933,103298,108271
22670,24510,43692,76194,100455,103877,108258
18660,20605,26034,99821,105703,105899
25527,101530,102964,108368
13600,22534,32514,46821,47429,64198,105271,108151,109349
11964,34173,80737,85314,101345,106166,107879
13041,64065,69907,74938,76378,87480,101243,102549,103655
48581,60210,101327,101976,104986
51585,73742,99785,101448,105802
7671,13636,14864,38528,59584,77615,104695,105641,105852
2049,44074,74446,85892,96391,100416,108500,108747
102330,105126,108971
35010,37315,43099,51474,68492,101560,106833,109074
103190,106355,107783
2620,34381,78608,101486,107804,108455
71746,74051,97221,101385,101798,102289
101587,102648,103289
102132,105169,106939
99611,101651,106731
16589,47338,59732,75800,84191,98264,102183,108925,109110
19054,104143,105211,105456
17532,19096,83685,102128,102436,105588
20240,41748,47950,68684,69354,81107,103064,105128,108088
79898,102094,104985,106082
10352,45153,73656,103484,106370,106893
100943,104231,104792
100186,106634,109372
41646,101311,105822,108448
107212,108050,108518
13665,23432,23858,26798,47121,62024,101313,103064,103940,106035
37395,101156,108235,108767
102091,103449,108432
865,38941,80027,100145,105689,107497
101804,102319,104123
101062,102287,104337
88310,102628,105541,105715
106851,107717,108444
480,52181,57909,76456,88770,100525,103378,109095
16641,17895,59331,72737,106680,108564,108980,109157
2164,13519,37662,100043,106999,107643
100055,104005,107455
77233,85668,102373,103779,105258
19875,34450,99803,103178,109012
104135,105956,108610
35695,44355,74187,99882,107293,107890
7107,9162,21073,22202,30708,92014,103297,103610,107566
100013,101423,104682
58856,101437,103809,108160
11983,42858,52631,70345,75323,77529,100139,108427,109376
101465,102874,109288
16541,48357,100073,102210,106520
9313,21323,102392,104686,105365
17550,18347,32849,33128,52440,70800,84188,104603,107848,109148
56675,59848,60852,63604,78610,90651,102725,102830,104192,108788
548,2549,5597,8481,18911,68269,69765,100557,100972,104738
4193,18636,99952,103141,108644
9289,13022,71895,100864,102784,108578
100287,102695,103163
15713,102009,106920,109350
31464,94319,106558,107162,108871,109124
18873,30282,33124,72427,100435,101544,102344,103501
23585,24304,50486,58531,68170,75223,102167,106711,108729
104676,104850,106743
18778,22643,28866,64978,102809,104985,106584
24396,69690,69966,87997,102980,107185,109111
48643,101067,101345,105492
5025,12206,41772,45877,53832,68188,76623,100895,101532,107398
9797,18063,30123,49053,64576,105048,106817,109070
101560,102218,108123
36525,37497,49033,59782,76046,103732,105742,107047
105673,106740,106802
100095,100631,106613
916,5133,37576,53575,84045,102089,103905,104087,108553
2205,29624,60314,85974,102045,105169,106881
3830,103096,104795,106964
99477,103261,103816
54358,76492,99854,102091,106027
2005,12466,18195,43074,101606,106157,107572
21808,101388,102276,104143
13969,101354,102034,105123
66896,104757,108224,108949
50324,57213,73936,102189,105193,106512
5403,101544,107130,107236
58510,103956,105084,108067
5924,14156,21065,30261,38869,46838,102003,103296,105966
103012,106155,107358
8896,30177,53512,61278,72148,100452,106338,108217
36789,41116,53029,68869,86788,93020,103165,103393,106296
2413,54743,77581,77717,89601,94307,105331,106289,107129
19493,31559,104397,105538,107934
75589,101823,106625,108191
8212,17215,20035,21303,101284,108372,109242
102220,106312,108980
103216,109075,109198
35874,42121,82179,93041,105716,106226,109238
9776,25437,26838,36948,44793,96529,101600,105639,108910
3298,3986,14934,18406,32683,35066,87700,106811,108616,109180
103625,104219,108910
4459,6417,27355,41913,59554,73961,102781,107238,107573,107958
36867,100492,104532,107252
21242,24890,42045,49872,61443,82920,101282,106810,108480
16178,102673,104829,105673
42924,60726,86049,103752,104869,107585
10972,23187,32340,61077,75779,102592,105348,109309
53650,59836,70693,71821,99541,99925,103779
27032,45272,103376,106280,106568,108736
104056,104654,107488
11608,14775,22281,27146,72330,87430,99743,100222,101653,101859
19005,83536,100805,102414,106166
68647,102246,106351,107359
102565,106172,108219
6602,14570,30448,56852,66045,68165,102083,103420,106004
2353,7296,100996,102135,107726,108560
10159,34698,72020,84410,100431,105706,106204
17607,26519,48872,60400,100182,101702,103521,105354
13679,47915,103570,103608,108077
4447,5666,80727,80734,83006,101220,102785,106519,107941
9689,22919,56984,62863,99559,100307,100766,109266
77875,102205,102726,103000,108851
10900,64886,103118,103674,104330
15161,23684,25348,45960,54640,60828,102732,102805,106444
5644,16980,27484,29413,73828,88060,103376,106117,106788
26268,57219,61560,76614,100089,104756,106156
100744,103325,104288
25321,29573,50117,52218,71486,79001,100368,101559,102503
4514,7670,10381,24402,56302,61616,99899,101651,102672,106329
108193,108514,109004
100544,100781,101644
105544,106580,108372
50940,67231,104269,107607,107767
99883,104674,106014
5016,6139,42776,57293,90065,100503,106875,108123,109344
103956,104114,107057
22676,53800,99759,107170,107771,108470
1156,9419,30459,100280,105637,109271
509,2847,25868,31942,41617,88492,101607,105415,107224
10204,51044,87400,89013,102512,102783,104047
4451,7021,36003,57832,65768,76752,99945,100979,105687,106004
4914,9794,16504,34466,35768,90629,101545,106823,108064
3840,7269,76896,99428,99794,106204,109188
100067,108159,109211
58846,103641,105348,107077
6787,21770,50466,51811,68801,71105,99443,101393,101848
1348,26542,86414,90208,102931,103043,104820
73284,90383,102487,102700,107107
7588,11450,39915,101547,104129,108585
53662,101880,104505,108167
13211,26526,41409,52234,82505,89539,102485,107707,107771,108022
41037,65720,67504,77723,82757,101851,107890,109181
101989,102385,104781
8170,15122,102761,107735,108260
1745,3990,94932,102170,106979,107481
100744,101680,107424
61443,102760,108594,109059
1097,9570,28351,67919,85519,101346,103444,107892
100155,101715,108831
85797,103054,104862,107452
58821,101792,104128,109179
28451,45568,94982,100370,101193,101872
100768,101490,103298
20718,20903,61078,63735,102790,104479,106662
2194,4372,11287,20952,27389,85563,104399,106623,109143
26168,37120,55951,59805,69244,102585,102781,107246
6148,54493,100246,106223,108064
39125,53730,64187,101385,101697,104052,108261
101097,105240,107244
39781,45623,78945,101506,105300,106122,107991
4407,99483,103013,103743
13108,101212,105457,109175
29118,93586,99505,101067,102602
106254,106568,109160
2107,15183,49862,70142,85078,87457,103139,103600,103755,108389
205,1560,2307,27687,69043,101795,103186,105998
102306,103455,103582
35265,63507,67425,75715,79360,83632,103531,104879,106102
29209,32092,43628,63808,76901,103042,103867,107658
3571,6802,86916,106182,106928,108976
6538,30999,33233,37783,39164,94350,99492,100194,107210
19465,44105,62316,84088,85247,86875,87690,104695,105045,107950
87857,102796,104390,105299
6974,46079,63492,100278,101740,106489
20651,54981,103164,105156,108482
19822,67243,105258,106296,108986
6862,99685,107465,107560
46480,83024,99661,103423,106895
1406,102228,105933,107284
2873,7402,42520,80430,82472,97677,101745,107327,107649
469,12523,20228,43550,57285,76907,100784,106223,108574
102510,103108,104763
6994,101790,105647,105860
100138,100475,108225
6521,28032,35532,100033,102371,102774
6466,33858,38551,62116,74682,105243,108408,109295
103117,105278,107279
1148,64847,100360,101002,101135,106321
815,17476,30701,60275,60779,83914,101703,101737,107688
14295,18533,39840,69029,80669,105014,105264,105296
9560,41589,69673,106079,107552,107720
65381,99415,104450,107681
41473,99685,106296,107336
42012,75986,100296,106722,107511
69486,100330,104055,107927,107937
5446,18549,28103,35374,45089,55555,66647,101578,101937,108771
8189,50513,96832,102595,103974,105261
1077,7198,16219,42070,49102,81341,90222,103350,104306,107915
38181,59957,87125,101280,101521,107791
17202,34081,38444,42706,58243,99543,103264,104038,109349
99883,108054,108355
25384,35035,36032,40823,46244,81226,99562,102069,102993
13294,42114,78107,101193,102546,109300
101061,104121,106310
20611,53237,92963,103683,105239,106444
6768,41348,51451,54642,59841,100937,104260,104706
57307,99661,101339,101906,104188
101427,101700,107210
101345,102655,107920
13202,68464,102218,106540,108648
12484,101502,101707,103641
9394,56129,66136,89123,100958,105944,106050,108075
102134,103448,103914
99536,103016,104128
83693,100485,104602,106557
100799,107947,108238
44297,44981,49769,58953,103216,107627,108344
2515,18821,21628,50717,52670,58271,100815,102225,107890
11771,102652,109319,109332
39034,62818,63488,77127,85197,99496,103114,105848
23944,48218,71116,96440,100781,103467,107534
104798,106376,107185
10706,21069,50258,76006,101332,104544,105105,106176
25145,41965,46978,101111,106193,106455
100558,103400,106625
30903,45551,52251,54912,61371,77516,86462,100227,102780,103049
2767,17508,41939,71946,101457,102217,104443,107665
24910,35269,39174,56621,76931,83394,100252,106353,107195
38466,44713,102585,104342,105735
23580,67248,104693,107129,107829
23338,46805,68973,102058,102723,108145
54560,92578,99754,107474,109196
84885,103239,104029,107625
23780,30826,50476,54552,63021,101657,101754,102577,108406
24198,47283,48880,100429,101003,107312,108065
78959,102820,104973,107143
99891,108021,108821
1872,5235,27502,42001,61520,102257,105254,108957
99467,99565,105258
102331,104065,106156
104365,108077,108833
68404,99756,102288,103250
43646,100950,100995,101463
62709,65190,103323,103606,104849
14689,37115,51898,102579,103382,109365
56300,83110,83219,88558,100953,101538,102703
4397,27891,58518,84291,100411,101087,101728
1407,6115,21364,35700,65564,66166,95696,103424,107453,108167
99669,101702,104112
20086,81619,99291,101224,106322,109267
105127,105299,106902
5460,58937,64058,85145,86670,96362,103025,104573,105391
15261,51185,71376,104401,104558,105213
1746,3850,7502,61908,103937,106010,106601
544,59526,101532,105754,107044,108732
100809,105111,105258
12908,100523,100679,102447
17443,23078,100192,106131,107113
81304,100109,104005,105103
10665,19541,66376,67921,101025,101087,102647,103931
58220,67275,102027,105180,106247
979,24703,34863,57545,69629,71445,100731,104029,108291
6144,34929,70966,75451,106182,108260,108716
11121,14284,22385,102845,104544,106257
103356,106995,109194
102927,103050,104392
31931,33790,62559,101024,102582,104072
35003,58949,63042,63759,78421,99994,100196,102623
6499,26320,36237,72115,72294,86048,99719,106444,106452,106593
66499,74359,104542,107273,109213
102064,102227,102855
106457,107182,107952
64889,66291,86027,101986,102170,102204
20657,28593,37294,74212,100778,103255,104338
100634,108748,108868
13052,39227,55512,107464,107680,108348
103779,105666,108512
12635,37811,40381,59241,68228,105900,106779,107564
270,41847,62326,69275,85984,100227,105934,106757
99652,101533,108036
39110,54905,63964,73302,85727,101183,101962,103179,106384
101645,103713,105633
9822,12993,22397,24641,46188,58434,82025,100815,103301,108319
102820,102963,107502
102167,102706,108033
65958,96492,101449,106450,107210
4805,29660,46175,100437,103184,103714
5102,104387,106398,108163
82436,100143,107021,107249
11512,106001,108393,108603
102287,104903,105887
18518,22009,33312,51230,62571,96402,103737,107441,108116
531,13381,36038,40505,80188,98323,103755,105829,109024
90331,100426,101814,107286
28818,61910,80591,83541,102034,103945,106995
100701,105649,108033
48107,54938,63636,83345,88115,91911,99907,101107,108856,109028
22317,100088,108596,108955
10041,23849,34685,36710,85443,96939,100174,106088,106455,107050
88584,92878,99454,102781,106028,107955
11886,30774,76347,95028,99664,102087,104680
14929,46187,101280,104405,107423
2330,30825,53715,73698,79433,100718,104125,105180
42818,48395,58582,80191,105970,106345,107180
99676,100158,102140
6645,35054,43087,100958,105055,107573
27331,30106,31989,45889,59930,61948,87800,102309,107616,109247
100627,101284,106669
17520,52091,61963,101028,102785,108550
22970,100864,102784,108374
54505,54871,100864,104000,104009
100194,105976,107560
100216,100864,102499
3071,85010,89370,105402,106909,109224,109367
5699,19129,24582,42512,50917,55809,105782,107198,108238
21837,101805,105564,107593
26480,74083,100728,105422,105822
74742,77019,103140,103288,103868
12143,100623,101807,104665,106049
100121,100692,104927
99454,103687,106370
100687,101121,103488
5481,55946,74931,79266,100092,101612,105223
99704,101504,105055
17337,18185,55887,68759,78590,103491,104878,105081
2469,33103,51143,101430,104834,107526
30661,34148,43882,101188,104656,105463
19383,36275,74121,87357,96308,101166,102762,105993,106561
16738,33064,43972,50926,78790,82413,101779,102260,104514
3826,10252,51396,61624,69258,106432,107892,108513,108613
37903,101100,105622,107103
18513,45595,62109,104516,105028,108560
103225,106566,108624
8839,13607,22757,43714,49510,78974,99454,101313,105634
37570,42138,45148,54200,71754,87995,88345,100489,106948,107598
21347,34325,48130,84046,103629,104751,107845
13579,18159,63876,65193,87237,102522,103972,107502
100408,104681,105565
50581,61770,83369,99924,101735,108199
3930,18284,76143,87704,100291,107812,108075,108242,108500
100044,107991,109009
20842,55021,63703,72654,83976,89641,101023,104201,106391
48983,99655,101928,103530
101098,104061,106966
16960,49331,58175,104457,109111,109309
10169,24242,47300,51830,104288,105090,105352
19355,21437,34308,42460,78362,104440,107076,108402
57124,63064,81433,101510,107199,107345
99914,107162,108747
6081,9259,9371,11298,15844,66203,72707,99932,101861,108300
22870,24028,44431,48447,72939,95151,101168,103315,106559
40170,50398,101610,106738,106764,109176
3282,6287,26152,42348,80420,88688,100697,102053,108431
99995,105881,107441
8862,39675,61369,63630,64789,101116,106019,107674,108741
18951,26822,32761,93812,99580,100836,101390,101470,101928,106531
12905,102170,103165,105804
7453,51099,56730,62489,83917,86383,99647,103059,108119
101023,103163,104450
41914,46694,67983,75578,79806,103976,106883,108119
9837,12131,60480,77094,100576,104401,104942
4534,13027,40461,48192,68007,72398,81877,102287,102814,105105
102479,103000,106371
102670,105326,106817
4205,13220,23506,32495,37434,48435,88369,100161,100481,109318
67911,106175,106609,108125
100481,105188,107498
23065,42407,42447,61776,76612,95061,99647,103771,104081
28780,105951,106786,108119
39850,49925,101907,103372,105420
19124,29609,98506,102839,103083,105538,109257
42987,67264,77494,101090,101981,106318
13054,27506,32976,52344,75502,91886,101984,108660,109283
9886,20841,60700,76649,100396,100958,107221,107607
66427,66580,82390,100682,100981,107436,109209
21299,32852,80877,104766,107498,107566
1151,18918,34088,54515,72581,84498,100391,108753,109291
2701,30017,32809,39746,46661,77907,99477,103154,108738,109046
23778,47117,70950,86762,90949,100984,106311,107185
99977,102407,103259
33908,102538,104165,108963
101763,107096,109224
102728,103286,107131
42940,59539,67152,74726,77278,103342,107846,108109,108224
5589,78630,85530,102865,104858,107594
101380,103738,107564
48442,103629,104559,108301
56857,69781,101217,103213,104948
20544,101139,103126,109310
46519,65445,67283,102565,104856,105461,107099
100635,104894,108225
33403,33719,48404,81727,85831,89235,107074,107254,108288
3686,19566,49417,70075,70455,84198,99805,104515,108248
26114,47770,53200,88747,99838,100899,101430,107594,107951
23548,39920,67517,69354,83816,98496,100442,107353,107706
99907,106682,106743
6669,48454,48582,101025,101878,105204,105346
18851,64759,67460,82565,100725,102169,103491
2881,9463,14577,22114,95809,99856,106317,108556
7915,30290,30598,45979,88430,101216,103650,105848
16417,20231,28793,42988,64666,102133,103289,107460
100345,106737,108556
40317,99593,101209,107224
54865,81691,100065,104166,107565
24980,34601,45204,57969,70628,100894,103517,104449,105264
101242,102440,104655
16044,31725,38200,56765,80383,100582,102257,107766,108331
1518,4463,18704,59520,104654,105248,107354
1195,17603,62656,101503,102433,103801
17606,20831,28107,33644,36684,67531,73276,101427,102904,103095
2133,3605,26022,26121,32706,54205,60899,100865,101903,104894
7006,24847,31866,67808,102872,104065,106908
104790,105268,106604
10580,15063,102330,102830,106826
41603,43163,51870,65739,81548,102540,108416,108911
2727,76767,100432,101116,107548
16205,33734,101100,101235,108022
29343,29644,73804,83856,101285,101846,102807,103350
99567,102556,105656
14934,27487,82867,84712,87419,103026,107408,109268
24368,28962,60518,71230,101283,103705,104305,107834
53856,98018,101024,107069,107720
39944,47238,61324,99483,100330,101284,103628
61066,68502,73253,85773,100615,103332,104459
32766,40846,49220,55570,89646,103837,105172,105905,109237
9733,29437,74820,102392,106706,109078
102049,103616,105715
29709,48761,57619,67958,80499,80589,99941,104566,106463
100184,105216,108034
12747,69710,70115,81622,82212,93326,102124,105100,108624
30878,37460,49114,64489,84679,101700,101901,106322
48850,83596,99591,101288,106451
24207,24234,53764,59565,77378,101351,103405,105139
26921,27381,52351,73364,79886,103141,107707,108008,108319
34202,41459,77195,82434,96888,100423,102289,104389,105650,106944
26203,41855,104837,105292,107185
99958,104940,109361
24644,93603,102671,105126,107019
3744,4768,53197,59701,86537,100157,106004,109007,109229
53922,59272,103428,105158,106516
57368,65451,100498,104642,106810,109113
100178,101616,108973
102893,104902,105618
80461,101003,103649,103940,106019
42907,99730,103892,107957
14826,35295,101571,103365,108396
15360,101610,102773,105126,107020
4520,10667,23183,45830,53152,86560,104051,104849,105293
101583,104457,109312
101593,103540,106879
24307,58664,99387,104330,106156
2539,3610,4740,27883,50375,63975,99685,102171,102662
36181,39284,82537,87860,99797,102078,106750
38930,104281,106336,107275
100170,108326,108652
8773,23258,50972,63622,101620,103854,105786
17873,37335,55341,64141,68031,101614,102214,104515,108653
100330,104589,109335
100329,104751,104947
18428,62099,63227,100961,101618,106591
8236,41953,43836,68123,85249,98404,102457,108547,109124
45488,51071,78548,106554,107449,108770
101961,102461,108785
10117,39040,57687,58194,82847,98873,101766,104450,106338
18183,18859,28872,28881,53634,93310,94340,102790,104387,107376
17935,34484,45041,48621,82222,104211,105660,107844
102087,105323,106939
27712,49840,100846,102354,106413
19254,50815,74586,76430,83885,84027,89390,107353,108455,108741
26407,102793,105863,107565
100950,101404,109034
4787,7589,20278,25956,38513,99430,103925,107395,108851
41621,69366,70569,101476,103384,104263
8375,17119,81142,86006,98278,101404,103927,106972
102385,104373,107325
6149,103528,105044,107578
13500,43523,69999,76526,100505,104029,107933
101350,107119,108146
57890,103329,103644,104804
71755,105362,105792,107956
27011,32280,37142,39762,68114,83995,89545,105312,108235,108911
30884,62100,103852,103955,107421
100415,105628,108699
104054,107921,108116
102566,103129,107389
18860,42410,43681,44919,50659,74829,101519,103095,107680
23439,54841,77224,102963,105959,108238
5602,18014,28411,46511,87566,88865,100044,100163,108542
31727,60943,66631,77932,102062,103561,103796
566,85963,103292,103505,108977
101558,106128,107355
27230,46784,52517,99785,100958,101505
18670,18696,22946,26228,59873,102530,103446,105279
64787,101592,102205,106702
39806,99479,102123,105525
102089,104061,106517
102112,107419,107520
102862,105264,108999
22086,71087,105674,109154,109291
483,21752,41339,102231,106669,106750
20608,26068,36622,62905,73803,105981,105989,108756
11236,39155,59592,64008,84777,99547,106226,108321
16216,26547,72273,74283,96967,101805,101913,104269
1188,64708,104253,105689,107902
7284,8202,31193,45531,81732,107449,108142,108589
4075,10122,14095,48596,74279,102854,107096,107472
36273,48587,52283,54902,72586,85391,101491,106128,107472
102832,103161,108427
24583,24921,37376,40012,70956,92751,100055,101466,108163
101832,103141,103549
100305,102781,106275
106392,106402,107019
37782,40217,100243,102538,107509
23248,34172,39693,52244,60362,70791,83782,99806,101940,104042
38958,55287,56790,89197,102623,106243,108397
13869,17320,29713,102113,102345,109033
100413,102129,106019
99615,102205,108748
13417,36812,56592,88213,104824,107634,108759
4787,15919,66257,69636,102999,104434,104747
30212,35599,40499,75098,78942,101928,108356,109283
95794,101792,102731,103934,108471
17751,25035,46552,85568,101797,103312,106600
46958,51782,76969,81340,102571,102577,108154
99471,101422,103184
9716,15544,25861,43579,73699,92624,99450,102803,108116,108281
6979,14257,23731,71111,73333,100679,100803,105631
