110 1260 1598 2036 284 3424 3515 4145 477 538 582 6332 7161 7810 8832 94,16605
11425 121 12496 1698 1790 18 2104 2695 2753 284 326 40 55 624 692,15373
1036 11814 121 1452 160 19823 244 3096 337 34760 4732 477 48286 574 602 6400 6664 998,11022
122 14043 14056 198 238 257 268 274 4008 4088 4202 4366 4775 55 5505 5648 6400 66,5371
1874 1926 2104 225 238 265 3663 3846 5021 5842 624 71 7457 7786,3084
1036 1132 12106 145 1527 1589 16154 1766 2 244 2450 28057 284 393 4716 4732 4753 55 61 624 63932 8915,22897
1367 1520 198 2453 2849 3948 40 4080 527 529 5503 624 781,5843
11490 122 14581 1585 15925 239 244 284 41062 4642 46951 4799 4976 527 55 5559 56015 68 9 9346,13021
1068 11296 1210 1445 2 20241 284 3016 30601 30602 3111 3515 38573 3999 43958 538 5465 55 624 7303 78 872,15294
1036 10563 110 1109 1375 1818 18544 198 1988 284 2900 2969 3546 419 4732 58585 5885 591 5915 691 8508,6533
110 11820 132 1459 244 268 284 3444 370 4081 419 4364 533 55 7322 826 85 9424 99,11107
1063 160 1660 17101 196 244 277 284 29 3093 326 3272 33 3589 418 5202 55 58143 624 64295 685 94 988,13649
1036 150 15398 1598 196 2040 215 2293 2312 244 2682 2815 2912 315 4512 4732 477 49485 55 606 624 97,10682
1036 10743 12000 121 1260 1553 1557 160 196 2534 2801 42959 49782 5187 55 68,9071
122 1298 1849 185 1926 198 2 2035 214 2723 3411 3792 4738 4753 571 591 636 998,10662
1259 1260 1589 19930 2 244 25511 268 270 288 33175 3697 4755 48 512 7810 8011 9818,10003
121 122 16422 1690 2479 284 3515 3518 356 3999 538 5885 629 71,11110
10111 1172 1260 150 1598 2 2046 2361 238 2450 257 29273 395 417 4716 4755 48 4881 4986 55 57 624 760 807 968,14060
110 15763 16358 18 2682 2743 284 3515 4739 538 539 8053 97,6631
1036 1109 1144 121 1532 1698 1979 198 1983 2 2017 23232 23778 247 2569 26348 2686 29 33 412 43 4489 4806 495 5073 5116 55 76074 8438 8439 94 9624,17677
11734 121 1259 1338 1376 1584 18 1811 198 244 2458 2460 51 57180 692 7012 71 76190 783 94,15215
10030 120 121 160 17397 184 19015 244 284 31092 3515 4476 518 538,14009
1109 12104 1298 150 15363 1598 2 2450 2735 33 3515 5187 5193 55 5627 624 85 968,8058
11432 121 122 1598 198 2298 284 29 326 3515 4799 538 55 75 8548 9472 9919,17258
1316 1726 1795 1926 198 2100 244 2460 3515 36917 393 40 46059 538 5953 66 75,10054
1210 1360 1546 1559 181 18879 198 2433 244 2449 2593 268 284 3020 3041 3515 3537 538 55 58 5974 624 692 75 7661 7957 807 8898 955,22580
121 16536 1672 1849 185 1903 198 21621 225 2458 284 337 3515 4584 4738 47552 48 5 538 5392 55 5565 559 5703 67086,16550
13701 15321 235 244 268 3590 412 4775 624 66144 741 75977 8898 8962,7484
1010 10511 110 1197 121 150 160 18 2034 244 268 2947 3756 40 53613 564 582 624 692 700 8898 9787,22672
1036 160 1766 2425 2450 3383 3515 4056 4129 48294 538 5465 624 67170 732 75 78 84,8419
11079 1144 11874 1298 1525 2 208 23778 2616 284 29 30601 30602 33 4489 5157 5465 6007 606 624 6400 8482 8682 872,11115
1195 1546 1548 1853 196 268 3501 5147 55 5689 575 6185 75,3268
10815 1109 1260 1598 1621 18 2 244 3104 3369 3515 3766 4377 450 538 624 764,13128
1036 1132 12616 15191 1772 2155 284 3515 43812 51 538 55 57 823,10219
13360 17148 1849 2 23994 25422 326 3759 38817 4738 5095 624 7705 83572 88264,5495
10413 1298 160 18 2 22259 244 3074 3705 3777 3934 4738 509 5685 624 762,10780
1036 1195 1926 2305 25063 2690 284 3515 375 465 538 55201 558 692 7092 75 80136,8109
10496 150 196 198 2 2099 2100 225 24981 284 289 32034 42923 4775 5057 55 5650 60 624 955 968,15764
10108 11949 121 1210 132 1838 20634 2450 250 267 282 284 40 5079 527 533 549 55 56966 5881 624 7188 78086 8552 8553,13910
121 14266 1520 160 2 20175 2256 244 2458 268 274 2849 3117 393 5135 55 6555 721 8504,17735
128 2305 2460 2695 2815 37239 4489 5 525 624 7544 8168 8947 951,2109
1024 1598 16598 1770 2449 2450 284 33 3515 43 4489 52531 538 605 624 71 75 7878 85110 9183,10032
1134 1171 1210 1226 12524 1698 17378 196 2 238 268 2682 284 3204 3687 55 624 6400 7287 7737 820,14850
1036 121 2 2117 268 33618 34101 3590 39866 4863 624 7693 773 7873,10910
1144 13722 17238 198 22724 30983 33 3500 435 4738 5 5688 668 688,2448
124 1260 1326 1407 14271 2 2916 3506 3515 459 477 538 545 55 624 6260 66 71 806,12202
14165 1589 160 1926 2 2069 23705 244 2450 284 3501 353 3680 4145 449 4565 55 624 668 71 7786 807 824 9111 94,19515
11622 122 1585 1988 23 25113 3515 38723 538 624 9159,2026
10737 1144 121 160 185 21208 244 2613 33 3537 4738 624 6393 7918 8007 84460 8988 9639 97 99 9919,13916
1036 139 14611 1598 2100 21632 244 25167 25222 284 356 375 441 4623 48 495 5081 5418 55 6045 624 6376 75 764 84183 871 948,13797
1128 1260 193 2016 213 238 244 267 268 284 3515 428 4363 4427 528 538 624 8898,14951
1135 11607 1205 15660 1985 2 2034 2059 238 239 244 267 28404 3814 4081 527 66 75 7865 984,12609
1144 1388 14132 149 1598 1789 244 31179 4738 55 6036 7582,4930
1038 1144 1260 1298 133 2 2059 20785 2256 2686 274 284 3811 40416 4269 4489 466 5465 55 606 624 692 7 721 7582 78 8898,17163
121 160 2450 2458 268 2739 4035 624 6476 7396 8898,7842
110 1210 139 145 1459 1536 1546 18 2 2100 268 272 279 284 3646 3696 3906 419 4579 55 550 56541 582 588 606 68 7705 77749 9256 97,24801
110 1109 115 121 1459 14612 160 19360 1988 25359 30601 30602 3413 3515 538 58635 6476 68 7182 79598 872 9455,6804
110 11366 121 1242 1260 133 160 161 16794 1685 198 2 2034 2450 247 2618 284 3041 3464 3515 3646 39 442 538 582 624 7134 807 8107 837 9024,29355
1031 1036 1298 1376 14749 1478 1628 1820 198 2 2016 3039 3290 3412 3777 4239 428 44 449 459 4753 5095 5531 624 66 697 827,9857
1547 1766 18081 244 2450 2682 29990 37217 3903 48 60343 624 68 74 7448 75383 94,9911
10465 1132 124 1375 17048 18689 198 2449 24596 2682 284 29816 30601 30602 3093 32446 353 526 527 55 624 685 7222 74733 872,9806
121 1380 13969 1598 196 198 2 22147 28139 2912 4032 4714 4741 55 557 58 624 6345 7 721 9639,15581
10111 1132 11555 12468 1585 1598 2104 244 36874 375 383 5436 55 7069 9011 9819 99,7572
1036 1210 1260 1276 18557 2034 225 2682 284 3072 4035 4626 4732 5273 624 721 84,6894
11521 121 1269 1598 1599 160 1988 2 244 2695 279 284 383 40656 4155 49778 51 6040 680 70727 764 9606,17946
121 15202 198 239 244 3501 3601 44 4488 624 650 9 930 9612 968 9852,11785
114 2016 284 3201 3515 393 4080 4753 538 539 55 61187 63932 71 7582 76468 9,9861
1036 1038 1109 1134 1242 1260 1298 1546 2164 268 32490 326 3515 5187 5436 5958 6811 7468 8225 8878 9427,2288
1260 1341 1581 160 1808 1911 2 244 247 2682 2723 2815 3117 504 5049 5657 7120 78 79 961,12222
103 1210 13092 132 13890 268 27554 2783 3501 3504 396 4265 4364 55 59 5951 6134 65 73003 85169,2421
110 1349 14073 1519 1550 1769 184 185 19615 2 2246 23877 244 2450 284 3948 46 582 623 624,23435
11305 130 160 1808 284 32295 459 55 7116 84460,8476
11344 1334 15284 2290 230 238 2450 24858 268 270 293 37132 4997 624,1684
10956 115 14203 16083 198 244 2460 284 5465 55 55133 558 624 78,13806
121 1421 2 244 2450 3289 3755 3876 442 51069 624 83168,13673
1122 1144 132 1584 1820 2043 2312 2420 244 24919 284 315 33 34804 4738 51 518 55 58 669 71 73336 75,14329
121 122 145 1525 1527 2020 225 244 2824 3542 476 57 6169 624,10614
1584 2 2009 21820 244 268 275 315 383 384 418 43 4364 4764 544 55 62119 9462,10808
1031 1091 11096 1260 12691 1792 196 225 22997 257 2771 32068 515 541 5465 55 624 685 78 9744 99,6083
10789 1144 1224 1260 12774 139 2 208 234 268 274 284 30632 32414 33 4138 4738 51 55 5854 606 624 7582 8778 9134 9191 99,16289
110 1116 1260 139 1459 244 255 284 3 35154 393 419 4465 463 54636 56570 6383,10286
121 1584 1741 2104 227 284 3515 44 4799 538 6941 7055 9289,10307
121 132 16689 1849 284 2906 40 4738 4755 49444 55 638 6687,11015
110 1144 1375 1376 20911 30601 30602 33 33487 419 4738 49 587 8125 8311 872 970,689
160 185 2122 247 25626 257 284 30073 3515 375 40 4799 538 55 572 574 624 6340 66945 7188 94,20467
1036 1134 121 1259 17126 20664 215 268 2783 30219 329 3777 3891 4732 494 5436 5465 55 5639 624 75 78 882 8898 99,11752
122 1293 244 247 428 53742 55 570 75 9661,9425
1109 1144 119 121 13000 15650 1585 1598 18 180 23778 268 273 2815 30601 30602 33 3373 3713 395 4489 5940 624 6262 71 872 8816 9810,7615
121 122 1298 1315 1598 198 2 2264 244 2460 268 27899 3444 3761 3972 40 55 6123 63 807 8618 947 99,19893
10784 110 139 1459 1746 3755 419 4901 49727 56788 683 692 75,3804
1144 121 12825 244 2460 268 28959 2975 33 3515 4265 4489 538 5559 7407,8135
1374 1772 18 2035 20749 2100 246 250 268 3855 393 624 6711 8898 94 9403,5288
12050 133 1662 1855 2 238 244 25668 284 3016 373 48 4997 573 623 68 7120,14034
110 121 1298 1375 1598 1656 198 265 28286 284 326 3283 345 3697 375 419 4755 5028 55 564 58 624 692 8141 9276,15888
13067 14101 1598 198 2 2166 2618 268 27196 2797 284 3515 48 538 569 624 6400 71 8058,15889
130 132 1598 160 185 19675 24073 244 2450 27299 284 2912 3515 3904 4926 528 538 55 55362 624,16272
1022 115 1178 1209 1324 1716 244 27667 283 284 539 623 624 71 8339,10268
1638 1769 17931 1988 2 20009 2104 262 26765 274 304 3515 36386 37974 48 49 4901 538 5652 6590 7 7432 8 83254 84 9,6389
1132 17348 2 20266 274 2748 30726 356 449 55 5630 75 8584,9411
1009 1108 1109 11184 11733 1546 16920 1726 198 2 2228 2618 2648 3254 4740 4755 4947 5 58 691 7824 84 840 8504 88026 9 930,10081
11114 1144 11450 181 185 1926 2 2433 2593 2661 268 277 284 3515 3518 3792 447 4738 4753 4755 538 624 636 71 7582 77304 78195 857 8898 955,17170
1036 13428 1668 1698 1808 244 279 284 2908 3174 3777 4951 53580 55 6413 654,10776
10342 150 225 238 2460 2618 393 44820 6131 624 69981 7069 7723 92,3435
110 11555 11934 1201 121 1585 17002 2 2104 2315 244 274 3254 3515 3755 5142 538 560 624 68 84 85,16730
121 122 1434 160 208 2279 2460 25357 2613 284 476 544 55 559 6823 930 97,13847
1144 12292 139 13988 160 1769 2104 244 274 2741 284 33 3349 393 4634 4738 55 8716 9945,12301
1036 1134 1171 11938 1205 1442 1547 15489 1772 180 2 20529 213 2224 2753 284 4377 4732 51 527 55 614 624 6405 9625 9810,15414
10206 121 1337 139 1858 2104 214 244 2460 279 35660 44139 5161 6991 7 81025 92,9507
1035 11079 1109 116 145 1589 1598 1662 2 2139 3373 3586 4755 624 822 8553,7389
1036 11237 1127 12065 1589 1766 2145 239 244 4273 4732 5 624 678 68 71323 955 9916,9498
121 13137 18 289 3023 4135 4489 4750 60 6304 66 85,5073
1036 1132 1144 121 12700 1298 1338 198 2224 2460 2853 29 3041 326 3427 3687 3727 4799 4900 51 522 55 5531 57162 71 807 99 998,12356
11391 116 121 1260 160 244 2453 2694 2971 393 4047 541 60190 692 8923 9318,12583
1144 11555 1178 1195 132 1331 1352 1585 1598 1599 2 2034 2450 2460 25921 33 3845 39 469 4738 47583 49785 50690 624 84 9111 94 9820,10461
1144 1195 13030 13233 150 16449 2256 2969 30944 3262 3686 3755 4364 4612 4738 55,1836
10589 15557 267 272 282 294 30601 30602 30807 326 4477 4900 55 79832 8307 872,1816
1144 12563 1259 15740 2 220 235 244 2552 27704 30601 30602 33 3515 39635 4738 4898 538 55 606 66 68317 691 872 88289 976,11049
1028 1298 13803 13830 2 21963 244 2454 279 293 3374 4205 4451 459 4799 5099 52461 541 6781 692 7902,10440
1446 1585 244 2463 247 268 3515 41039 4473 459 49 529 5328 538 61891 624 8656 9215,8118
150 16239 17379 1766 19360 213 244 284 3018 3515 3537 538 55 624 9353,16026
11079 1109 150 1546 1598 244 2547 283 284 2902 3 3111 3441 40 51 55 624 71,14274
110 1171 191 196 198 2 20715 247 33 3515 4975 5044 538 55 582 882,19734
1144 12146 122 139 14262 2 244 2933 3108 326 33 4266 4738 5 574 68719 764,11195
1584 18564 2 20257 2104 25319 268 284 319 32336 3515 40465 415 538 55 58 5854 624 692 7060 8898 94 9403,18941
1010 110 11979 1459 186 2 208 2256 2740 29 3424 370 38046 4026 419 48 55 59502 82024 8305 8606,7828
1036 11079 1135 1175 12006 1585 1598 2019 268 282 284 2912 3285 337 4732 529 5465 5969 624 67520 75 764 8482 8553 9271 9876,8741
122 12700 160 18906 1937 2131 244 2460 247 284 3515 3846 4259 538 6166 75 79083,12762
103 110 139 1459 1598 160 18 1931 196 2048 284 419 55 573 5898 624 6348 6520 6642 764 83424 8407 8977,11092
1196 1269 2 2279 22793 238 244 284 3 3515 3619 538 84 8988,15828
1036 1260 12962 19192 3777 4532 4755 4901 53824 55 624 6299 6400 64121 79162 8650,4550
1144 121 198 2338 2347 244 2753 284 31057 326 3426 3515 3756 3828 383 38961 48 538 5392 59580 624 66 692 6969 7192 7582 85250,18553
11079 1210 1598 2 2205 2258 292 2969 3756 3855 412 55 570 624 84206 851 9412,7513
103 1117 1132 1589 2 2053 2279 2430 267 268 2813 284 3515 3590 412 4354 45100 4534 538 55 61964 624 68 83709 8898 8932,19899
1083 110 11624 11794 1210 1298 1452 1585 1984 2 2043 227 244 2460 268 2743 2789 284 3513 3590 39 4145 4489 4938 539 55 5565 624 679 8552,19620
1144 121 1260 132 1746 178 1801 18485 244 2736 288 33 3499 4675 48 5392 55 624 7054 71 75927 9612 984,12868
121 1452 150 1507 160 267 284 2975 4080 4639 5146 55 71 8339 9306,12249
10097 1236 145 2034 2166 2258 244 33181 4377 50619 624 71 882,7406
10387 10395 1134 1144 1260 1298 1636 2 244 2458 268 2719 2815 33 3676 3728 4738 5520 624 6405 968,12926
11107 121 150 1598 17064 17238 2050 2305 244 247 284 3766 4438 4489 47923 5436 624 7599,12303
1558 1598 17951 1988 244 268 284 3515 3619 399 4364 46539 50911 51 538 6067 717 9 930 989,10354
121 12242 2 2361 37475 4118 5682 75,11276
121 1260 145 160 18 24076 244 3491 3515 3755 4080 44 4512 48300 538 6811 685 71 781,13089
1210 1349 1585 1598 1599 1811 185 18848 21181 2222 244 247 268 284 3185 326 4364 4898 51 5436 5439 55 626 65899 66584 6811 77239,19355
11070 116 2 2320 2450 2453 268 29 3199 3590 624 71 7873 8551,9649
11701 121 1259 1260 14548 1584 23232 239 284 29 3515 37709 4753 5114 5116 538 692 75659 84 9109,12114
1036 110 1269 132 1375 160 198 2172 244 247 332 38084 419 442 55 5592 56784 61701 8928 9780,11297
103 1144 1171 121 13375 23778 37781 4145 41995 4489 8 86482 9 9098,4650
110 1434 1459 15029 2 22298 2279 244 2450 2460 419 4377 56745 624 6684 84 9179 9486 9687,12104
1036 11357 15202 1624 17103 26694 268 289 30601 30602 3285 41568 4878 624 872,1095
1036 11528 121 1216 1766 1853 196 244 2449 31018 31762 337 3663 4945 55 606 624 6377 94,13469
1197 15603 1598 2618 268 284 2912 3537 3792 4738 4885 4907 5465 55 5617 5958 624 7774 78 84,9948
1038 11461 1298 1520 196 2 2463 2723 2772 4755 4760 527 55 68 74 899,8686
103 110 1195 1419 2 208 268 43149 4465 5 6816 843,6771
2036 2195 2364 3424 3515 35668 477 538 5929 68 9652,2297
1036 1128 1144 11528 116 1766 1818 19210 1979 1983 19920 244 2458 39105 393 4639 4738 527 539 55 624 66 85078,8425
11366 133 13448 13787 2303 244 247 265 284 3515 36557 375 40 41995 538 55 7247,20341
1013 10371 1063 1109 1259 13889 198 2 238 244 265 29 2908 383 467 51421 5421 55 735 90,13913
1031 116 11925 2104 2367 2771 284 3012 3515 40 4830 5139 538 624 6310 911 94,9347
121 14118 145 198 2 2278 268 283 284 3041 336 3374 4032 4364 54192 54691 55 591 6055 624 64 807 8228,20921
11536 121 14048 1546 1584 2 2104 2335 244 26337 30601 30602 40 44559 477 872 8764 94 9547,18294
11112 1144 13173 18 196 2530 3089 35838 4565 4738 5185 55 65432,2573
1036 11887 150 2 2104 255 274 325 353 3573 4716 4732 4755 48 4898 58283 59806 624 71 72803 74179 822 8493,10956
121 160 196 23055 25755 265 27471 288 3506 37675 55 624 66 968,7688
1063 124 170 2 213 2450 25157 3542 393 4145 45177 55 5617 5929 624 6520 963,9474
1036 185 19786 2 2036 27269 3424 393 416 601 6644 673 74765 851,6893
10490 110 11100 11101 1144 1622 16459 196 2104 21155 22230 244 2618 2659 268 284 2887 326 387 4738 5 55 582 71,23318
1144 14266 16326 2 21779 268 2723 274 3488 4248 449 4738 5935 6021 624 7290 73399,6448
1259 1584 1585 1598 160 1820 198 2005 2753 284 44 55 624 736 846 8504,11600
122 13962 1818 198 2100 2397 244 2460 255 284 3995 42559 47526 55 582 650 9277,13689
121 139 19407 2453 247 284 3021 381 449 46 55 605 71,19108
1055 1109 121 185 208 244 2449 268 274 39495 41580 4363 571 599 692 71,10667
1038 1132 1210 1598 160 17103 1817 21168 2298 23061 241 244 2450 2618 267 268 284 293 30212 3373 48 49 5418 55 624 62571 6701 71 73591 7445 764 79135,16328
1781 1808 2 284 30601 30602 3515 44988 50096 538 55 55806 6386 63932 68809 75 872 968,15551
1036 1038 124 132 13368 18985 20891 244 268 2998 4364 459 8656,5132
1063 1154 121 1351 160 20961 244 284 33 3515 37024 538 5465 5842 624 73555 74538 78 8553 968,16832
110 12051 122 1375 1584 1785 2 238 2463 2741 2815 319 419 544 56739 8575,7694
13867 160 17379 18566 20465 244 25128 2754 284 332 3515 4515 538 56248 587,10304
10055 11034 11527 1406 14391 150 198 2400 244 267 268 284 34735 3590 38098 3855 4364 51080 527 5440 55 564 624 69179 7873 8898,18749
133 150 1584 185 2058 244 2595 26893 286 3424 46999 5531 606 624 6476 9403,5844
11450 11522 1195 16133 2104 239 2450 250 284 33150 3515 538 6021 624 86569 94,10088
1036 1144 1584 15866 2279 239 2450 2460 268 274 2789 2790 284 30601 30602 33 3555 4239 4738 55 623 624 66 872 882 9111 9466 968,11065
1036 12618 1683 1741 1749 198 2 238 244 4644 4881 539 574 58 6642 71 73,13834
1074 1260 13867 160 19132 198 2 244 2453 27322 276 284 3041 32104 32198 3515 383 40 4022 538 58 6937 71 807 8504 9091,22980
1459 196 24260 246 268 28405 3510 3590 37475 4857 5001 533 55 624 68 7322 84324 8553 99,5240
121 160 2334 244 257 2815 284 2906 29715 3100 3515 49712 538 5777 99,14677
1036 1195 1260 1584 1594 1598 239 244 2460 2669 284 40 40112 4732 55 588 7665 78232,14794
1036 10511 10625 110 1380 1459 198 244 2453 24773 267 383 419 43859 4732 6348 68 826 94,8857
1127 1144 139 1459 1550 160 183 1853 198 2363 2450 2735 284 2853 33 3422 3537 4248 469 48 5788 624 63080 6978 777 8 94,9868
12114 1287 139 1589 19182 198 2036 230 284 289 3515 538 55 624 7109 8653,12173
1071 160 198 2 2104 257 274 2815 28517 29 2906 40 530 79683 9287,10463
14162 190 196 198 2224 2450 268 271 277 2845 4755 55 624 721 78 7884 8898,8494
110 1181 1964 268 282 2907 4364 50940 527 582 75 9082,8917
110 1109 1144 121 12300 1459 160 2 20912 33 37944 4738 5039 55 56605 75 8307 9197,13974
113 11711 18544 2 23767 3491 38427 4898 527 8339 9095,5356
1007 10486 121 1585 160 185 20233 2483 268 279 2815 2900 353 3845 4364 4489 55664 624 66 872 90,7713
1116 18 1838 244 29 36452 4081 4799 539 55 61628 71 75 771,8826
133 145 1598 2465 2534 279 284 28743 29 36014 4377 506 539 55 624 7399 764 99,9357
10111 1584 1585 1598 1766 185 21022 238 244 2450 284 3589 396 4118 4581 55 5923 606 624 66 75 99,19082
1063 10852 121 1259 213 244 268 274 3501 48 4914 5465 55 5515 573 606 624 6555 71 78,12876
1260 139 1459 160 2 2002 2097 298 337 3424 348 387 5401 546 57 7978,10911
12207 1260 14559 1597 196 1984 2 2034 215 25062 268 3173 546 55 57 681 75 7751 82137 8307 84238 93,13382
110 1195 121 16932 2 2279 244 268 284 3515 538 5716 5745 58 584 606 84 97 975,20912
1134 1144 2104 2274 268 274 3111 32414 4738 624 70562 867,1779
1063 11025 1144 145 150 15980 18588 198 284 2900 3227 3425 3515 4716 4738 538 624 6526 67297 7582 7763 9740,15161
10764 20618 20619 2279 2460 284 2937 30906 326 34485 4061 419 5465 55 624 6400 71 763 78 92 9800,10687
103 1442 1597 1820 1918 195 235 268 3697 4364 4755 58 6613 990,1004
1230 160 1849 185 19130 208 267 284 2900 40055 49 4900 529 55 5652 64,8201
1417 160 185 1964 198 220 225 238 247 26059 2648 2719 274 284 304 3515 353 4063 4137 4146 46607 5023 527 5324 538 5436 55 9313,20366
11030 1132 121 160 1716 18 184 284 3036 3515 43719 44 538 55,14810
1132 11555 13062 1445 150 244 2450 284 28784 3537 4265 471 4716 55 624 67013 68 741 84 85 8947,16462
12700 14347 1598 2298 244 2682 274 284 3373 3515 42536 4755 48 5171 538 624 872,10930
116 122 1258 1376 1459 1654 1766 198 220 2420 2450 247 2536 2916 546 55 624 68 825 899 99,12518
1036 11548 130 1375 1520 1584 1598 213 244 273 2908 29467 30601 30602 3515 4106 5114 5115 5116 5130 538 55 7160 736 7602 872,6513
1260 15391 18 184 2 2035 225 284 3029 3515 35746 538 7249 7418 826 948 949,15379
1036 1144 1195 121 1260 1493 19028 198 2036 213 268 3424 3484 383 3952 4448 48 5012 5193 527 56902 9651,7972
10592 1062 11237 139 1594 160 16451 1838 198 2104 244 2715 288 3 40 527 582 62102 6400 71 7360 812,11730
11555 1210 1364 1568 1585 181 196 2 2433 244 2449 2593 268 2760 284 4642 55 624 6606 812 8649 8898 955,23085
11178 1132 1287 139 2050 3515 393 538 539 5465 55 624 6684 7104 8036,4020
1298 160 16876 18585 2 268 3537 393 4364 45699 5066 5779 5914 624 6520 68 71732 84460 8988,10470
1073 1260 139 150 1584 160 2 26054 284 303 30601 30602 3995 546 55 606 623 71 872,16752
10603 110 11961 145 16258 244 2460 2815 284 3506 50592 582 624 812,16565
1185 122 132 17977 22002 238 247 376 465 55 6067 64433 66 78625 8307,5379
1853 2077 244 25956 4266 4543 4945 896 937 99,4490
121 1298 1301 2 2195 282 284 29 4919 5536 94,13409
121 1557 160 198 2168 2446 268 274 284 3515 39445 53246 538 5958 66 968,12669
10111 11079 1144 1197 1236 1598 160 1833 19545 2205 2279 284 326 33 3515 465 4738 5124 538 569 58 624 66895 7582 84 84460,11040
116 12671 139 1598 1766 244 2450 2623 2817 393 5024 539 58 624 75 764,10765
1036 113 121 1550 2 2461 2553 2695 284 32935 465 5854 624 75 8656,17529
110 1109 1132 13116 1459 184 198 2 22777 244 2460 250 2523 268 2815 30500 30589 3590 3676 3845 4266 55 56764 582 624 8339,26704
1584 2051 208 23427 398 477 624 64 6684 8025,2333
1109 1132 1585 1598 18 185 3373 42520 49 5 546 55 7354 8504,3504
10818 1117 11425 1171 121 132 15169 17588 18 2609 268 284 298 3285 3484 375 4118 4364 442 4550 4848 5465 55 624 764,12556
10 121 1274 13196 14080 18 2 2038 2400 268 3099 4364 459 4687,10755
1036 11444 11975 12111 139 150 2005 2104 22365 235 244 2460 2618 268 274 292 31465 3890 4477 55 624 7247 8446 968 9787,10971
1091 1197 1336 17152 198 208 2100 25755 274 2753 3515 40379 538 678,3398
1127 1142 11571 122 14221 1926 198 2 21311 2736 284 3515 538 5847 6097 692 8234,14158
110 1459 18 196 2 2100 221 247 27002 2753 284 3246 3404 419 45224 4799 541 55 56529 71 75 7764 882,25194
11115 121 1546 1600 198 2 2310 247 250 268 284 423 5326 55 632 871 875 8898 9416 948,24800
10239 1063 11994 1598 160 1926 198 2279 238 244 268 3713 3792 4364 457 4753 55 6226 636 6606 90 99,11082
1063 11450 139 1584 185 2 20785 2104 250 2682 31105 326 3410 3515 36967 5270 538 539 5940 617 624 68 6811 7529 77938 8113 8114 839,10284
1259 1589 1818 18303 198 244 2460 30601 30602 3358 3657 4028 4848 584 75 872,8049
121 12972 17076 1838 185 1924 196 2100 22303 2363 244 268 2953 3515 4364 538 55 6067 7 909,10798
1021 1122 1132 121 1260 16182 1766 198 2450 2460 2906 3385 4041 624 75 83773 8899,13844
1144 1259 1298 185 2 239 2450 247 33 3486 40054 48 5392 624 84 8551,8855
1132 1144 1183 121 122 1492 198 202 21920 2385 33 4738 55 58 624 673 679 68 71 8551 8906,12696
160 16435 1992 2 20902 257 267 268 3254 70827 84460,7197
12793 1445 2 2122 284 52203 55 60350 60400 7620 807 820 8785,10755
145 150 2 2100 2361 244 277 283 284 315 4999 51 559 678 99,15861
10395 1766 284 39907 4592 4639 5 5465 624 6482 7375 78,6570
1134 120 122 13289 13570 145 1527 1598 1772 24745 274 284 29 2912 4114 4240 51 559 65648 70646 7171,6034
1036 114 1547 1726 1767 18 185 22036 2450 3623 3937 4452 4489 4732 476 4779 5917 624 668 84 8551 872 9,5552
10255 1260 1298 1598 160 196 244 282 284 3373 3515 39 4560 4702 48 4945 538 55 61094 6232 624 678 6840 7533 84 9615,17321
1031 10799 11079 121 14348 1598 198 208 225 2534 2618 527 5593 624 71 7810,9325
1036 145 1461 160 196 198 1992 2 2453 2754 284 3515 3774 4926 538 55 73830 757 84460,19552
1132 11413 1144 121 1298 145 1908 2005 2100 23778 247 2833 2908 30601 30602 33 332 4080 4489 477 55 559 596 624 721 75 872,14348
10176 1109 1144 13570 1415 208 24398 244 30601 30602 31444 32935 3515 6810 872 9412,4168
121 1260 2 244 24901 282 337 43427 4489 4579 63455 6532 692 8016 9264,15682
1006 121 12132 14567 198 2 235 244 268 284 29 3031 3515 3540 3901 4364 465 538 565 66382 6823 99,23495
1134 124 15391 2 20073 22226 268 3424 3515 375 5 538 559 6046 68603 69224 8113,6758
110 13743 2279 230 2453 2460 2632 2723 284 3515 538 55 582 71,17903
10500 121 1260 13056 2058 244 4386 4491 45979 51427 539 54242 5465 581 624 78,11186
1598 1766 2 244 284 31566 4145 4581 47395 5024 539 59181 618 94,13469
10344 110 1132 11380 1144 1459 1483 1772 18 247 2496 277 2809 33 3537 45530 459 4738 55 5532 582 624 6805 71 7582 96,16060
15317 2 25062 2687 2771 284 4694 55 569 59662 624 81988,12316
11527 121 122 12389 1331 14955 1766 268 31127 36991 4364 4379 48127 5436 624 721 8898,8675
1036 1134 11555 11566 1195 150 1585 15973 1598 17738 22516 244 268 2747 2815 2969 3181 3515 4732 48023 538 5900 624 8925,6276
110 11070 11810 11811 1242 1260 139 1789 18110 196 208 247 268 279 4364 46 49397 55 62614 7052 7460 7582 9147 9427,7840
1036 1144 11860 1195 121 139 160 244 25043 268 284 29306 30601 30602 32362 44 4732 4738 559 624 64 6402 7247 7455 7582 7978 872 8898 95,16706
103 1072 122 1260 133 225 244 2450 2453 267 268 290 29977 3337 3341 3441 3590 512 5157 62067 624 7452 8339 8599,9973
1293 132 2 225 4364 4559 48279 55 55618 673 75 7969 984,10245
1036 1044 10740 2034 24436 284 463 48 5640 65046 66 673 85348 994,3575
1144 1933 2 238 28647 293 30601 30602 326 4271 4738 50610 50711 606 624 7582 8567 872,6467
14634 2 2036 268 284 3254 3424 3515 3590 4626 512 5193 538 55 624 6747 84966 992,15392
1144 11528 1636 1766 18596 196 1984 2 22509 2278 244 2553 27666 33 4364 46655 4738 4938 5 55 5565 5842 624 736,13412
1144 116 121 132 150 1598 1726 198 2619 2815 3412 4738 527 55 5614 624 6400 7822 9353,10171
1038 110 1135 11651 122 1260 1459 160 2 2450 268 3351 3590 3836 419 512 539 56587 5929 624 7873 85 9111,12231
1005 121 132 1583 1613 19434 2 239 244 284 319 40 44 55 606 7884 8339 8730,23097
132 1584 18289 198 2 244 246 2669 273 2815 284 28862 3515 36452 3755 3759 44906 465 494 538 55,20957
1144 1445 1584 1838 18544 1866 22560 238 284 33 3515 3855 39 5251 538 62189 6606 8504 8832,7064
103 11025 1594 1662 20298 225 284 3006 468 55 624 678 75 8539 882 9147 9611,12540
10017 1036 110 1107 1109 1144 121 1260 1403 1459 18083 1949 198 244 27351 2815 4133 4738 4775 5680 692 7582 8850 94 9694,14254
1109 12239 1298 1364 1649 2 241 293 337 3515 49 5187 539 5465 624 6520 75 85208,9470
10740 121 15024 1585 198 244 3125 315 3515 40969 538 57946 6642 75,11130
1195 1412 15199 1698 2315 244 2686 284 289 293 3515 469 48 48033 499 512 5135 538 559 60 71 7238 94 9705,12179
1036 1109 11733 1298 198 284 3274 32858 3515 416 4705 5187 624 6357 84105 9081 998,6054
1023 1053 114 121 14985 1726 198 2257 244 2797 284 33 3515 4286 527 538 5651 7168 74048 7764 820 9187,16368
12003 16760 268 2815 284 290 3515 4364 4782 4861 538 542 55 744 8446,8573
1090 1259 1260 132 150 1589 18 23232 244 2450 2464 3611 4982 5116 55 5514 582 60 6021 624 6482,11380
103 11079 11528 1259 1584 1598 1766 1849 1922 2 20218 22706 2555 2815 4738 624,7120
1144 121 139 1762 198 2133 2735 284 3515 4738 47751 50468 538 66 7120 7964 84,12640
1135 11733 13116 139 2 213 2246 288 375 393 4700 559 5914 6400 9147 9740,8172
10869 1144 1195 121 1242 1260 12692 1536 160 18544 2618 26678 268 2706 33 40 43528 512 55 5834 624 7582,9675
115 121 1415 15744 1598 18 244 26385 268 3766 4364 45823 575 624 64016 764,9796
1038 10860 1144 1446 1547 235 2450 255 298 3514 40570 4738 49556 5195 55 58 624 692 7582 84,4952
1268 1364 198 244 2847 29 35276 35803 5049 525 55893 58 583 71591 86952 8727 88215 94 9907,6897
103 121 1260 1349 1392 160 198 2 23637 2450 27639 2815 3041 3351 375 4377 4463 54834 55 8 807 872 9,16418
1144 1210 16506 16710 1979 1985 1997 2016 268 284 3515 3697 4755 4871 48939 4909 538 55 624 82042,10215
121 124 14056 145 1465 1584 208 2100 22083 244 268 2718 274 2753 284 29035 3515 3590 4086 4364 538 579 606 624 71,20019
119 14591 16073 193 1994 235 238 2453 284 3016 315 3515 538 5440 55 6007,10524
110 11555 122 13396 1669 23999 244 271 284 3508 3515 396 4626 538 55439 582 624 6400 75 9648 968,20204
121 2 2460 2643 2644 284 40 499 55 57 62353 624,18305
1298 17048 179 2 2005 21155 244 268 2682 3612 4642 4739 5 624 78 8898,12591
110 1144 121 1260 1298 1459 1598 1685 1726 17949 2 2176 2279 244 2615 279 2803 284 3515 419 4427 4738 538 56745 781,21350
1132 121 12100 1236 132 18 1849 1858 20240 2886 3424 4133 4738 48 55 551 624 673 688 7469 8551 9155,8103
2138 27661 32811 55 5980 624 84 8761 9147 9591,2289
10 1298 1600 17152 2 2028 244 3288 3369 36148 3685 44614 46 5048 84 94,9470
1587 198 208 213 22857 4333 463 477 4799 4878 515 624 76964 968,4909
115 12006 121 12104 1568 18654 1866 19006 20275 244 24729 268 4372 4581 4755 4898 49 5652 6049 624 6400 78 84 8898,11169
11733 121 1260 1546 1584 160 198 2 2158 2279 23103 2615 267 2771 284 29 465 55 71 75,30603
10966 11079 11941 15361 1598 1772 22140 284 3515 393 5193 538 55 6400 66 6617 7020 9229 9363,9499
1197 121 13191 145 1527 185 1898 247 2815 326 3351 3450 3697 37413 406 5010 55 564 624 70155,11054
1036 110 1260 13091 1375 139 1585 18140 2 268 33 419 4868 5465 5582 56660 624 80200 8103 820 8898 968,11465
110 1109 1144 1320 1459 15000 16 1829 238 284 4738 48 4864 5392 55 624 7120 7582 8339 948 9639,8582
1298 196 2 2311 238 30601 30602 315 3964 4755 55 6357 6555 79792 872,7693
1144 11538 1298 15370 19933 2 25921 29 3032 33 3450 39 4489 4738 4753 49785 573 624 63932 75,9619
110 1144 121 13314 160 17002 1766 244 2450 247 2694 278 284 293 4026 4738 4783 48 5642 5958 624 66603 78 96 9658 9916,16610
1036 13469 186 196 1979 198 1985 20650 2285 30590 40 4732 4986 5033 55 5640 606 6110 624 7613 820 851 99,7824
1109 1259 1274 1298 13867 139 164 198 1994 2 238 3450 3515 3592 3697 4051 4264 4489 5103 5187 533 58710 5907 6520 692,10378
10342 1181 1271 1577 194 19712 198 2 2100 244 2557 2648 279 3697 40 44820 48088 51 5157 55 5914 82238 99,16010
1064 1135 12878 1298 13047 18 19332 2195 2224 22583 244 247 28275 284 34845 3515 4761 477 538 721 8504 855,11991
10056 121 160 1780 2104 247 268 2690 274 284 29997 36442 44437 46 495 5465 57 624 6396 86326 9843,10776
10490 10602 110 11100 11101 1260 13554 1766 1852 198 20888 2104 2295 2305 268 56904 582 624 74 75 78 8832 94 99,16675
103 110 121 1259 1375 1584 18047 2 2338 238 244 2458 26789 284 320 3515 419 4346 538 56756,20869
1109 1144 121 1236 1459 2 239 2450 2732 282 284 4738 476 477 49957 55 56684 5842 606 62010 624 75 7582,23390
1036 110 121 12245 13902 268 284 3515 3590 4639 4732 48146 538 582 624 8553 8555 9353 9818,19603
1134 1670 198 2 268 2749 33607 3385 3515 3727 406 527 538 66 8884,7657
139 145 1547 1598 19228 2 2002 2450 2682 2803 2815 2824 35655 4914 560 624 66 7 7378,7756
121 1260 20004 244 268 274 27612 4036 68 71 7693 9038 9156,10472
1134 1197 1374 1482 23485 244 2450 2609 268 2814 284 3285 3515 3697 44630 4571 4755 51 538 5842 624 681 70737 7458 77409 957,11525
103 121 1584 1726 18791 2 20308 35939 40 441 51 606 8620 94,12731
121 132 15334 1598 2 2009 23232 2618 2797 31139 3172 326 33 348 44751 5116 55 5788 624 681 682 721 764,13501
11555 11990 122 1260 1298 1584 1585 1749 1964 23718 2453 2460 26242 274 3697 4205 4755 5685 624 6723 68 7751 84 855,6275
11355 1183 1260 132 1598 164 1698 196 198 2 2223 257 268 26860 55 7101 7938 811 84 8878 967 984,11066
11025 121 1511 1646 1769 2168 244 283 4475 4614 46149 55 6642 692 736 7921 9529,13761
1445 15402 198 2450 247 265 3041 32265 6021 624 6684 68 6823 807 825 9179 96,4974
121 1260 13507 1491 150 15086 18235 2224 22721 2460 268 284 3590 55 624 8551,14381
10490 10554 11101 1205 16211 16373 198 2104 235 244 3023 49 5764 66 69777 86112,6771
1063 12912 17641 1866 198 2 2005 2036 2106 232 244 2545 2682 274 284 288 3041 3220 332 3424 3537 4988 5190 624 807,16323
11079 1132 121 160 2 2618 2753 284 35 39035 449 5465 55 624 6476 76753 85 8754,18213
16245 2104 244 356 55 569 6187 6400 7247 99,6401
11555 12144 122 1287 15030 17533 2 23994 25128 4036 4489 672 86421 9687,6472
10510 145 14686 1568 18 1988 2 21090 2205 27846 2827 3174 40 4250 55 606 6087 7340 75 9009,11967
15334 15361 1598 2036 244 272 279 284 30558 3424 383 5465 55 5640 5812 624 68 7054 764 8523 9077 9845 9846,11818
114 132 19412 198 2 21115 244 284 3041 3515 4080 49 538 55 807 9298,19411
10779 115 1979 1985 2 239 268 31578 326 47552 624 63932 691 692,7826
1031 110 1109 1144 13600 145 1459 14955 1527 17997 2 2279 2817 284 29 326 3515 356 3755 42909 4738 4977 538 56728 581 624 62618,13956
10038 1144 145 1584 1598 2 2669 26788 2754 2803 2815 3546 375 44595 4738 4755 5085 559 641 7805 820 871,7272
1036 121 1506 1585 1598 2258 244 268 269 274 2912 31880 3515 43374 538 55 58073 624 6555 6593,11332
1036 11241 11605 1210 122 1259 1298 1301 132 1375 150 198 2 25119 27277 2783 29 37002 46 4876 4982 55 664 721 773 822,11978
10612 1074 17390 2 244 2618 3169 40,9761
1063 11528 1197 12339 13117 185 244 284 3441 564 606 624 67404 73012 9353 94,10058
115 122 14993 18 2 2104 2174 244 2723 3337 537 538 539,12406
1234 198 2232 244 277 284 326 3755 5040 55 68 6859,13380
1144 115 11770 1698 198 33 36758 397 4738 5079 741,2271
10 124 1351 13787 15479 1808 225 230 2682 274 284 29 5142 624,4405
1008 1260 145 160 247 3697 4106 41230 55 56993 759 89302,7082
1132 1260 160 1642 18 185 198 214 2338 25012 268 3222 3227 43353 55 68827 867 9767 9820,7200
121 1260 1421 1546 160 17563 1766 2 2007 2315 244 247 25742 284 32707 41423 46 55 624 65108,31418
10383 11474 11947 1210 1260 1375 1402 1459 160 1866 1966 198 2155 2257 268 3697 38641 408 4581 4755 48 5311 539 624 6802 692 78 9916,7160
110 1144 1242 139 1406 1459 1853 1964 198 255 3016 3041 33 34930 419 56569 7134 7582 807,4645
1109 124 1298 13106 18 1984 238 239 24937 30780 3492 3515 3686 384 5098 5114 5187 62118 624 6400 65812 70303 781 968,3445
121 122 1236 244 2450 2718 4377 44 624 6715 9411,11075
1036 1144 121 1324 1625 17098 2450 25019 284 326 3515 3663 40 4398 4639 4861 538 5404 56034 624 68 721 7469 74982 84 99,14816
1072 11812 122 12441 1380 1459 18112 21026 225 247 284 320 3976 4332 4860 4997 53430 55 617 66 8551 90,13807
1144 11456 1353 1421 2 2100 23242 268 29 33 3622 37445 4364 4613 4738 4832 7962 90 9173 94,7511
1036 10580 1584 17892 2 2016 2104 244 24629 247 267 2690 283 284 29 3347 3515 428 538 56015 569 58 584 6198 668 68 8098 8099,19147
122 17803 247 284 3016 30601 30602 571 575 624 62675 68 84 8551 872 94 96,8150
103 1036 1063 110 11864 132 1336 150 1572 1596 17152 184 2 244 3337 4512 4716 5002 55 582 624 736 7581 8523 989,24527
13511 16236 1772 2006 225 247 27655 284 29 29894 3515 353 39256 46 48 538 624 65114 68 71 76032 8113 8114 81435 8307 899,8682
10729 121 2 202 2043 214 268 2736 284 288 30223 373 3840 3884 559 5612,12911
1109 1132 1298 208 239 244 284 28476 3672 37123 4738 5187 55 78760 9977,10995
1144 121 12876 15392 2278 23749 244 246 284 29 304 33 3515 40 459 48 4826 49 538 5392 5448 635 6400 68 685 71 7127 7202 75 8633 968,19969
121 1210 122 17738 1785 2 24119 247 284 3976 4900 55 6476 71 8816 9230 9301,23417
10139 1036 121 150 2104 244 273 274 3088 40332 459 5114 546 5465 5716 5895 5944 624 78,11614
115 1198 121 122 1336 1628 1770 2 257 2618 27405 4114 624 633 66899 67874 736 85,11775
12708 1298 1301 1445 1554 1597 1853 2 2450 247 31300 3164 31800 417 459 4740 477 4799 538 5651 623 624 6381 669 7 990,9028
10740 116 1195 1196 122 1260 1585 18074 196 2 20 224 230 33 4475 55 624 7108 928 9975,11825
18 1847 185 1866 24608 332 40 428 6038 6684 7404,3058
10740 11 1460 1598 193 196 2 2279 244 247 268 2682 284 30601 30602 3413 3499 3515 41059 4364 5114 5115 5116 538 55 7245 764 8471 872 914,25950
1024 1036 1236 1584 2 244 2453 284 2889 29 3256 449 4581 4732 51 5231 55 58 606 64783 692 7 71 75 822,25081
1036 1298 213 22723 238 288 356 3792 4462 477 6593 968 9739,1798
1144 11605 133 14673 2598 268 31334 33 4364 55 58 624 84 8898 9911,4659
1036 110 1144 1195 1459 1687 198 2 201 23778 2450 2663 267 2690 2807 2812 3041 33103 35659 419 4489 495 55 57 624 7582 807 9 928,13569
11515 1242 1260 1375 14678 1726 1849 2 2069 2104 2272 25891 353 4738 4775 48,7258
10018 1036 11357 1197 11990 1766 18090 2 2031 2450 3515 353 35822 5094 533 538 5489 624 78237,9545
15762 1598 2 2036 244 268 284 3027 3369 3424 3588 4364 4489 4701 4778 51 55 624 7392 74 7467 9945,17753
1144 1260 160 18885 1931 198 20240 2100 244 2753 284 3515 3667 40 4080 4738 538 541 7114 7582 7728 8489,15548
1036 198 235 284 2916 3457 3515 4364 4488 4521 4581 4732 4868 538 72310 75,9661
1091 10989 110 1132 115 2 2460 284 3515 3703 4581 5225 538 55 559 6126 75 7789 8877,18970
1036 11790 121 160 17163 18 244 257 2682 36576 40 4592 5959 79319 812 97,11214
1036 110 13332 13917 2 2450 250 26021 2718 4732 5250 582,12597
110 1459 2 2293 3023 3262 419 4269 75 899,7842
11203 1197 132 139 1403 1585 2 20924 244 5697 624 84 9412,11214
11184 121 1260 1557 2 284 396 55 624 673 71 8553 9274,18452
122 124 1598 16 160 185 244 2682 3243 57 5720 75 816,7598
1056 1260 1298 198 284 3041 381 40 4939 545 57 5938 624 75 87434 955,11011
1132 116 1197 1237 139 1445 184 185 2450 247 2736 5041 5465 55 57 624 6529 767 78 7857,8942
110 122 1459 19319 2 2279 238 284 326 3515 419 4543 538 55 56810,16296
11237 122 1794 18069 2 2648 2718 27896 3016 356 396 4273 428 4477 55 6529 955,7961
11115 1210 2547 2657 268 3 32275 3328 337 3573 4099 4945 52603 624 64 84,1270
110 1134 1144 11832 1337 1459 1589 2104 28929 298 33 419 4639 5392 56752 5947 872 87433,1824
10236 1144 1210 1230 1820 194 196 284 33 3374 4133 4738 47876 4881 55 621 66851 685 72095 807,7059
1109 1144 1287 1364 198 2 23 237 244 24992 284 32104 3515 3755 4219 4269 4738 48 538 55404 606 983,16905
160 1638 1781 198 244 326 383 43862 4905 71 8124 84460,8607
1127 11528 11555 14567 1585 2005 23103 244 2450 268 2710 284 3515 3590 43565 4716 538 5465 55 5854 624 6780 68 78 7873 851 9111 968,21118
1195 121 1298 1598 1849 18596 1876 2 2338 24962 268 29291 3208 33 34532 422 459 5066 55 612 8014,11040
1260 132 1510 1598 1820 247 24962 284 3071 3262 3515 465 477 538 55 62898 68 984,19139
10101 1299 1338 1547 1589 18 196 2 2450 284 4155 51 55 624 74 7864 80978 84 9111 99,15535
110 1260 160 17783 2420 2815 30944 3254 39052 4175 46 5408 55 63932 7998 90,3884
10447 1144 1260 132 14038 1766 1849 185 1926 198 24068 244 2450 2712 2815 33 3424 3792 4738 4753 51 512 5167 53067 55 624 636 8649 8664,15984
1036 121 1380 1726 1767 23047 284 29 3515 4489 4775 5096 538 544 581 6288 6400 770 93,10572
1144 1298 132 17858 2 2104 2279 2460 2797 33 3989 4716 4738 55 57349 624 668 75 7884,12347
10183 122 12433 17450 2 2343 244 2450 2687 293 30287 44 459 539 624 85 928,14465
11096 11595 1858 196 2 244 268 279 3515 3590 45268 46840 4994 52714 538 55 5936 624 63932 84 9403,12746
1109 121 1260 1298 133 1336 193 21393 2145 2246 278 3164 3422 4377 4738 5187 5465 57 624 78,8735
1036 1109 1984 244 2450 3020 3396 35518 413 46386 624 7 71 75 7986 855 928,8976
11015 1129 1144 1242 139 1772 18 1992 2 2124 2152 2962 3036 33 459 4778 624 7582 9132,9255
1132 121 15718 1926 196 198 21422 244 2450 25776 2741 2753 3041 326 3397 3542 383 4146 55 624 7120 807 8551 86697 930,16281
115 17737 18 2 208 2246 2279 244 2450 2536 298 477 4802 5014 5514 624 66 6700 73,13501
11166 1132 1178 13436 2205 244 250 2555 2618 284 326 48142 51 55 624 77447,12231
122 1298 1336 1587 2305 244 2615 283 284 32467 387 4489 5002 533 55 56842 57 582 624 7048 85,13725
110 1116 1459 196 238 270 365 41415 41416 418 419 42303 55 56754 692 728 9822,3604
11237 1144 244 3515 3676 40832 40836 4273 4568 4724 4738 477 5171 538 605 624 7109 930 955 9664 99,7486
1010 132 185 1926 198 2 21000 3374 3792 4753 5 55 55265 6 636,10435
121 198 2 272 282 284 2906 3515 46319 4900 538 60296 7 8664 99,17313
2099 213 2162 244 268 30601 30602 356 3589 4364 5715 624 6759 68 872 9147 94,7107
122 124 1589 196 21662 2378 2450 326 51 529 55 571 624 8650 928,8403
1210 1259 1766 1866 2 238 268 55 624 68667 75 75620 885 9811,11086
1038 11384 16902 17379 1838 185 18886 196 213 22754 23384 244 2454 247 267 284 3858 4427 4997 55 624 8553,20201
1031 1910 198 2 2100 2104 2279 2305 244 274 2753 27634 2771 284 288 290 3111 3127 3181 388 4489 4581 55 85 9 94 968,21531
1036 1108 1132 213 23515 244 268 2690 284 3515 4133 4489 46 4738 4778 5455 55 5847 6244 6636 87423 968,11198
1024 110 12114 1375 1589 198 2005 2104 2450 274 2814 284 3096 419 51 5465 57 624 6532 66 68 6873 8257 948,10500
1144 1298 132 1984 2 2104 244 25673 3209 3272 3412 375 4738 4938 55 5565 7582,11069
1038 1197 1598 19196 196 213 2465 27532 30601 30602 45468 5465 55 55306 624 78 872,5302
124 160 19041 244 268 3249 3590 51 527 529 54575 5929 624 7873 7998 855 899 9702,8694
1036 1144 1279 1594 1711 17169 19972 2 2254 2272 235 29 3074 33 3515 375 4738 477 538 565 68 692 75 7582,12568
1036 10490 11079 11100 11101 1298 130 1772 2104 23394 25250 268 284 3173 4080 416 55 573 624 71 80750 8898,12806
10108 1074 160 17471 184 196 2 2279 244 2450 268 2747 277 30601 30602 42248 4240 4364 5001 55 55345 5847 5881 624 75 872 9416,18128
1197 121 1589 1598 2111 2753 282 293 4364 4701 47552 508 5465 5565 624 63436 7 71 72867 78 8113 8114 8932 9921,7560
116 1298 160 18 185 19006 196 198 221 244 2453 2815 284 37410 4755 4997 50861 5493 55 55451 59805 605,15732
121 1507 198 22389 284 30601 30602 3290 449 5044 55 624 71 8520 872 9082,13998
12638 1376 1581 1584 160 1619 18 185 198 2 2034 2315 247 4207 48 51 58659 668 75 7960 825 9615 9990,13544
1036 1135 121 122 1260 1298 1510 1585 1992 2 21399 28644 2906 3713 40 4377 4489 4732 4755 5335 624 68 71 75 8274 8555 858,21621
10204 12051 121 1287 1336 160 162 1849 268 274 33 393 4027 4279 43 4738 582 591 68 7260 8017 86464,6561
1048 1128 116 132 17152 19617 2 244 25664 284 3151 326 412 459 5002 5095 546 55 573 5929 668 71 96 984,18824
1380 1403 196 202 25237 3374 398 4901 55 5588 68 692 81930 984,3751
12093 132 1766 198 238 2460 247 28074 3016 3188 340 3424 4982 5465 55 624 78 8113 968 984,10356
10037 1036 12335 139 198 2 244 337 3855 4135 447 4639 4732 4779 518 5182 6400 872,13981
1144 11756 1651 2036 213 2770 284 30944 3263 33 3424 3515 37585 4738 538 55 6169 6400 8441 8527 882 9223,9048
11305 1259 184 1937 2059 2068 2100 268 274 303 35833 477 5355 5367 5868 69 9393,1427
1064 122 1259 1589 16200 1838 185 196 2233 244 2460 284 288 28916 29681 3513 37 476 48105 55 618 6400 6835,13061
121 1260 139 15334 1598 160 19503 198 2453 2912 477 5157 624 66543 7242 764 8113 8114 93 94,14539
1036 110 1210 181 198 225 2433 2593 268 26954 284 3515 3705 4094 53260 538 624 82039 85208 8898 900 955 968,14147
10865 15165 1849 2 2028 2682 33 3997 40066 4030 41951 4738 50693 55 675 692 71 872 97 988,7980
1038 11096 1144 1260 1598 25227 267 268 2908 4234 4738 51973 60 6175 624 73 764 87102 8898 9979,4712
10097 121 1242 1260 13303 1337 15925 1598 160 198 2 208 21628 238 239 244 2453 247 268 3016 353 3537 3590 48 58 624 74 75 7873 8949,28585
11025 20520 244 3227 59418 6585 71 736 8929 968,8255
10784 11144 1132 121 145 1452 1482 160 1898 198 2009 202 2220 284 337 4579 4901 51 53477 55 5697 692 840,15656
1109 1144 1375 1598 193 196 2034 2465 247 282 284 2900 298 4738 5440 55 668 686 71 7582 77739,16307
1134 1135 121 12807 14208 160 2022 2036 244 2450 249 2618 2687 298 326 3803 48 6134 624 71 748 8171 84,14975
116 149 1838 196 2 2009 213 244 24455 257 284 3422 39778 450 55 624 9298,16424
110 122 1459 160 1926 2100 22937 244 2545 265 284 33 3792 3801 38828 419 4543 4753 6123 624 636 7582 75984 84 90,12279
10454 1109 1298 12985 150 15932 2016 2316 244 268 274 284 31893 3515 428 44043 4427 4489 459 4775 5187 5444 5885 624 676 87469 8774 8932,9504
10 10342 10447 1063 11575 1197 1210 21377 2433 244 2552 268 269 270 33444 3537 3697 55 5556 564 5656 6075 624 736 8552 8553 968,8885
1144 116 1403 1585 1598 160 19575 23298 33 4377 4738 55 624 9197,4392
10500 13049 150 24059 244 2450 284 3515 4477 4716 538 55 624 66 9230 985,16819
110 122 1375 1546 1568 19598 2 244 2663 288 3777 419 4775 5089 529 7237 899 968 984,11612
10123 1036 10798 1127 1144 11713 121 12692 132 18676 19546 2 2269 239 244 2781 3208 33 4738 5436 55 624 6400 70414,17292
11025 1260 1301 139 160 1626 2 2687 40 624 9395,13454
121 1260 2 2256 24958 268 275 353 3590 3794 412 4544 4592 477 5137 55 574 6169 6226 624 68 692 8595 8898,18807
1036 121 1210 12144 12537 1293 145 1589 18903 196 19834 2 208 23994 2430 3065 36051 3738 4489 4732 47831 55 624 86421 9147,15049
1036 1260 198 22062 268 3010 32824 3697 4364 4581 4732 4755 477 6428 73 74197 8307 9659,5709
10496 11979 133 1589 18 2 24031 268 28247 30409 30410 3069 383 4364 4628 6518 948 949,6081
1144 11936 1210 15328 2 239 244 2529 279 29256 3515 37973 4382 447 4716 4738 538 624 71 7582,13306
1017 110 1134 1236 1375 1589 18 196 2295 28996 29 31444 419 4752 55 56764 66 6780 97,3603
10246 121 1259 1589 2 4716 4898 573 59062 60854 624 692 71 757 824,12868
1598 17589 2 2278 2279 244 268 2803 28104 284 326 38118 4364 55 624 6758 7452,17354
1132 115 121 122 12226 1584 1727 18026 198 2 244 2450 3999 40 4755 517 58 6027 624 9845 9846,19747
1036 121 1678 1772 2 29 3484 4259 624 6341 6435 6584,10374
11079 1109 1598 161 1849 185 198 2449 2450 2626 274 29995 3499 38750 4738 606 624 75 822 8954,5511
11376 122 1589 1716 2015 244 2450 284 39 4122 4694 624 9335,9308
11021 14916 1781 1796 1849 196 198 2 284 29 3515 4738 4740 5122 538 5436 55 9 9740,16336
13521 1585 1598 185 244 284 288 3373 44089 4755 5465 5747 624 69283 78 7810 807 84460 88556 99,12287
114 1144 11917 1260 16478 1772 18598 2131 22038 22724 2315 23778 244 268 284 3515 39 449 4738 4753 48 50637 5073 538 71 78 79 946,12972
10576 1167 139 15993 17706 18 185 2 2334 376 5193 6032 638 692 71 8856 97,9229
121 1210 145 150 160 1928 196 198 2 204 225 237 284 31153 3663 3791 38291 42923 449 4674 624 6670 816 87071 9,17591
1063 11671 121 1584 1598 1599 2 2102 2257 244 268 3039 3590 40 42626 624 6400 71 78573 7873,18920
1132 1298 139 14383 1980 2453 268 274 30601 30602 40 477 5098 55 673 872 8836,5242
1036 1195 2104 2450 2452 2454 2460 274 284 31820 31907 3515 3646 3890 4732 4918 5045 538 624 7198 8013 8339,8911
11184 1195 121 1236 1336 139 1849 18588 214 23539 247 26169 268 2735 288 3020 4364 4738 5001 5002 58 61548,5410
11079 132 160 1766 198 2629 2703 284 3141 326 3756 5465 55 6067 624,9982
110 1144 1259 1260 1375 1380 2 2166 2616 33 348 40964 419 4738 539 606 8125 8565,7924
121 1766 18 2102 239 244 284 4914 506 55 569 75,16720
10593 113 1349 1589 1849 2 244 284 3515 4132 41981 4738 538 55 60 624 72378 7349 74642 7581 78 9916,18314
103 10645 1134 14223 1726 1849 2 208 22891 4738 5158 5465 606 624 66 683 75 78,11459
10373 10645 12441 244 2711 33 395 396 60994 6387 68604 71,4963
1144 15665 1772 185 2104 2195 23778 24918 2626 33 3672 38686 4364 447 4489 4581 558 564 5909 65320 8265 8307 9271,2221
1036 11979 1337 2 2122 2258 2433 244 26119 3663 383 4377 4642 6455 773,9221
1036 11733 139 1547 1785 198 2 20268 23234 2648 2973 30443 41297 476 48336 5465 591 624 6400 698 721 78,11745
1036 110 1195 1459 1546 1584 2233 244 27262 284 3550 388 419 48852 51 52367 56742 58 64 692 74 773 9298,9479
110 1131 1459 1589 160 1926 2 247 3176 33203 3663 582 64171 6460 6476 721 735,14731
121 12872 1832 198 243 3235 4854 5041 5042 5573 624 6615 7186 807 88279,6365
11079 1132 1197 1210 1584 1852 2 21737 2536 268 2998 3515 3988 415 459 4738 52408 538 624 6400 66 6761 75 7661 8293 8465 94,10843
121 1259 139 150 160 18 184 1926 2 247 284 4036 5462 6226 624 6578 6596 8339 9390 94 9778,20339
1188 1197 122 15343 16051 184 1992 2 2450 284 3016 3441 3586 3846 57 624 9687,13684
1532 1849 244 284 326 4738 5489 55 57469 58653 68,10250
11096 1259 145 14749 15612 15717 18566 2 244 2450 2694 271 284 4380 55 624 6252 866 9789,16873
122 1452 1598 1898 198 21377 239 244 257 269 284 326 3515 4775 48 527 538 55 57 6152 624 6405 6811 739 8465 9047,20357
1013 110 11004 1197 1375 15606 15993 1906 2 215 2460 284 3315 3335 3424 3515 419 48 538 54649 55 564 6400 66 68 71,17011
11196 1144 11503 1260 12878 1298 1301 139 150 160 1898 20795 244 284 29391 3349 3515 4656 4738 48 5122 538 7582 8561 92 972,12114
11843 1409 1446 1598 1766 1808 2104 2450 246 247 284 2853 2912 326 3385 3515 393 4489 44988 459 538 55 624 8553 9 930,23449
11808 121 1260 1376 14045 160 1926 196 2 2104 247 284 3493 3697 4364 4652 55 614 66,26621
1090 1132 1134 1236 139 17033 1849 2036 2103 268 2801 284 3424 4286 45823 4738 477 494 53513 55 624 673 882 9403 9916,9630
2009 2279 244 40 44 53304 624 7204 721 75,7139
1260 13830 1598 17588 2 2077 2232 244 247 2479 268 353 3590 40 459 481 5465 565 624 6262 78 7995 99,16870
12542 1585 1766 1984 2 2081 2278 2460 2623 2682 284 29 3191 40587 42825 4753 5565 5568 624 63 66,10884
110 1109 1205 121 1418 1459 2 2104 2463 2715 282 3515 538 5536 56695 5929 624 8135 830 84 8650,11458
11357 120 121 196 2 393 4271 5164 55 68 71052 84,12833
1144 1174 122 139 1576 1577 1584 1585 1853 19236 2 221 244 2717 284 3262 3450 3537 37399 4056 4564 4592 4738 4799 4945 5010 5066 512 55 602 624 7582,19602
11887 15011 1589 185 2 2036 244 24436 268 3424 4377 47533 5764 624 65 6642 7109 78 8898,12824
1036 11184 121 13470 1979 1984 2 214 268 29654 40 5010 57 58 624 7144 73008 968,12464
10248 1086 11380 124 1298 1772 18 1853 18613 19450 198 2016 2312 244 2838 375 396 4205 4246 5311 546 5885 624 90,8602
1109 12425 1260 14474 15507 1598 1726 184 1849 1898 2 244 2449 274 277 4738 50725 71 7202,13830
13323 1453 19547 2 2002 244 26458 268 278 284 3515 37742 538 5844 624 84 877 8898 9945,17203
1038 110 1183 1375 1520 198 23081 284 3515 357 419 538 55 61305 624 64676 7 71 773 8 9,13341
1036 115 121 1598 1937 198 2385 244 268 2719 2803 284 3515 3526 35446 3663 4205 4246 466 509 5122 538 55 584 624 6683 681 688 8898,22294
11193 1375 2258 244 2483 275 282 284 3515 462 527 538 624 739 74102,10181
121 1287 139 185 2069 244 287 326 55 5703 58 6456 773 84460 9,11709
1036 12461 1260 130 1392 1613 1626 18 18901 2450 2460 284 55 5703 624 6476 6701 721 820 85274 928 968,12398
1064 1197 121 1210 18 1908 196 247 2657 268 284 3081 356 4364 4433 449 457 48 51088 55 71 9519,20096
1036 1063 10641 1195 121 13159 145 185 2036 2194 268 3070 3590 412 4581 45823 4732 55 624 6405 84460 8898 998,12058
1018 1109 121 1298 139 1770 19577 198 22284 23 274 284 3515 3663 375 4085 4775 4900 4901 4903 5006 5187 538 5940 692 81316 9,13969
10111 11079 1259 1298 132 1598 1651 18 1849 19608 220 2413 244 284 4738 55 5821 606 624 6326 8577 9857,12716
1134 121 122 160 18654 2 2036 2131 2682 3014 3515 3646 4838 5080 538 574 6060 624 66 807 875,12549
121 1419 1584 160 1766 18688 1926 2 244 284 29 3515 3537 4051 538 58565 624 7789 88843,22722
1062 1144 121 1360 160 196 2028 277 284 33 35045 35069 36800 4738 55 58 624 71 8520 9818,13876
1298 1606 2 20870 2381 2730 284 304 459 624 6689 71 75 76064 9639 9679,13168
110 11528 1195 121 1375 14132 1520 160 1656 196 198 2100 2104 2392 268 2749 326 419 527 55 56653 624 7202 721 75 76549 78 8898 92,15995
10682 121 1236 139 2 2138 2219 244 247 268 30755 3590 46 624 72101 968,15633
1064 11731 124 15620 19319 198 268 284 2845 298 30586 3515 3686 393 44 4738 538 6414 70 8171 8967,8266
120 121 122 18244 20795 244 284 3349 3663 48 624 81341 85 8705 9 972,12100
1036 1598 18 198 1984 2036 29 3424 3537 3553 4142 46670 469 5315 55 61719 624 692 72882 7574 947 99,7008
1021 11301 139 1585 160 244 247 284 4377 45540 48 5440 5444 5465 55 582 624 66 68 74 812 87,24292
139 13935 2 244 2450 267 2736 29 2947 4564,10197
12593 2 2450 268 29 4364 5011 541 5854 624 675 6962 7873 820 8947 9191 97 9842,7746
1109 1117 15727 1585 1598 1988 238 279 3373 45590 4799 541 5798 624 7224 788 8899,2674
10729 124 12810 17165 2460 250 2669 2672 268 284 3036 3041 3515 4364 4473 538 9215,6740
110 11344 18 196 198 238 244 2719 2753 3342 3515 37804 383 43941 449 51 538 55 582 584 629 6790 85,18245
11946 15430 1849 2 2176 244 2618 3609 3740 387 4738 5184 5260 55 678 692,11131
1036 11376 121 160 2 2310 244 284 3001 3555 55 685 692,20513
1031 1547 184 198 2036 2279 284 3424 3515 396 40 4004 538 63164 685 69176 7,9601
1038 1144 198 214 2450 250 25337 27107 288 33 393 4389 4642 4738 55 571 624 9907,6044
121 2036 3404 3424 37405 3755 5241 55 57 67418 692 83653,6382
10038 1036 122 185 1926 214 244 268 274 29277 3174 365 3663 4594 51 51457 60 60124 66 736 924,6416
1274 1598 1726 196 198 208 2260 250 268 304 3590 365 384 40 412 47692 55 59918 623 624 681 82319 8898,10024
121 1260 1591 1667 1698 17076 185 196 2 21009 2293 2312 25619 268 2797 3079 3515 3992 4364 538 55 606 692,15296
1109 1598 2 21292 2162 244 284 3369 5090 5798 65002 764 8614 94,12605
11519 11548 198 244 33871 4639 99 9925,6168
12119 132 139 1598 2258 244 274 284 3493 3766 4377 4732 55 62169 678 72884 882,11221
10097 114 1144 121 12207 1766 1926 198 19989 2104 21662 239 244 2450 268 271 284 2925 326 3686 40 40026 4427 624 63278 6654 6725 7 9110 9111,21522
15233 1546 1589 2 214 215 286 55 624 678,8973
110 1109 122 1459 16581 1926 2305 244 2542 2706 38671 522 56810 624 71 90 9916,6500
1144 1298 160 2 244 2815 33 34236 40 4489 465 4761 79494 9955 9969,11756
121 2005 238 2908 5117 624 6430 9135,5323
1135 121 124 1598 20366 244 268 3880 4756 512 5497 55 5958 624 6400 8898,11579
11237 1132 1144 121 1210 12629 1298 15281 1671 194 2016 2078 213 247 28647 29979 33 3629 4273 4364 459 4738 48 5085 55 624 6684 7582 955,11252
121 1210 14375 1584 160 1926 2 2305 244 247 268 284 30769 3345 55 58 58734 624 6550 7 7188 75 8 8314 9,30899
10232 10884 116 1451 1452 1453 15513 1585 19624 2 277 284 3075 3515 35359 4122 467 4716 538 5539 624 6978 75 84 8730,15915
10123 10394 1567 2 22225 244 26985 284 30601 30602 3288 3537 624 66 683 7 79934 8 872 9,13458
105 1132 11840 121 1210 1459 160 198 268 3204 528 55 624 681 69 71 771,11353
110 1236 1260 1268 139 1459 1988 2104 25359 28933 40 419 495 5249 6526 68,6103
1132 11344 122 15991 2 2718 2766 2797 29737 3267 4860 495 55 624 692 71 7222 968,11312
1063 12702 139 18 185 2279 28970 3537 4131 43 57 61583 624 6707 7977,4012
10143 1134 1144 139 2682 32105 37416 40 4738 5388 71 8604,2832
110 116 12144 14576 1598 1780 18 196 24282 2449 284 31033 48366 49593 55 5834 8339 8549,8310
10111 10117 139 1403 1589 1598 2104 244 284 3515 36860 4248 4701 538 546 624 71 8171 8307 8339 9369,15052
115 121 160 179 2 20523 20936 2450 268 2753 2761 284 326 3515 37750 4364 538 58 584 624 75,23175
1044 1047 1144 11557 121 1589 1598 1599 2 20207 214 215 2450 268 279 284 288 32265 33 3515 3551 3658 4738 4755 538 6205 624 6684 7582 81930 9179 9514 968 998,17484
121 145 15927 18577 244 2450 2460 30584 34227 4366 5885 624 8712 9818,9509
1260 1716 23384 244 24639 40 459 465 624 900 9687,8202
1134 121 1819 2034 2223 244 2545 268 46063 5029 624 71 911,9444
115 139 160 17508 1808 185 22769 284 3204 326 545 55 6400 7953,8645
1036 11118 121 1546 208 213 28195 4938 5002 8339 8553 88908 900 94 9962,6025
121 1585 1598 160 184 185 23015 284 2974 3086 3373 3515 3818 52297 538 624 68 84012 8551 8963 9403,14397
105 121 132 139 150 160 18 2254 238 244 284 3294 393 5190 55 624 668 673 7057 75 764 82775 8339 8830 9787,22478
1134 1259 1507 1584 1988 20104 225 2334 268 284 3537 4534 624 678 721 75 843,6337
10284 130 14441 1849 18566 2 2022 2100 2450 247 2752 2753 2800 40228 46 4738 55493 624 6400 67701 748,7110
110 1197 121 1298 13781 150 1546 1584 1598 1979 198 2 2077 214 244 2464 277 290 3088 372 564 572 58 582 624 7350,27509
10011 11810 11811 160 1713 2048 268 2974 4364 459 477 624 8307,3369
10 1598 1767 1937 198 20956 2104 2831 284 4775 539 55 5917 65 681 7 70346 736,9469
1036 1107 1134 116 128 15976 1984 218 268 2761 326 3437 42644 4945 559 5617 6283 930 94,1614
114 1260 18 19253 2 2021 2258 244 2475 2815 35182 40 42495 584 606 624 71 843 8584,16187
1132 1210 1260 12600 1598 160 185 1986 20355 2126 235 24236 2463 268 293 55 5531 5608 6023 9559,4586
1036 1038 110 114 1211 132 139 198 2 2274 244 255 29017 337 3663 393 428 55 623 683 984,18791
1167 121 12259 1598 196 1987 2 238 244 40698 449 55 623 764,15540
11435 121 124 14375 1598 17605 1766 1994 2 2233 2450 465 55 624 721 843,16414
1210 139 1598 184 2 2007 2334 244 268 292 565 624 681 7793 822,12759
10735 121 14934 1585 160 16486 16487 1849 198 239 2449 265 288 29 3314 35086 4738 47940 51 559 606 624 79465 851,9692
110 11402 121 18559 1955 196 2 2279 244 268 284 30277 38538 4364 55 582 624 639 68 989,29330
121 1210 1259 1546 2 2036 2278 268 298 30027 34152 3487 353 46 4771 5688 6400 7138 75 8339 900,14656
1007 121 1260 16537 2 21328 247 279 353 3554 36779 4901 55 559 5754 5939 66 773,15284
122 1242 139 1589 1849 18596 2 244 2648 26647 2890 3181 33 4701 4738 49 544 5582 559 57542,11754
1197 121 1210 160 196 198 2 2449 246 30601 30602 3425 36702 5114 535 5392 55 573 581 71 7259 78 84460 85848 872 9566 9810,17582
10079 1109 1201 121 1210 1298 145 160 1766 2006 268 3515 4716 5187 5919 624,6558
1005 12066 18 2 22036 247 2534 267 284 29322 4489 4568 459 621 692,12053
1210 15334 1598 1838 198 20338 22887 2449 279 33201 3412 375 4031 412 415 4997 559 590 624 721 764,4492
14056 21594 2258 244 2460 2464 275 29758 3697 40 4260 459 5166 5748 624 75 764 7661 9,8144
1210 1260 1589 1598 184 1933 2 21262 23002 2450 279 284 293 37410 3757 5188 5418 55 624 678 871,17508
1036 1127 11366 121 160 19425 1984 2363 25310 2976 393 4900 692 79092 8,5888
11684 1260 1546 1585 1726 1988 2 2069 238 2661 2735 40 54118 55 624 6400 678 68 683 71,16100
121 1519 15606 160 1662 2 2158 244 247 267 3036 32174 4659 5099 6175 6520 7998 8339 96,14626
1127 1144 1154 122 1269 173 198 268 2736 274 33 4027 4489 4738 477 583 5936 6 624 7480,5291
10204 12600 1589 1598 16245 244 2753 284 3580 3697 3997 4755 477 55 6400 8339,12086
11898 1210 1266 14348 14674 1585 1589 1681 16840 1979 198 1985 2258 2450 268 274 28996 3041 48 5640 624 6396 807 8520,4183
11982 124 1379 1589 1598 196 198 267 3766 3846 4080 55 9591,4562
120 122 1259 139 1584 160 2 20829 24100 3676 4549 76356,7484
196 198 2 246 2618 284 29 33627 4135 4906 527 55 58 581 606 6973 71,16889
1236 12948 1434 1726 19360 2 21357 22298 235 268 284 3515 40 450 4581 465 4732 538 55 84 8584,16673
11954 16951 17238 197 1979 198 2 235 244 2452 2718 284 37422 4271 459 46 5465 6230 7 71,16022
10185 1036 11361 1144 12144 1242 1434 198 23994 24143 244 24858 284 33 3777 43168 4364 44608 4489 48100 5465 624 7 73 78 86421,12182
10329 1122 115 14726 22767 244 2460 284 290 3515 5048 5219 5220 538 5705 59872 6228 6455 83182 986,9836
1036 1038 24106 2460 24819 2797 284 3444 3515 396 4581 4732 48939 538 55 5885 76804,10300
1038 190 196 198 2 2117 22225 2831 4476 46 4610 495 5029 5239 55 68 7870 8339 84,11594
10196 11406 121 1210 1260 139 160 1670 1749 19360 244 2682 274 284 30734 3515 45756 538 5745 606 63631 85 8845 92,17090
11025 1260 14985 15575 1584 2 24326 2669 284 33157 51,12975
110 1109 121 132 1459 1690 1785 1916 198 2 267 2755 3537 3540 3586 40209 55 56573 6036 624 692 87521,14447
10 1109 1134 1298 132 15580 18596 193 213 244 247 2611 268 271 2981 3515 42792 449 528 5311 54701 55 62147 624 66422 7 828 94 984,10415
1144 11784 1260 1298 1849 19456 2174 23383 24931 25949 27612 287 29897 3663 384 4738 4815 48939 4945 5945 68 6997 70958 9,2461
1063 116 17047 198 2 2228 2450 28147 3515 538 624 705 9267 9767,8211
121 122 16150 2 245 2450 2715 284 3515 4646 538 54459 624 68 8307 9818,17451
1144 17619 2104 21107 24225 247 298 3726 4489 48809 48939 4900 7598,1350
1144 1589 1853 2718 2845 3515 40 4738 538 7728 8307,1668
1307 160 2 2328 247 2618 284 3204 353 46 55 55272 6092 71 75 7998,22608
1144 11979 1445 145 1527 1628 18 185 19041 19106 2 2100 2450 247 2610 325 4080 459 4738 51 525 55 624 683 736 7793 7808 898 92,14626
10865 11025 1195 121 15165 160 1988 2 2117 214 2450 268 2682 2831 284 2851 428 4993 53295 5990 624 68 7 8551 872,19833
110 122 1459 238 244 284 320 419 44361 4822 56522 6400 7949,8614
1144 121 1766 184 2043 21424 235 244 2450 2529 283 284 3246 33 4639 5392 5436 57702 606 624 66274 75,17806
1144 122 130 1452 1853 19006 2046 23778 244 274 3023 33 4489 48553 5109 610 7054 8339 84 9147,5929
1144 1167 132 1375 1392 184 2 2106 221 238 244 284 326 3515 356 4740 538 55 591 728,21295
1036 10496 1260 145 1818 198 20777 21098 2138 244 24511 247 27359 2853 33 3736 477 4848 55 624 99,14038
103 1109 11298 121 12308 1260 17727 196 2016 2431 2450 2752 2753 279 284 3515 428 5039 538 55 624 6281 692 7315 7759 78777 9271 9619,16834
1005 1036 1127 116 121 1298 181 1853 2 244 2629 284 29 3663 3680 4739 48 55 57986 68758 692 764 9,21238
11235 121 122 1309 1374 1520 1598 1616 1714 196 20243 244 2498 26068 2736 279 284 2912 39 477 55,17213
121 2 213 239 244 2459 268 284 3537 41965 4364 46159 5307 624 6579 7219 812 8947,19229
1144 1260 12679 130 1663 196 1968 2 2104 274 284 2887 33 3755 4738 55 55539 64478 75,16826
1031 121 1553 160 1606 1772 1820 23947 244 284 33 47026 544 546 5465 55 58 624 6549 7363 75 78 8511 99,19318
12783 1336 139 14493 17152 2 244 2815 3027 332 3515 41246 4489 5002 538 57446 606 79574 9818,10339
10593 11144 1144 121 1298 130 18863 2224 244 247 2544 2789 284 293 33 35165 40 4738 55 6206 705 73046,21901
10394 121 13023 196 238 393 40 4118 476 55 8886,7850
1144 13969 19173 198 2 213 272 279 2818 29 30601 30602 33 37960 393 40 4738 522 541 624 8113 8114 8553 872 8836 94,12893
15125 17713 244 284 2862 315 3515 4248 538 624 68 7118,10861
105 12055 121 1419 196 198 2 2097 2381 55,13840
121 1260 1482 196 210 2246 2753 326 55 67069 73257,7357
1036 1298 1583 160 1796 1992 2 208 244 247 332 3980 44614 4918 5149 52580 55 58 624 7085,15416
11406 121 150 17229 2 21981 24058 244 2552 284 3515 3663 4716 4755 4799 5171 538 55 624 7387 9 968,25362
145 1918 2 2279 244 284 326 40 4099 5465 601 624 68 721 8977 959,17127
1210 1585 1766 198 2005 268 4080 528 539 5465 624 78 79995 9811,7874
11237 1640 18 196 213 244 293 30601 30602 32371 42324 4273 48 5261 55 624 6400 68 764 8107 84 872 955 9655,9568
1210 139 150 20437 213 25349 271 2748 2771 3 3100 322 4248 5261 5436 624 78 8553 94,4111
1036 121 1234 1589 1646 1977 198 244 2783 284 3006 393 48 4881 5171 52423 55 606 624 656 73148 807,18589
115 121 1546 196 284 2879 3515 4364 4607 47308 4799 53022 538 539 55 58 872 8816,13762
1038 11079 1132 2 214 2258 268 4377 476 55 587 624 6563 8339 8898,12023
10284 1144 124 1298 1984 2420 244 2450 3697 4389 4738 4753 4755 4956 5565 6071 624 6873 73658 75 9907,5926
1036 116 12057 185 19015 2 2028 21119 238 255 32825 3515 4581 4732 52271 538 55 571 606 624 6271 6811,10194
11733 121 20722 213 2335 244 25226 2823 284 288 3076 3972 40 5 624 650 68 692 7623 9740,14329
1134 114 1144 1589 2043 22036 23333 244 268 2748 2770 37742 4489 4738 5080 624 807 872 9639,7268
1144 115 1197 121 1259 13009 15804 196 2 23384 25714 284 29 33 3456 3515 42799 4364 477 4986 538 55 6430,21214
1144 122 1260 1403 208 23778 24142 244 28550 33 337 3697 37 4146 428 4488 4489 4755 55 5863 75,11849
132 1485 1598 2031 269 2753 284 288 290 4135 43 4775 48 55 605 71 7581 8932 947 968,7925
1036 11418 1144 11723 1226 1287 1364 23994 244 268 269 28340 296 33 3573 3590 4775 5392 58 624 7873 8555,6629
1337 14361 1437 18544 1866 196 244 2458 28233 3515 5009 538 545 55 650 68 822 8954 94,8235
114 11421 121 13675 1604 20907 2334 284 35 3515 538 55 569 57 5910 618 6476 71 8727,14372
10310 1144 1260 139 16083 1926 2016 284 3663 375 4118 4462 4679 55 624 66 71 75 955 9648,12793
121 17169 2 20104 244 273 274 3557 3612 43162 44261 55 584 624 68 8580 94 959,17157
115 1171 121 122 139 150 2 244 25589 3235 3584 4716 51670 539 584 68 71,20159
1031 10383 1134 121 1222 2 213 268 2969 5016 624 6555 6642 7120 7581 7764 81612 84,10170
10027 10175 122 1726 22900 244 268 284 3174 4364 48 6507 68,8929
11079 1144 122 183 2048 244 268 28096 3622 4135 4364 4738 477 5293 5465 624 66 68 688 75 7582 7974 8482,9229
121 12207 145 15745 1584 160 1698 1766 1977 2 2450 268 282 47577 522 5881 606 624 9207,14371
121 160 1766 185 1926 22867 2306 268 274 30601 30602 3570 45358 465 57 624 6840 71 872 8898 90,10288
122 1766 18 19253 2450 4568 55 575 5857 624 75 9111,8035
11366 1201 121 1266 133 1589 160 184 196 2703 30601 30602 3337 3798 4898 55 8656 872 8976,6994
1036 11025 1350 15670 1853 193 2 2690 315 320 396 4267 4581 488 606 629 66 683 8339,10823
1038 1144 1210 181 2433 2450 2593 268 4496 4738 529 624 6400 7088 8898 955,7767
1005 1081 1091 121 122 1314 139 193 2262 284 3515 538 65676 66728 71,11835
1459 196 2 2106 21643 3358 3506 37069 419 4799 5080 5465 55 59 624 75 78 8508 9172,11319
12328 132 1498 198 244 284 3543 4436 4878 55 6400 71 984,13279
10048 10097 105 1144 1298 130 13473 139 1598 18287 2 33 332 3631 44 49411 5392 624 65623 8663,7481
12859 139 2305 2460 26310 268 2969 3309 4364 4489 47472 51 5148 545 583,2493
1036 17738 21453 23 23197 268 3515 40 4063 4364 4799 496 538 71 84,3272
1144 1298 139 198 238 268 284 3041 33 3515 36918 3788 4738 49 511 5195 538 609 624 807 83221 8553 9147 9611,10457
110 1260 1412 1493 2334 244 284 35680 4564 465 51 55 75 78294 84 946,14250
12962 15637 22082 2454 268 279 284 29934 32414 3515 44552 4701 4753 538 55 60 624 63932 8898,11438
1132 114 122 139 15799 1584 1726 2 2723 274 2849 3065 3818 465 4755 55 58 9237,11169
121 1584 1926 2 44 4666 495 8339 869 99,10460
11079 1109 113 122 1298 1598 2077 234 244 2460 284 3515 5187 574 66 73077 8202 8307 8399 99,9253
11341 15991 198 2 22036 22842 244 255 284 3687 4489 449 4782 55 9489,18488
121 1259 1817 2028 23478 25180 25559 284 2849 304 3484 3982 43814 4639 59687 68 692 90 9132,8759
12175 13807 1584 1726 196 2 225 2279 268 2815 284 33 3515 5080 51 5157 538 5465 55 624 6642 78 8898 9566,20434
10773 1144 121 13516 1585 1613 1713 2005 213 2450 268 3707 4364 4738 55 608 624 66692 736,8342
1144 121 1210 181 21107 238 23994 2433 244 2593 268 2858 33 3351 3755 47052 5465 5508 624 6916 8898 955,13545
1036 1132 1144 1298 1373 160 16297 1926 2 2002 20942 213 2405 2458 274 288 29 30395 33 4266 4374 4639 4738 533 5392 55 5910 6108 932,9951
133 198 23 279 284 3010 3679 40694 55 68 692 7166 75 7688 79718,10983
1183 121 1210 185 1964 244 2450 247 268 284 4080 48037 55 5926 606 624 668 71 8977,24564
10524 1144 132 150 1600 1749 1769 1838 2 20055 2009 235 244 268 26809 284 33 40 4099 449 4738 55 58 6020 624 7582 84 8898 9789,21213
1171 121 1260 15603 2069 225 268 35759 38848 393 51 624 66 75 8898,11546
1036 121 12972 1589 194 1984 20158 214 2283 2588 268 270 288 3590 4008 40935 4701 477 5130 624 66 7 741 7873 92 998,7938
1195 198 2077 2100 2104 2215 25969 284 3697 37896 38070 5436 55 55067 6105 68 7002 84,10941
1134 1260 14418 1546 1726 198 244 268 284 4135 43 44776 4560 4639 527 5327 55 574 71 8650,16526
11235 2 2334 247 2753 284 3665 37546 5465 55 573 624 7054 71 75 78 84,24939
1109 11571 1260 1459 1598 160 1926 198 2 244 2465 250 26207 268 2736 282 29 5024 5270 55 6829 71 8553 8578 94,17985
1036 121 122 12698 1374 17606 196 2420 2449 2450 282 29555 4118 4572 4755 51 55 5514 624 66 7450 75 8107 8727 942 9712 995,11146
1036 1181 121 122 1298 1307 1937 247 29 30571 326 4135 459 46 53180 61906 6288 6811 692 8113 8114 8485,7593
121 15923 268 2771 2907 3744 393 4364 4775 71 816,5408
10777 11344 121 1842 196 238 286 3663 4755 49 5040 55 81269 8307 83595 9 9187,6336
1079 124 133 1698 2785 284 383 395 40 4993 5592 56806 60 6301 688 71 7200 844 86953,5700
1298 1407 1585 18 19700 198 2 215 267 2682 2710 27798 3111 3174 4145 624 75 8567,11722
1036 11975 11998 15993 19023 27807 3424 3515 39 393 51596 538 55 6476 691 8836,2158
1183 121 12654 18717 2 2043 2264 2450 284 3125 3515 538 5855 624 71 75 9111 9271,19906
110 1195 121 1459 160 19 213 238 247 255 267 268 419 49768 501 55 5529 56607 6287 7998 82757 8612 868 9275,10444
1036 12724 1336 1589 1686 185 2 284 3515 4155 538 55 5658 6400 67290 7345 8504 86319,14680
110 150 1556 1589 1598 198 2 204 2232 2297 238 244 2465 4716 582 624 6596 6780 75,26124
1036 11079 1195 122 1898 235 244 268 2815 284 3515 4716 4732 4964 538 5465 5939 6020 624 71305 8482 8775 9639,13576
10476 121 1210 160 196 2 208 21678 258 2629 275 55 6297 6369 673 683 7362 83858 84,14284
132 1585 1826 2 20214 2050 244 247 284 3515 4377 459 538 55 6123 624 79448 828,27300
103 1031 121 1298 133 139 14682 1481 184 196 2104 235 274 283 3906 40 477 4856 5189 55 624 8007,11901
1036 110 1144 1299 1382 2 20349 268 3016 33 3697 4250 4517 4738 4900 6581 7824 8504,5802
1260 14973 160 196 20620 20888 244 247 2684 284 29617 3554 3697 375 42 423 450 542 55 868,20403
1036 160 184 198 2 220 221 268 2690 284 29371 431 4364 4885 55 559 57 5844 624 6784 71 84 8493,21601
1036 110 132 15528 1594 18 19192 1984 22240 238 2450 3515 393 4581 4732 4938 512 538 5392 55 5565 582 624 6338 65259 66 9111 984,13178
1134 244 246 268 40 4129 449 4716 55 6044 61793 624 78 807 85,7889
1236 13091 139 1714 2 230 2450 25814 284 29 332 477 52763 544 58 605 624 6969 7954 85 968,13142
1260 1987 2131 22665 268 2815 3515 356 375 4531 477 4811 4997 538 5503 624 75 78 8137 8553,5711
121 1260 139 16003 185 2028 2104 2378 37234 3755 947,7157
1036 12006 121 139 1520 2458 268 284 3458 3515 35976 3663 3676 37741 3790 37917 4653 501 538 55 58 624 70785 75 8553,16791
1036 139 15334 1598 160 1849 244 2672 2815 2969 30601 30602 3373 3638 4671 4732 4738 5940 624 6746 681 764 872 9818 99,8536
11110 11810 11811 121 1260 19158 198 2 2016 2051 24656 268 2815 428 47322 51 738 848 9147 968,13056
1585 1598 18848 198 244 268 2912 3373 3515 4364 538 54065 624 7252,8531
110 1144 121 145 1459 1600 238 2736 33 37330 419 44294 4738 56806 9654,5267
103 1260 1459 1852 1876 19450 198 2315 268 28102 293 356 3697 42141 4755 527 533 5535 624 681 8007 8569 8898,7198
1117 1195 122 1403 1692 1772 1926 1937 2 208 244 2715 35371 3663 375 4085 4205 4246 55 58 668 824,12970
10204 15392 1598 2 2005 244 2450 30601 30602 3515 4778 538 5788 624 6526 681 872 8977,11719
121 1259 1351 160 1625 2 2059 2060 2328 238 247 4135 5307 6400 7764 828 924 99,12167
1144 1195 1196 1230 1298 14916 1598 198 2450 2460 268 270 3727 396 4738 4767 57 624 6460 6684 70527 71 75 8710 9179 9271 9480,7189
1074 122 1260 1394 15329 235 3537 546 606 624 691 692,4669
10935 1260 160 19460 19609 2463 257 3450 4639 4694 71 721,3497
1144 1298 132 1525 198 21300 2465 3631 4489 4581 55 6430 8504 9453,4234
1260 15165 160 2035 209 2166 23639 2368 2463 247 2694 2815 284 3515 3537 375 38867 44 5098 533 538 5959 624 820 986,9732
1036 1045 1135 22293 22790 239 3016 326 4732 494 624 6579 7476 84,2622
1134 12291 124 1260 2041 268 2682 2815 4517 494 4949 529 624 75 8339 94,6795
1144 1260 1298 1434 15718 19277 198 2009 22317 238 30601 30602 3204 33 34258 417 4266 4489 5006 5770 7120 872 92,4807
1132 14055 196 2 22036 2753 3515 40 4489 47538 538 55 573 58,10403
1144 12034 1299 1598 244 277 28383 33 3373 35750 4738 7582 76570 7878 80443 93,4062
105 15126 1598 1599 196 2 244 284 4428 477 4799 55 5524 572 59237 624 7590 86462 990,19391
10004 1036 10735 1134 11817 17516 268 2718 3515 3672 477 538 8146 9916,1479
12045 121 1210 1260 132 13588 160 2 247 268 284 3515 4246 4364 538 539 55 556 58 60276 75 8289 8609 9857 99,33091
1045 10529 10590 1337 139 1585 1772 18 24185 244 2618 279 284 326 418 4610 6123 624 656 8966 99,11290
121 1259 1584 2 20321 2199 244 2450 268 326 375 4364 4477 57 606 624 8493 928,18302
10004 103 10666 1260 14684 1874 2 21826 2534 2552 27078 29 55 68 8244 9482,9357
10070 1035 11168 121 12144 160 1766 2 2450 2715 284 31509 52203 55 573 58 624 71,21858
121 13730 15233 160 1769 196 19984 244 268 274 284 42007 4564 45795 477 5098 539 55 624 71 7469 8504,19181
10104 121 184 2124 2460 4689 4898 5803 6154 624 9540,5155
1144 12383 13806 1853 198 2 2460 2648 284 3444 3515 4738 538 5984 606,13654
1298 181 2 21592 2279 244 284 3181 4327 4489 4938 49757 520 5565 624 66 68 7631 8339,14573
121 1649 2 247 284 3515 393 4008 538 545 55 58 721 75 770 8178 8906,29167
12140 14302 14704 160 185 21772 247 268 274 284 46829 56160 624 71 84,6699
1132 1298 1299 145 15536 1589 1817 2 21679 22162 2449 27020 279 284 2904 3925 41887 45528 48 4900 55 90,12112
1036 1109 1195 1459 15872 19755 2 244 326 43353 4732 624 75 9085 9273,12939
121 1260 13885 1772 18 18133 196 235 2931 30209 30601 30602 3249 3515 4135 4516 538 55 60 606 624 65121 75 872 968,12009
1144 16409 1726 1964 198 1988 2 214 239 244 26539 28185 282 284 303 33 3515 3726 383 40130 4738 538 5465 58 624 6684 7162 721,20215
110 11184 1260 13137 160 18 198 238 284 29688 33717 3515 40 43566 4639 509 538 564 58 6811 92,13679
1144 1589 1766 1929 2258 244 25689 3672 4738 5659 5660 59043 624 7476 7550 7582 764 8307 9916,5020
10403 1107 1260 1598 2423 244 2450 2536 3697 3751 469 4755 624 8407 9 976,6287
110 121 122 145 1459 14679 15334 1598 160 16923 17877 185 23025 244 247 2803 284 38024 40 419 4436 56668 624 6756 764,17010
10108 1298 132 160 18912 2011 2104 239 244 247 3537 4564 55 581 66746 84460 984,11599
121 1298 1598 18113 2 213 225 268 2709 35518 3766 45747 4869 5440 55 559 58896 623 624 75 8113 8542 968,16883
115 139 244 2657 284 3424 348 3515 3540 3663 45238 45460 53357 538 539 541 6743 6811 692,11330
1074 1144 121 1260 1589 160 19930 33 375 4738 55 606 6332 69723,7955
1093 11025 1144 160 1836 1849 18566 18596 22155 247 282 3686 4146 4738 4753 48 4900 49206 527 63932 66383 8774 90,5525
115 132 1324 13392 160 2 244 247 268 284 2866 3016 3027 326 3515 4364 4489 538 546 55 60 6262 7728 8113 8114 984 9982,28086
12207 1260 1287 185 21787 238 244 26333 284 2927 304 3515 3697 3791 4004 4755 4786 538 59687 61317 6428 6715 67223 7864 935,12346
120 2 25697 2753 28560 326 608 624 66254 66554 8093 8307,6479
110 1375 18 2 21329 319 33953 37938 38226 40 4028 419 4581 459 56778,7772
1175 12009 122 132 1589 21347 244 4088 477 55 624 79895 8635,7562
13981 196 2 2682 284 397 53916 55 68 6811 84320,12291
10630 121 1589 160 18 1849 19491 2 2458 284 4738 5460 55 557 606 624 75 79086 807 9780,21645
10 110 121 1298 1364 14231 1459 1662 18539 198 244 284 2897 3866 419 477 4861 5426 56596 5696 591 8399,14952
11823 1183 145 14787 1527 16382 20608 284 3060 3515 538 55 569 68 94,11036
1132 121 1584 1598 198 20111 250 2545 3384 4028 4775 4863 5006 51 55 605 624 639 681 7063 764 968,9806
1035 1134 1195 1210 12124 150 198 19842 244 268 61697 624 9819,7919
121 1210 1584 1814 198 2 268 2815 3208 3697 4755 539 6169 624 71 7432 7464 9811,14734
1134 1197 132 2 26523 268 2974 4266 55 564 624 7 8 86457 9,7866
10490 1109 11101 1144 16211 17418 2104 225 2377 268 2718 356 4225 4364 4738 493 5 51 55 912,3561
11947 1195 1260 1589 196 2 244 2450 2460 3020 345 40 4085 4581 4716 55 5893 59825 624 943,16123
132 150 1536 1585 1598 1599 196 2 2100 2168 24082 244 3075 3100 393 41165 442 51088 5465 55 575 75 78 84,17486
1132 132 150 2 20351 225 2298 2420 3515 356 4049 4581 52434 538 55 6244 78191 85843 90 9221 9623 984,7988
1109 1195 121 15763 1598 244 2465 2618 268 28665 3762 5029 5225 5471 55 84 85 94,11407
121 1421 183 185 23145 2557 284 469 55 591 606 6520 692 9009,11721
1031 1109 1520 198 2 200 255 282 3041 418 45752 4799 54777 55 555 639 71785 78363 807 985,9304
12166 139 239 24017 244 2458 284 332 5335 54546 55 5760 632 68 731 78166,12957
121 1698 284 3 33 584 624 66 7581 855,8004
11025 2 356 5436 58 624 692 75,12260
1063 110 1197 2224 244 247 284 337 40 55 582,26136
196 2618 284 30601 30602 326 3515 428 538 5436 55 624 84 872,11891
1063 121 160 244 4639 4898 681,8255
1144 198 2 2104 2682 274 284 33 3515 4738 4775 538,13335
1144 1598 238 244 4738 624 75 7582 968,6008
208 2104 238 274 5465 624 6400 78,3412
116 1293 2 247 541 55 97,9371
110 1260 284 3515 538 55 582 90,16880
150 198 2450 284 55 624 8339 8553,9884
1134 121 132 196 2449 268 477 55 685,6830
1205 18 2 33 40 692 8504,7692
198 2 2100 2104 277 55,9079
1134 122 1766 2 2458 268 284 3515 3537 538 624,13994
110 115 198 2 55 582 71 75,19018
110 1109 1205 145 1459 1838 2034 244 2450 326 477 527 546 58 624 721,7988
1197 1260 1866 2100 239 244 2460 2753 624 74 8339 8504 99,9684
110 1144 1197 1260 1546 160 185 2 235 3 33 4489 4738 564,10400
121 145 1598 1599 198 2618 282 284 4755 692 84,10739
1109 1132 116 1195 122 1298 145 244 2458 247 282 284 4738 48 4900 5187 55,18789
110 1144 1459 18 185 1926 2 244 33 419 4738 55 94,12447
1260 18 2618 284 326 3515 356 55 573 58 7,8513
1298 1585 2 244 247 3537 396 4716 624,10620
116 121 196 268 284 3515 538 55 606 71 94,14823
121 2 2753 55 692,10436
1144 121 1598 160 198 2034 2450 268 274 284 3041 3590 412 4738 512 58 624 7582 807 8898,14618
1127 11555 1293 1585 196 198 2 244 268 29 3515 525 538 55 624 8898,17040
1036 121 1260 1298 150 1585 160 244 2460 4982 624 7,12550
1144 1298 139 2 2748 33 396 4738 5 5565 57 624 8339,8898
132 1772 2 2450 247 284 3515 538 55 574 624,21171
110 1375 1459 150 184 198 244 274 284 3515 419 4982 538 5436 624 8307,14073
122 214 268 3515 48 538 58,967
121 1988 284 2969 3537 4753 55 573 624 63932 68,11660
121 1210 1849 2 2723 29 459 4738 4755 6400,10420
110 1144 1260 1375 2 419 4738 94,7181
1132 196 244 33 539 55 624 692,7046
1374 150 198 2 2016 284 393 428 4755 55 6684 71,15056
1127 122 1259 139 1766 2 2450 255 268 4716 5465 55 624 6684 78 8,15371
1036 184 244 284 3515 538 55 6400,12770
160 2 244 284 29 33 582 624 673 692 75,17103
1260 2104 257 284 3041 807,5025
121 1926 1988 274 29 3016,4020
284 51 55 63932 7582,6064
1063 1260 198 315 375 5 57 691,4923
122 2 244 356 55,10211
110 1144 1375 225 244 284 33 419 48 5392 6400,7244
1144 1598 274 282 33 4738 55 692,2046
1144 121 18 244 288 33 4489 4738 4755 7,8169
1195 121 1259 1599 198 225 238 268 284 55 624 71 75,16315
1134 1144 1236 244 268 284 33 3515 4738 538,9468
105 1132 1260 139 160 2 2450 29 3515 353 40 477 538 55 624 773,13958
110 121 1287 1459 198 2 2104 2682 274 393 419 55 623,15201
1109 1585 1598 2 238 244 2450 268 3424 4364 512 624 872,10285
1144 1260 139 160 184 198 2 23778 2458 257 284 33 3515 4489 538 559 60,20190
1144 121 1259 1293 244 2453 33 4639 4738 68 8504,9481
110 1109 1459 2016 30601 30602 3515 375 428 476 538 539 71 872,1896
196 244 268 284 293 326 48 55 75,11024
110 1197 132 1598 1726 235 244 2618 4489 4799 51 55 58 582 691 71 721 75,18066
121 132 1375 1585 160 1849 244 247 275 279 4080 4639 4738 55 928 955 984,13519
110 1260 1459 1584 198 419 4799 812 9,4123
1171 121 145 2 2077 29 3697 477 4900 6400 773 9,11995
121 122 1589 1598 160 185 284 624 85,10071
11079 1374 1585 1849 2258 244 2449 284 3515 4377 4716 4738 538 55 624,16200
132 160 185 1926 247 2682 30601 30602 55 71 872 90,6439
1036 1109 124 2 244 2450 284 33 3590 449 48 58 624 85 9111,13448
244 2736 55 624 71,6435
145 1584 1585 160 2 2034 274 279 284 4427 55 58 624 71,14494
1036 110 1109 1598 2449 247 2682 282 284 55 58 624 7581 764,14618
1849 196 2 239 268 3515 4377 4738 55 624 6476 66 721 8307 968 97,9821
110 1144 150 244 3685 4738 582 624 7 8 872 9,12066
1109 1336 145 1584 185 1926 2 213 225 2815 477 624 678 955,8502
1589 2 2450 284 326 3697 529 55 624,14521
10 121 196 2 244 246 2463 267 2682 476 49 5465 55 624 78 99,17598
1036 1132 1260 1374 2 238 2465 30601 30602 33 5465 55 624 78 872,10607
124 1260 184 1984 2 244 265 2908 4639 4938 527 5565 606 984,13040
110 196 2104 225 2449 284 3285 3515 3755 538 55 582 8898 90,17044
145 1527 1820 196 198 244 55 71,8991
121 1459 2 2036 267 268 284 293 3424 375 4364 476 48 51 55 8113,16775
121 1336 1988 284 3515 459 5002 538,9736
103 110 132 1459 2 2460 2723 326 419 465 55 94,9883
110 1293 1547 18 2 244 3537 527 57 624 78,12680
1036 1259 198 2 2224 225 235 239 244 268 274 30601 30602 4755 5049 571 84 872 94,14226
121 1260 18 244 2723 2815 29 51 55,11978
1036 1144 1260 1698 2 244 33 393 4732 4738 5465 559 624 66 78,14756
121 1236 1287 244 284 293 4755 624 99,12210
114 198 274 459 477 606 691 71 8504,5066
1144 2104 244 279 284 337 3537 4364 4427 4738 571 7582 812,8697
1195 1210 1293 1589 2005 2258 2450 267 268 2815 30601 30602 4799 5049 51 546 55 624 66 678 692 71 75 872 9111,9878
1036 1698 196 198 235 268 4364 477 5130 55 71 822 872,6892
121 132 1598 160 198 208 268 30601 30602 55 624 872 8898 94,12199
1195 2 2016 244 247 268 51 539 55 66 68 9 94,14894
1195 121 244 247 268 284 55 66 692 9 94,21438
1036 1298 198 2 2279 2753 284 4581 4732 55,14090
10 1298 255 268 284 4364 477 624 68 8898,8590
132 1421 196 2 208 225 244 247 284 3515 4755 477 538 55 683 75,30365
1127 1144 122 1293 150 1849 198 244 29 33 4738 5392 55 58 75,9800
2 239 244 2682 284 459 4642,13095
1195 1236 1260 198 2 214 2315 2682 284 2969 3041 337 3515 538 539 55 807 84 94,20928
115 124 2 238 2682 284 3755 4427 51 538 546 55 855,13294
1132 139 160 1698 1766 2 2279 268 3590 55 58 624 673 75 7873 8339 99,15788
247 539 55 57 68,5115
1036 122 1260 1589 185 196 198 213 214 225 2279 238 55 691 692,9364
103 1144 121 2 244 2463 393 5436 624 6476 8898 9147,14891
1144 1259 1260 132 150 2 244 2618 4364 4738 55 624 692 7582,14155
1195 1260 2 267 277 43 459 48 5002 539 68 84 99,9911
132 1598 284 33 3515 4753 538 5465 55 624 63932 78,10188
1036 1337 1375 1547 160 18 2815 284 4145 46 4755 48 55 75 84460 968,10477
11079 139 1598 2077 268 40 624 68 75,5133
1144 1171 1298 185 1866 2 23778 247 33 4489,6652
121 198 2 2315 239 268 2715 284 3 4364 44 55 624 683,21308
1337 193 198 268 30601 30602 4364 44 4900 75 872 899 99,4414
110 1134 1210 132 1459 244 268 288 393 419 449 55 812 955 968 984,6506
110 11079 132 1421 1459 1598 2 2077 244 284 30601 30602 3515 419 5002 538 55 624 872,19542
11079 1259 145 1589 185 2 2224 284 3515 393 529 538 5465 624,15508
110 132 1459 1598 1820 2 238 419 55 58 60 75 8339 984,10641
1134 2682 624 75 8504,1927
184 196 2460 3515 538 55 68 721,4083
122 1259 1260 1293 1584 1598 2 2077 244 284 5465 624 75 78,20417
185 196 225 244 2450 2753 2815 284 55 559 624 71 820,14065
121 1260 1298 1546 2 2736 298 4755 692,13297
1036 11079 1109 1144 1210 122 160 181 2433 247 255 2593 268 284 3515 4738 538 5465 624 7582 78 84 8898 955,15366
2104 274 283 284 33 332 5392 624 68,6141
11025 139 1527 160 247 274 46 512 55 8339,9318
1144 1298 198 279 3041 33 39 4738 5392 74 807 882,2661
1109 121 1298 1547 198 2258 250 2723 274 2887 3515 4145 5187 538 606 624 68,8634
1259 198 2 477 624 968,8743
1036 1298 1984 213 284 288 29 30601 30602 33 4938 51 546 55 5565 84 872,7607
160 184 185 247 284 29 55 692 90,15442
121 122 1260 2 2100 244 268 284 2887 29 326 3515 4364 538 55,25688
116 198 244 2460 274 284 449 55,12310
116 121 122 1459 1766 2 2450 268 2682 337 3515 4775 57 624 6400 68 7,16917
2077 284 3515 3697 4755 538 90,5500
110 1260 1337 2 2104 213 48 55,8174
1287 139 1849 185 284 3515 4738 538 55 57 606 6476 75 84460,13283
114 1337 1459 196 2753 326 4145 44 55 75,3893
1036 1144 1259 1866 208 2100 244 284 33 4581 4732 4738 58 691 71 7582 820 90,9751
121 122 1259 139 284 624 71 8307,9963
110 1144 121 1298 145 160 2034 268 2815 3590 4364 4738 48 624 84460 8898 99 998,11489
121 1260 160 1853 2 247 2715 284 4489 477 71,17254
110 1144 116 1197 1298 1375 1766 184 185 2 23778 2618 419 4489 48 539 5436 5465 564 591 606 624 78 85,12587
1036 1585 2 2453 267 284 539 57 623 624,10874
1036 121 139 1546 196 198 2 393 44 48 5130 55 8307 955 99,17954
1195 121 268 279 3515 40 538 721,5551
11079 1598 1766 2 2036 244 2450 2463 268 3424 4145 624,12515
11079 2005 244 3685 55 624 8 9 955,5972
121 150 1726 184 196 198 2036 2077 284 3041 326 3424 5 51 55 807 94,15407
1260 139 1589 160 185 2 244 279 283 284 293 40 4900 55 573 75 882,23758
1766 1772 185 213 284 288 55 624,8388
110 124 145 18 2036 244 2450 268 274 284 4642 55 624 6400,12972
1144 124 1298 150 1726 198 238 244 284 3 33 393 4738 5440 58 624 7,12656
116 198 257 2618 284 3515 538 55 624 6520 66 71,13515
110 1195 1375 1546 1598 185 238 2449 2450 284 3515 419 538 539 55 624 66 99,12263
198 2450 268 315 5465 624 71 78,4763
103 1260 133 139 160 2278 235 244 275 29 326 3755 7 9,7177
1260 1584 2 2104 244 274 284 3515 40 538 605 606,17777
121 1260 139 160 198 1984 244 274 284 40 449 55 721,20461
1144 1210 1598 1698 196 2449 2450 247 268 284 33 4489 4738 55,14249
1036 1063 337 383 419 459 4732 48 571 624 68 71 94,4785
1038 1144 1298 193 1984 2 235 244 247 268 2815 293 33 46 4738 606 68,10430
1598 2 2034 225 284 2912 55 75 882,13892
121 1210 139 2 244 2463 337 4080 546 55 955,16844
1036 132 139 160 1808 184 247 2736 3515 459 48 538 55 899,7758
1036 1144 121 2 225 23778 33 3515 383 4489 529 538 624 75,14384
110 1375 1459 198 3041 3515 419 4755 538 75 807,3851
1036 1260 1585 244 284 3204 3515 4377 4489 4732 582 624 7 71 807,12737
1144 1374 145 1766 198 23778 284 33 3515 353 4427 4738 538 55 624,11829
15334 1598 18 196 2453 5465 55 624 681 692 764 78,5574
1036 121 2 244 247 255 3755 4732 691 71 99,14999
1144 1210 1259 198 2036 284 3424 3515 4738 538 539 55 7582,10563
1144 1242 139 2 2463 33 5440 5465 624 68 7582 78 8339,9423
1459 160 196 2 244 55 721,10928
103 1036 1197 121 2036 225 244 3424 449 527,8440
121 196 208 2100 2279 268 274 2753 284 29 326 412 55 624,14801
1063 122 1260 1589 1726 225 244 282 284 29 3 3515 3697 4755 477 4900 538 5465 71 736 8339,15329
1260 150 1585 198 2016 257 268 275 428 4364 48 55,5280
1036 121 1598 160 1820 193 2 238 268 274 3537 4732 49 5436 624 66 75,14947
110 121 1459 160 2224 2450 268 277 3590 419 624 8113 8114,7144
1036 1038 11555 1403 1421 1698 1849 1984 2 213 244 29 30601 30602 4738 55 624 872,13348
1036 1259 132 2 235 238 282 284 29 4755 527 55 606,12930
18 198 2 2016 214 268 428 4775 692,8514
1144 1171 121 1259 1584 196 2 2100 2753 284 29 3515 3537 4738 538 55 605 624 68,23163
121 150 284 9 94,7687
1195 160 2 244 247 255 279 284 55 668 75,24946
1598 244 2736 8504,3700
1144 1589 1984 2 2279 244 4738 477 4898 4938 539 5565 6400 7582,10616
122 2 238 244 268 3590 624 7873,11438
121 1589 18 2 239 2450 284 3515 538 624 685,16990
1210 139 145 1585 2 244 624 721 998,10749
121 160 1849 196 244 2463 255 55,10373
121 1242 283 284 3755 449 477 48 55,11055
11079 121 1259 18 198 44 5465 624 6400 812 8339,8523
139 1766 18 244 2450 30601 30602 40 624 66 872,10130
11025 121 150 1589 353 48 5130 55 624 678 7 9,10675
1109 121 2 43 477 527 5465 75 99,12849
1183 1598 1766 244 2449 2450 55 624 764,9248
121 150 160 1849 2 2460 2715 4738 4898 538,10199
1838 1849 196 2 268 3515 383 4364 4738 538 55 624 66 673,8119
122 150 160 2 2453 265 477 68,8807
110 1134 115 122 132 139 1459 160 247 250 268 279 33 393 419 428 46 55 75 8113 8114,9471
11079 1109 198 2077 244 255 284 3515 48 538 5465 624 64 6400,12869
124 2 2450 44 55 624 691,7620
181 196 198 284 3373 477 48 55 58 606 624 764,10681
1585 1984 2 4898 4938 5565 57 624,6554
110 1459 18 419 624 968,1987
110 1459 1585 1766 185 2 2036 2458 247 29 3424 419 57 58 624 807 99,10285
1132 121 1260 184 244 2682 2815 33 4755 51 55 8339 9819,12640
1197 121 1298 196 208 244 257 282 33 55 564 692 75,12412
121 160 1838 198 3036 55 58,8045
1144 122 2 2100 2453 284 3515 4738 538 624 692 7582,13298
121 1589 2 2104 244 2450 247 2815 2912 40 465 477 55 624 6400 94,23389
1127 121 139 198 8 90 99,6848
1195 1585 1598 244 2450 268 284 353 55 624 94 97,11668
1259 1260 1598 198 244 2687 284 3515 538 55 94,16904
103 1144 121 1298 160 2 244 2450 268 284 33 393 4364 4738 5440 546 55 624 71 7582,27401
1144 145 1527 1598 198 1984 244 284 2912 393 4738 48 4938 5565 7 7582,10035
121 160 196 2 268 279 284 2887 4364 55 57 90,17883
121 1210 1766 181 196 2 239 2433 2450 2593 268 283 284 55 624 68 71 8113 8114 8898 955,28119
1298 1585 185 1926 196 198 2450 2753 284 326 3515 3663 538 55 624 736 8339 968,16465
1109 121 1259 1298 160 198 2 255 268 2715 283 3041 332 3515 48 5 5187 55 624 807 84 8898 92,18095
1144 121 1236 2 268 284 4364 4738 66 736 7582 8307 84,13160
121 160 1772 2 257 30601 30602 872,9692
110 11025 11079 121 1598 160 2460 477 582 624 71,18677
110 1144 124 1546 1598 18 2 244 2450 2465 275 4738 624 6400 7582,13004
110 1127 1144 1183 145 1459 198 3515 419 449 4716 4738 48 512 538 5392 624 7582,4572
1036 121 1293 18 244 4732 477 55 624 7 8 8339 855 9,12414
1598 198 2036 244 277 288 3041 30601 30602 393 459 624 807 872 968,7915
1259 1260 1598 1853 268 274 284 3515 538 55 624,10658
1036 198 1988 2 326 512 5465 624 75 78,11492
121 1260 160 1766 2 225 244 271 29 5465 624 673 78 928 96,20134
139 196 198 284 30601 30602 55 84 872,9588
1109 1298 1766 196 244 268 3515 353 459 5187 55 624 71 75 8898,11124
1197 1585 1598 185 2 2034 235 2618 2815 3036 3755 48 539 55 564 71 807 968,9530
1374 139 1585 184 244 284 3515 538 55 94,14047
1260 1293 2 2100 2104 257 68 692 84,9698
11025 121 1403 185 198 284 3515 538,15391
1036 1144 184 1849 2 23778 244 3777 4489 4738 5049 527,10472
1036 1109 1598 1766 185 213 2450 268 33 3515 3537 477 538 624,8344
1585 2 332 383 40 527 574 624,7269
1132 124 1336 139 2 284 3016 3515 538 55,14578
2 2460 3537 3697 539 55 624,8645
11079 1109 1134 1260 1598 160 185 196 2315 268 284 29 459 476 48 539 55 624,11540
122 1298 196 2450 383 55 60 624 9819,4303
110 121 122 2 244 2748 55 582 6520,22453
1038 122 1546 160 1838 185 244 268 3590 624 84460 94,10886
1036 1260 150 1849 244 267 2715 284 3 375 4738 477 55 57 584 96,13922
1259 160 198 2 2453 2618 268 332 3590 40 4900 624 85,11495
122 145 268 279 284 3590 3697 512 55 624 68 8553,11044
160 1926 244 284 3792 4753 55 624 636,11897
10 1259 1298 193 2 2104 624,6275
10 1337 139 160 238 2450 48 57,2562
1598 198 244 284 326 4639 48 4898 55 57 624 681 955 968,13907
1109 1298 1849 196 2 2279 238 3515 4738 5187 55 968 99,8099
103 121 1772 244 2450 247 279 284 55 624,21381
105 110 1144 1259 1375 1584 198 2 244 33 419 4738 539 6476,11987
121 1375 196 198 2 2450 247 268 2748 3590 459 55 584 624 66 7873,20439
1036 246 3515 3697 4732 538,527
1144 121 139 1598 1820 196 225 244 2449 279 2887 353 5440 55 624 75 764 99,15512
121 1298 132 1726 268 279 4738 477 55 624 8898 968,9374
15334 198 2 298 419 623 899 99,7549
1195 1205 121 1984 268 326 624 71 75,6946
110 121 12144 160 2104 3515 4489 538 5436 624 691,6643
110 11025 121 30601 30602 624 7 71 872 9,8926
110 1260 1584 185 1926 244 353 3697 4755 559 573 582 75 8504,15307
121 2 244 3515 538,11982
110 121 1598 1726 198 2 2279 247 2815 573 582 624 66 96 99,21938
122 150 1598 18 213 2450 284 3204 375 39 44 55 624 8553 9111 99,11086
11079 1109 122 124 1598 1726 2 225 2460 2748 624 71 94,10728
1210 145 184 2 244 274 284 4898 55 678 692 736,18235
1036 1210 139 160 198 238 247 255 279 40 46 4732 6400,7096
1038 110 1260 1298 1459 185 2 244 247 3515 419 4755 538 606 692 75,15076
122 1260 185 244 257 4080 721,6882
1598 160 198 2 244 284 33 582 624 75,17294
132 244 284 337 3685 55 8 9,9989
150 198 238 2449 268 274 284 30601 30602 3515 396 4982 538 55 822 872,11681
115 1210 1260 2104 393 624,3455
132 268 284 29 393 4364 55 692 75,8580
130 1336 139 160 1849 238 268 274 393 477 721 75,5029
121 198 244 274 284 315 3515 40 538 5436 85,16367
110 1144 1459 1766 2 244 2458 419 4738 559 624 6400 7582 94,12510
132 139 2450 255 274 284 55 624 78 8113 8114 984,8473
115 1298 145 2 2036 235 268 284 624 8898,11610
11025 1598 2 235 244 2682 3697 449 48 4938 539 5392 5465 55 5565 58 624 7 75 78,19493
1036 1298 145 1589 1598 2 244 268 284 3515 538 624 7 807,15883
1144 133 198 239 244 268 33 4364 4738 525,6980
1242 33 4639 477 882 96 97,1397
1459 2 239 244 383 419 44 4775 529 75,12279
1109 1134 132 1585 208 244 2682 2736 284 3285 3515 477 538 55 569 624 66 692 984,15880
1036 1598 1808 196 244 55 58 624 692 71,8769
121 244 4639 55 605 624 8113 8114,9230
1144 124 130 1585 1589 198 244 284 3515 383 4489 538 5465 584 624 678 71 78 968,17023
122 124 18 185 1926 2753 284 29 3792 4753 55 605 636 71 822,11130
1598 198 244 2908 2912 40 4716 58 624 71 968 97,11277
115 2 208 2279 284 55 71 75,15600
110 139 1589 196 247 284 3515 538 55 582,23812
121 150 1766 18 184 239 2450 284 4732 624 66 99,13568
1036 122 1242 1260 1772 284 3204 3515 538,8127
160 244 2450 55 624 6400 84460,7736
121 124 160 247 284 4145 55 692 721,18831
1038 110 1197 1926 198 2305 247 3041 383 582 66 692 807 84 99,11856
14509 1575 40307 6835,23
10216 13375 14858 41452,27
10831 16276 2091 46561 8944,24
13709 15156 69016 77417 9247,13
16321 25673 26785 35167 4572 50725 6351 81130 9561,66
10099 20671 2367 24263 24615,27
1387 24128 70268 75680 75681,8
14780 1809 20506 39468 4388 5003 63442 81900 82487 8299 85686 8733 8802,36
12509 27783 3763 76430 815,27
1261 19277 2623 36556 4204 50208 6973 73191 74678 9977,31
1028 16174 9109 9228,15
19663 43176 4373 45545 53835 5643 66842,10
17815 20161 3728 37773 5103 76081,39
12084 12715 16799 23277 46459 47895 5602 80421 83242 85345,23
14955 20585 25465 3800 58522 6453 71043 72181,12
18883 2084 21551 25767 33663 3767,7
36109 3620 51901 55160 61460,6
11843 1755 23822 40188 513 9437,6
13273 233 25289 25304 4138 86771 88517 9081,15
10547 29860 3276 32930 46651,16
13007 15537 17799 20241 27294 29994 31534 5777 79579,26
20546 33167 35572 5335 67965 73834,9
1123 11642 1458 1828 35957 39019 50239,20
10399 14540 16902 38526 58636 7954,23
15253 15353 19338 20984 26441 29694 3867 7423,25
16426 2101 34195 6367,6
13452 19210 25823 38020 49678,11
11936 1473 36749 3972 46305 48317 644 68274 8031 86163 9065 9127,38
1040 23203 39313 46845 661 6705 6753 73689,18
12823 12993 25655 41454,7
1501 15947 61215 6301 69256 7901 9061,13
20420 23844 37069 58511,22
14403 17589 27823 30805 43805 69549 9624,15
1465 1554 20043 26707 2761 30322 78020 839 912,38
20270 2761 29934 40820 44263 54020 6525,37
13721 18328 27333 4604 4746 7443 7793,63
10136 14196 28611 4490,14
16196 18180 23824 3659 5133 85116,14
17783 22575 38992 46541 63076,13
11936 15402 2392 28076 32800 3581,26
21300 22846 5731 6018 6631 69561,30
10704 13847 21187 25423 2939 41842,17
19935 37895 40349 42720 4484 56784 61812 6492 82795 9008,19
1286 19052 62561 6357,19
10374 15084 15786 16779 26631 56273 6806 84559 9659,20
11357 11579 14248 15622 20956 21137 410 6197 78237 791,33
14043 19378 20338 22317 24954 29777,18
11003 11395 13563 14599 25128 3157,75
1654 21589 537 6577 8900,16
10098 13356 20355 28634 67093 9253,24
14587 2127 23118 3058 36698 44283 6435 7054 8809,42
28214 31599 37615 39075 4486 5791 70871 7324 7641,21
10286 1646 20514 29946 6852,15
10491 13515 1460 24598 51426 56532 9044,26
10750 11690 12439 14935 5234,33
10136 10831 23372 5089 586 75447,6
2046 31714 55699 73305,9
11357 22935 25009 25574 3861 43390 59159 71712 732 73568 78237,23
19256 3521 39489 41158 4722,14
1043 10922 16066 20896 22473 3401 3516 61951,64
10480 13806 17387 1957 20039 22781 3570 4605 52419 8763,55
11357 16423 54068 5622 6312 67973 9517,19
12391 16084 17210 30122 3454 4991 6686 73405 9002 9295 9411,51
19510 24021 25878 37129 49655 55982 7303,23
11805 19415 6761 79457 87509,21
23197 2934 3253 434 71985 8544,11
12545 32423,11
27124 28840 5905 6750 77098,24
20065 21143 22293 32811 7071 8704,11
15176 21246 3707 5593 7565,16
11792 1959 21251 22613 6928,27
11814 14714 15177 22803 56790 61976,26
10611 28988 30953 4808 58582,18
10104 11656 1510 18160 20410 21097 57149 6228 8592,23
2141 23887 28400 35061 36365 85057,8
29017 44957 5669 6827 70184 75791,33
1356 29704 3263 51353 5685 61925,33
12394 2215 5342 72714 7465 77849 79688,11
12698 18939 24718 30762 57438 61099 7788 77910 9913,19
16550 22304 3283 34775 424 4708 7149,33
25972 27540 30228 3177 6668 7008,13
1423 30029 3144 62058 6699 8438 8439 88177,24
11880 12638 18180 35362 45747 6307 68956 80350,14
15419 16 18766 20119 2574 32720 37418 55318 63725,13
11959 19402 20308 23693 3673 4476 6066 6535 7068,53
37162 53571 7275 8577,26
15393 1652 16745 3392 7354 8923,20
19359 21829 30708 3876 4627,16
11860 46141,21
12241 21850 3172 47009 47930,5
10385 12039 13491 1652 2020 26490 45795 51658 8778,37
14083 16319 19371 24979 5060,37
13567 15169 16524 17848 22342 4125 45286,30
21230 39657 56529 59781 8644 8670,24
10264 11372 14056 17022 19942 25081 6271 73540,29
10491 22944 32365 9372 9561,29
15537 2053 3130 32424 37361 44553 9604,16
1621 28137 5165 65241 9645,34
20288 76756 82008 8501 9196,12
13678 26163 3315 34912 41831 5263 9023,7
14360 2738 2937 801,31
1507 16196 16427 3546,45
1554 25082 3493 53274 53702,8
12391 30212 36522 7510,5
23298 52713 6821 7200 815,25
11420 16164 18327 26307 48007 83888,5
11113 15638 32720 57318 5830 6075 81930 9461,29
11737 3221 834 9047 9808,20
10005 16245 1971 24609 24881 64123,54
16603 37826 5018 56680 59441 79265 82339 9277,32
12749 30948 32388 33521 8763,16
13518 59459 6900 77396 8597 87612,10
10606 17155 47331 4847 8279,14
18460 2395 24812 47842,5
10286 56636 6097 6455 6643 73865 74734 815,23
2048 2670 44499 49694 6226 75251 9736,21
22203 36039 912,8
15496 15637 16760 19437 3998 40527 49200 503 61097 6904,37
14268 19724 29018 37873 9073 9776,40
1646 23746 3094 5032 5557 56006 76324 84058,20
1204 12836 18571 1945 28091 64682,43
12019 12237 13686 14851 24579 40026 45845 50311 61269,56
25237 8681,7
22937 29997 36215 7229 7321 7559 9415,13
11031 3414 3495 48942 58268 7681,10
11921 1262 23347 31871 3704 4045 44986 56391,15
15430 50142 7113,7
18524 23515 27806 58707 59745 89125 89129,5
10523 6198 72590 87187,16
11922 15380 19584 27295 30586 33876 4208 63282 9010,29
1362 2512 28071 4285 43805,7
14167 38614 43804 43810 67454 9197,22
10937 18569 25511 3391 3392 3624 50216 5312 72135,10
4679 47026 4994 5209 6200 708,21
10380 11228 19015 84966,15
1954 2076,7
12091 31358 31690 7079 7815,10
1012 14819 2546 43359 64046 79573,18
13360 21512 24486 44815 56805 59222 846 84802,18
10236 10955 20888 25703 29511 4887,23
1646 20854 25464 3488,9
38665 53090 6158 76655,5
10216 1055 47415 85044,24
15436 16250 22058 31782 40204 42686 70495 8930,26
17887 37419 41002 46903,9
2080 20912 39216 66333,5
12758 26904 39808 43806 43822 43852 5480 67031 73344 8012,12
11482 17589 35437 36330 46567 6973,15
18639 20230 32969 44899 5934,6
15079 17317 19053 42844,12
13481 26744 5719 73444 78510,7
12744 27816 40611 69223 7488 75889,16
14335 2251 3155 37414 6018 6019 65933,10
10371 13091 22646 71417 86762,51
16367 18110 22471 30372 3085 31920 6003 80131 80982 80983 9875,39
14165 26669 8595 9260,8
10638 11198 13916 17113 4951 84586,25
1920 4029 4796 4798,7
36215 38199 6723 73198 8676,19
16299 16601 24252 37826 59650 7678 80393,30
22550 26853 2977 4236 43636 5515 8136,11
12259 1608 23217 2778 28668 60440 70801 8659,19
13936 56517 57106 7353 7906 9142,8
16455 23864 42172 44630 80011 9624,9
13426 4147 60188 79401,8
22345 30091 4675 57477 70106 7227,18
13454 24051 40691 43190 48728 59356 5990 8929,30
21879 8682 9588,21
10543 10591 11676 3839 55018 74527 82072 8309 83759 8682,30
11982 2864 330 38867 66863 76074,15
13501 22412 23382 31907 36546 4572 49833 52055 56471 8628,47
1395 20214 62955 85943,5
16178 47083 51764 6828 8494,52
10646 14280 17135 27555 7448 8653,25
23349 48804 6614 7611 8227 8995,32
15649 1890 3623 68549 79871 8596,15
17753 22910 37592 844,24
15368 25797 66394,12
1600 19004 21012 4720 66045 67999 77825 8189,8
11231 15114 17858 19491 25911 31541,27
13187 20240 2402 698,13
18906 30945 37665 4640,19
11164 21700 4419 46750 63644 82949 84165,11
28626 5685 63849 75789 76689 78107 9408,22
2428 30934 36832,20
10330 11642 12453 14196 25222 28787 3012 35132 57853 68994 79381,13
10101 10493 12563 14582 16613 26010 63275,32
1020 16845 35518 37178 44630,36
10200 11737 32611 9047,7
21956 22303 33360 39506 56521 6018 6019 62501 7852,14
40361 444 6054 7726 9473,7
13853 15617 17056 17058 19456 19949 21423 27348 47426 52057 64211,33
10428 26809 33140 44317 44643 537 5857 823,14
10884 12606 12677 20582 21987 3176 32000 7768,16
10410 15348 19028 36137 38669 40695 4748 51574 9624,22
10119 17319 4026 41723 9253,12
19283 19920 24822 28124 36880 5404 56351 747,18
15478 2379 29738 38619 46182 5125 58117,17
10396 12607 13530 34415 6837,13
11648 22795 32749 4867 58528 6729 9619 981,30
12712 13614 14029 61207,20
10511 13147 85244 9728,26
10506 14479 25859 3547 4508 5320 7256,55
14166 17056 29673 30948 40066 4053 44213 5968 7490,40
16420 2469 26998 31602 8598,10
16987 3557 3699 7793,42
13853 14221 18297 27545 33574 56734 5852 69082,20
11361 15354 16038 21071 26704 28690 40304 50942,13
18427 18768 26073 28964 6535 69088 73701 89349,13
15124 51062 5374 7715 86176,9
10623 12608 13599 31094 37027 37551 44404 60481 9002,37
12331 23933 5104,10
22155 25104 50490,13
4496 7188 8967 9305,25
26669 8570,23
11569 14349 14457 25287 39688 75036,38
10228 22448 521 64334 65057 80012,8
11265 17078 21509 28076 42862,20
39105 6357 8476,11
12041 13094 1871 33524 34192 7535 81057 9144,74
21479 26063 29438 38482 4125 55030 83626,21
13438 20338 26988 2904 3609 46800 6020 64409 9462,60
15503 23327 24616 25039 25690 27897 3543 69654,22
19745 24869 31439 50131 6456,7
1848 24486 285 3029 54158 82026,19
7547 7599,26
10904 16526 17342 21143 30238 30937 82153,11
10255 47772 5174 84472,8
22634 44803 46528 52470 5968 8829,31
1692 20043 2091 21137 21932 34894 3645 54447,14
11062 14117 19730 20924 24165 5905 78691 8724,26
12539 14253 24482 3080 44403 44645 46049 57526,11
15084 19622 2584 37995 39837 67950 6832 88943,8
12312 16943 41837,20
13610 20241 35065 38372 7082 8698,29
15050 37091 39194 46021 5147 68284,43
24042 31187 7376 7736,8
10450 17301 20270 53330,6
14201 18726 50646 6071 60814 64013 65368 8428,11
10042 18777 22568 24185 59420,16
13972 24102 2446 3050 34132 38198 53428 7872,34
10465 1115 14837 16001 19319 2241 24831 27189 27831 59088 84987 9990,24
25365 5439,26
1016 14074 28357 30038 35711 70466 70829 74572,6
15901 16818 20203 21118 27178 27795 36297 55178 58598 7064 8312,19
12979 13556 17056 18681 21683 43859 55455 85577,42
10457 22575 24613 35976 39816 53596,30
11188 11326 1240 17107 2384 59062 68382,55
36445 46715 6134 79994,15
17308 2747 44203 75288,10
2127 56715 677,10
11414 26911 30356 31642 555 9207,19
13010 29373 3488 5071 5763,27
12096 2670 50650 74516,14
1151 15179,12
2360 3125 56892 66732 7216,16
14175 17505 2367,16
1511 16947 56523 83428 83753 8610,7
13471 24031 33607 45127 6090 75479,45
17709 27044 33636 33724 34391 6714,16
44112 7802 84072,27
10384 19491 20455 2499 28091 307 3783 646 8436,32
10098 10809 13378 24689 36494 66172 78025,20
20705 2634 29361 40202,21
10730 1382 17976 19538 28802 29380 56681 8039,31
11581 22891 27459 41384 59015 9125 9845,19
27454 3207 56607,5
2472 2704 3888 515 56661 920,44
10484 15370 23006 24818 37629 4192 42152 4228 737,24
10240 11579 14679 58603 86326,11
31990 40444 9098 9706,14
1614 17385 26615 83,20
1850 51945 55545 57439 58480 6456 788 87554,15
15595 1660 26357 26476 28428 41165,16
1216 15165 23352 41745 57425,12
12104 16449 30412 30672 3819 4892 54263,45
22296 54911 76081 8577 9727,39
20097 27337 4726 52180 53807,8
10124 16975 20053 20349 4485 5038 9360,15
22293 23458 29273 40053 49449,7
14349 42567 79630 9450,6
22678 35092 67568 6941 8945,21
13801 17418 48781 7746,13
10761 2101 23154 45247 5974 6174 64339 8981,21
13010 14720 21440 6668 6941 76129 83568 86114,21
1028 10882 1870 4855 74626 9102 9812,47
10071 13282 25840 7438,7
13266 13394 16000 2727 44337 7639 83346,29
10676 16670 1912 20251 20983 28310 40902 7802,52
10058 25690 34302 7524 9272,34
11539 1348 14297 56700 82219 9395,13
12654 30314 34051 3888 4284 652 66747 7030 82387 9546,41
11357 13018 1561 20948,22
13053 55031 56537 56592 62003 83011 9642,12
10865 1318 20840 4952 81116,31
15601 19358 21917 29401,15
1139 19585 19604 27085 5685 8621 9381,47
36591 7548 77743 7974 8731 9512,17
12350 1600 28247 40300 7338,14
12292 19925 2385,20
