10338 10476 1075 11499 11923 12095 12602 1296 130 1382 14008 14030 14061 140857 14119 1417 14485 14998 1506 15200 16167 173 1749 1778 180 1821 18446 187 1897 1935 194 1971 2014 2081 21313 2143 2184 22010 2248 225 2290 23269 2346 2364 239318 2469 252 2546 25578 262 2627 265950 2683 2710 2722 27232 3088 31 31580 323 326 354 3637 36833 376 37868 38 39905 400 4127 418 42 4244 42798 432 434 4466 44834 4490 4534 46162 464 4809 490 504 5113 5114 5588 5891 605 607 63 6475 6853 7044 7153 729 7412 7461 7497 75843 7631 7870 79 8059 808 8100 812 822 8292 838 8382 8428 851 8547 8768 9041 9243 95 98641,357
106 1177 1184 12297 1305 132 1320 1369 1442 152045 16972 177878 1849 2086 2098 219642 228556 23269 2335 25808 26426 2685 2946 312 314 3237 326 33131 3361 3481 354 365 37586 38 382 3831 3853 3874 44448 487 4934 513 5384 5422 5507 57153 611111 611112 63 650 66979 6893 701 726 79 794966 797 811689 8141 8276 8287 83732 843 878 9062 95268 9680 9807 98632,111
1033 104 1048 10544 10663 113342 114481 1147 1163 1168 12252 12307 12777 1304 133 135193 135194 13671 13965 15413 1561 15895 1637 1661 177 180999 183 184 18425 188766 19567 209 2092 224 229918 230 23014 23263 2336 237 2372 24133 241862 250 2500 2538 26928 2709 2816 29342 311 312 314 3165 32135 323 33990 341914 355 36625 367 37248 376 379 3880 392 393 400 4091 423 426 46849 490 4935 505 5127 5375 5432 54423 5507 580 5877 5994 60 606641 63 634 6503 686 6890 6893 709 73266 744737 7598 770 7791 79 8010 8255 8411 87 9000 9690 9710 9711 9717 989,552
101512 103884 1044 10444 1048 10643 111834 11575 11759 11895 1214 122743 12311 125703 1311 1320 13644 1371 14482 15086 158436 158439 1719 1739 174264 1752 17955 18332 18789 18801 194 1967 1973 2074 212617 21349 2162 2251 229276 2372 2385 24034 24161 24515 2525 2710 27556 2798 3027 312 315 32611 331 3337 33741 3743 376 381 388883 41 410313 41333 428 434 435 439337 4432 44514 4540 4653 5007 50161 5303 53350 5369 5612 5659 57 61 6157 6226 63 641439 6893 701 70150 713 7179 729 7347 736748 736758 74 762 79 797 812 819057 8437 8487 886 8883 901 93 93149 945 9462 959 9608 970,765
10073 1048 105007 106 1086 10927 110916 113427 1171 11915 12081 1214 12236 12356 1243 1290 1296 1337 1357 14119 143985 1440 14462 146 14819 1613 1622 1625 16280 16351 17034 1719 17515 179 17962 181 1849 18521 1856 187 19701 2071 2074 2163 21720 21920 221864 2220 222990 22638 23594 2384 23905 24400 24401 2507 25820 25886 2685 27813 2807 2851 28515 28684 2879 289224 289225 29189 29658 29659 299287 30852 31 312 3141 315 316 32912 3332 36062 372217 38741 394 395 41 4211 426 432 43417 4503 4520 4561 47858 4795 48 49012 492288 4934 4964 5154 5261 53833 5422 546 57 5821 592 6068 6081 6462 6886 708270 7102 7160 721766 7301 7520 79 80 839 8437 847 86903 8742 886 925 9292 9511 959 99262 994,208
10078 104 10476 1048 105233 1076 12309 12447 1266 12734 130 1313 1320 13235 1337 1357 1372 146 1570 161569 1625 1679 172 1758 1827 1845 1849 1883 1896 18985 19188 193280 205441 2074 2098 215 2251 2373 255984 2851 2957 3033 316 35057 35265 35266 3757 375705 391 393 426 429 4404 4429 48 488 490 5507 55340 5608 56358 57294 5916 63 66 69087 704 71443 733 7625 768 770 79 822 823 839 8437 878 8793 886 901 9047 96748 98075,147
1010 10269 106 106016 1075 108657 110 11170 11562 1168 11738 12090 1216 124011 1243 12738 1336 14119 1460 14877 15807 1714 1756 17562 1773 1849 1856 195 195020 2023 2161 2174 2176 2262 235922 2364 26673 266803 2709 2751 2979 300589 30395 31 3141 316 323 326 341806 370227 37520 377 3773 391407 393 409 41 42 422 426 434 435 4434 4699 4837 5138 5404 5429 5442 546808 5654 60 623 63 6337 6482 6757 69487 713 7205 726117 73737 80 822 8397 8573 877 8972 9404,500
1018 10748 10875 109697 1163 11786 12326 12662 12792 1304 13733 143 14396 1442 14878 150876 151879 1526 1651 17556 1804 1849 1857 187 18828 1897 193 1953 1967 19768 202242 20515 2086 20908 212 2151 22589 2286 2364 2372 24020 24061 24496 25045 25170 2538 25596 26123 2685 272369 2838 292028 2924 29941 31898 33670 34471 35313 35502 3644 38 3859 3879 40502 434 43499 435 4434 48 4808 49082 4959 5057 5065 527 534 54390 551 56882 60 6893 69936 7003 7449 7513 7788 7806 78837 79711 815 83 869 8755 877 93 950 96753,445
104 1057 107 113551 128 1301 1320 136470 1385 14530 1528 17238 1849 2081 2098 22595 22776 23269 2327 2335 2364 266562 2685 299 31 32226 326 33690 355599 35934 3874 408191 4181 445720 457082 4861 4988 508 5316 596712 647908 6893 725678 757 7678 786414 878 8989 9066 918 9453 9643 966 989 99586,199
104 10436 106 107284 1168 119530 1238 141759 143 1571 168571 1719 18425 19188 2007 210 2110 2203 2353 26065 2638 28795 3014 3197 323 3255 32708 34170 35370 35594 367 376 3802 3831 41449 434965 5 5422 5429 54492 54867 5862 60 608 64 6893 70665 7067 7250 73500 770 7802 79 822 826 847 85 8549 953 99 9946,99
105874 1075 10753 1162 128371 1337 1468 156031 16006 1807 18567 194 2047 2168 2206 22505 22506 2338 2364 2583 2642 27585 2769 2774 315 36712 3721 382 4006 4492 557068 5624 6382 6383 705 7596 791653 82144 8256 8551 8552 85855 8630 886 8923 9047 9650,61
100991 1080 11048 115488 1159 11913 120988 12473 13273 1372 14210 143008 1448 14690 1593 1712 1719 173 1732 17515 18025 18787 19753 20354 205 2071 216520 2282 237 2373 23744 2469 2486 2611 2624 2710 27412 27734 28716 30157 3033 3059 311 312 314 3255 3422 3749 376 38 38216 400 426 434 450673 4870 488 5045 507 5122 5156 53521 5579 5581 57 602 605 619 62092 6221 646 6931 7206 7234 7421 7450 79 7910 7956 822 8586 861 876 88830 9007 901 90221 9563 962,237
10133 10481 1095 1168 11786 12307 12438 1248 12827 1304 13042 1336 14533 15009 15026 152731 15791 169567 17011 172 1777 17808 1807 1849 192906 196 201374 201518 21177 2142 2326 2345 23761 2403 25223 25727 25867 26882 2769 27940 28 297735 3067 3073 311 31336 314 3165 323 3271 3386 36278 3630 37296 376 379 392 40127 41 42 42088 426 427221 4288 434 435 43568 438 4492 460660 46179 46939 4744 5016 5065 5115 5177 558101 559 573 624758 666 676142 6857 68779 6890 695 704 7172 7527 79 802412 822 8645 8659 8914 9034 93993,596
1 10045 100589 1021 10280 104370 106 111834 11580 11755 118653 118654 13086 1320 1337 1357 1421 14534 15204 1571 18425 1849 2023 20701 2074 2098 2201 23269 2335 2360 2363 23962 24523 263 266564 2685 26981 30601 312 3141 3255 326 34237 35505 376 38051 382 3874 424 428 432 44289 49 4906 5161 5301 5513 566 57 59247 59248 60 602 6052 64 6462 646640 68872 6893 69 707539 709340 714289 731 748 777455 78849 79 793 797 80359 804844 828552 828553 8495 878 90463 918 9431 9432 99722,594
10321 1048 106 10649 1095 11170 12204 126045 1337 134941 1357 1358 140944 14405 150 1573 159 16716 1710 1714 173 1730 177 177448 17902 1796 18328 1856 187 191459 194 2025 2081 21567 2161 2162 23526 2372 2431 2685 2713 278327 28716 28717 3027 314 32487 328 3412 3526 354257 3629 38068 3894 393 435 4502 46558 46941 47438 5082 5168 5218 5506 5845 5999 60 60405 6157 6284 63 6390 667 66746 6690 6857 6893 69 6931 701 713 729 734 7505 762 79 795 797 8020 9062 94 941 9515 964 97 98044 99836,801
104 106 12236 13991 1421 1454 15584 16626 173 1849 187 1897 1938 19768 2048 227 228658 23269 2538 25567 2710 27493 31886 37 376 378374 379 381 41 42 4217 4432 4653 4682 4696 47987 490 4910 4934 5063 540340 6157 6189 6211 63 6853 69 7806 79 80978 821 826 8296 83285 91749 9228 9505 9608 968 9692 97 9885,290
10649 111419 111420 11307 114 1181 12776 131 13287 13470 13531 1364 13761 14394 14848 1499 151 15732 1582 16790 1813 1824 18786 1936 19821 1991 207 2151 215862 21636 218295 221165 22664 22999 2328 24703 25068 25695 2598 262492 2628 26636 2683 2701 2798 2838 2873 2998 3037 3141 315443 3208 3255 338451 344679 354 376 38 3879 40 40008 40142 415585 434 435 438065 44982 4502 46936 4698 4765 505 5830 58517 58518 6152 6160 634 665278 686 7003 7068 7069 7101 729 7325 7513 757 7920 834 836 83663 8645 8673 877 901 9189 9505 9506,445
10349 10354 1146 1160 127885 1296 1313 1337 1421 1560 156411 1581 1594 17034 1712 1807 1903 2023 2025 2027 2080 2232 22572 2372 2374 2642 2653 27956 312 314 315 3189 323051 3329 3349 347 3743 376 4066 4068 410006 410007 423 428 434 4525 507 5579 560 590 60 602 61 63 69 721407 779 79 8457 869 874 9018 9062,106
10134 106 106567 10902 1160 11738 11855 11857 11910 11915 1214 1243 12636 13011 149594 1517 15212 15461 15488 17040 183 18328 184627 1849 1861 187 18841 191 1919 194 1967 201546 2025 2074 209 214004 21830 23258 25079 2541 2778 2871 304 311 313 314 316 323 3305 3318 33448 3348 33974 34926 354 359 3773 37827 38 38466 394306 394307 4077 443643 53666 55039 5884 598 602 6051 6125 63 6482 66 666012 69 6931 7050 72137 733 79 795 797 84061 8437 8535 886 8985 926 97,178
106 1095 1104 1147 118058 12312 124861 1280 12975 1304 133 1337 13615 14132 154235 178 183107 193 1976 2352 24070 2536 2662 2663 2664 2727 28942 31165 323 328 32949 3349 36228 3701 3710 395961 41872 47243 4809 4934 499658 5049 50802 5138 52018 5507 5509 55476 582143 60 607 609542 61217 6404 6482 666 67519 676 7003 7038 728030 728031 73211 746068 752 7616 79 8437 8487 8635 878 902 904 907 908 97,110
10594 12242 1245 13405 15486 176500 176501 195 20854 2168 23274 2410 2632 2683 2685 288052 3027 314 315 3412 351517 35255 354 376 379 426 434 435 4503 4558 48 4875 4910 53016 562963 598750 61345 6177 620 63 69 7121 7229 77 81061 847 8517 855 871 9062 9244 941 9488 9611 9710,644
113 11326 12320 1244 148 1506 1524 1617 1625 17758 18025 184 1845 20233 2115 21331 2201 223 22734 23685 2388 2507 2705 315 316 3194 3373 354 375 3922 48 5235 5357 5358 5429 551 5768 6211 64 666 69 701 7288 7520 7870 83678 839 846 8635 869 917 972,1602
106 1095 11261 11773 12297 1245 12452 12532 12533 1301 13388 13464 1367 142 1527 15614 1625 16768 168238 1773 17795 1788 18085 1849 18762 1961 199125 2023 205 213796 214815 2201 2317 233056 239569 24010 2413 2507 25223 2541 2688 2701 2769 27842 2856 304632 304633 304634 304635 304636 31774 38 38741 41 438 465576 488 5041 5064 5113 5228 52540 5411 57325 5805 598 602 617867 619 6284 6337 646 65351 66674 6695 68795 69 731 735 748 76648 770 784 78624 792 801739 8450 871 87906 901 941 9626,191
10045 101179 1016 10225 1033 104 1048 10747 10748 1075 11330 1134 1200 121120 12309 12381 12447 1301 132 13228 133 1337 135 1357 1367 1452 14998 1526 15412 15458 1571 15757 15841 1712 17283 1744 17639 18186 1849 19188 193 1935 1946 203441 20592 21561 22642 2266 2364 2377 2469 2609 2683 2685 2699 2709 2710 272039 2765 29554 299 3031 31062 312 32602 332 333 33467 3367 33874 33875 34125 3652 36688 381 409 4091 41 415041 42 425 434 435 4404 4572 491569 494666 508 5086 5170 53602 5507 5522 5578 5581 56161 56345 5672 5871 60 60398 606 621 63 6403 6543 6568 6968 7270 73688 73988 748 750 7533 7678 770 79 797 7977 8119 8291 8398 8408 8409 8437 85281 877 9151 9266 92714 93 94337 9647 966,607
10502 109658 11003 113 1287 13264 1386 14800 14967 1541 1546 1571 15870 1694 173 17530 177044 17711 17780 17789 18330 18577 186928 194 20409 205 2071 2092 217366 2380 2382 2541 2564 2765 27935 28716 28717 3073 3088 312 315 316 3180 32652 3276 3289 3318 337 349 34966 368142 3772 43 43456 4562 4572 4800 4902 5 529 5507 554 574 577 584 6157 63 6893 72427 7450 76 7685 7898 79 80 830 8887 8989 9062 9488 9506 994,578
104 106 1076 11015 111887 11272 12042 1211 121419 1240 1243 128486 1336 1337 135 1420 1448 1594 1622 166996 1695 17056 17064 1746 17463 1855 18648 1881 1903 20006 215 23984 2502 26959 29816 343853 3749 391938 394 41766 426 43930 4432 4934 4999 5 50095 5609 5663 6221 63 6458 6904 701 7153 723326 7507 771619 7770 79 8202 86696 941 959 97 9754 99344 99995,135
102 106 10969 11518 118 131 14633 150 1511 1524 15770 1617 163054 16613 16937 1694 1736 184 18568 205 2155 23460 25434 299 32572 326 3412 355 355917 368 38 4124 4808 4984 516521 5200 5332 5371 539415 539416 539417 5458 5579 5684 671 7221 781614 8397 9145 923 95 99 9901,2521
1095 1168 118659 1201 13730 13991 2027 2074 22010 22856 2352 2384 2398 246319 246612 2485 271346 271365 299 315 3158 376 379 382 3865 3894 4288 434 435 4661 47451 482 4908 514633 54447 58 658687 658688 69 781 79 8437 901 918,446
1 1095 10967 11714 118659 11930 12064 12149 1224 1263 13730 13843 13991 14258 143 14772 1536 1598 16142 16967 17962 1807 1824 1890 19010 19011 1923 2047 2074 215953 2166 224 225 2352 24026 247526 2593 2807 2987 315 3193 3208 327851 329 3320 337 359 376 382 4137 429 443 482 5161 5297 5429 5506 5687 581 582 592492 67523 676 69 725640 7432 74672 7669 773045 7768 79 80 836352 83849 8437 862 874 901 904 93 9482 959 968 97471,67
10155 1021 10321 106 10991 11027 1181 1183 1214 1216 12285 12322 1250 127324 12738 12814 13 1320 133479 13615 14012 1460 147270 151 15151 15241 15459 156838 157340 1608 16568 16639 16849 17079 17583 17811 18038 1817 1849 1897 1973 198477 2023 2098 20985 212617 2335 23520 25684 257561 26518 265436 2685 2709 271362 2757 2792 2871 2946 2980 29841 2988 298867 304 309 31 316 32332 326 3278 33436 33623 337 34461 3500 3561 36625 3701 37909 3831 3874 3939 3967 41 42 428 4316 434 435 4648 4699 47622 4789 486023 486024 49 4934 50 5138 51411 517437 517438 52255 527 5423 547 552151 5594 579 5862 598595 60 6077 63 659268 659269 669 6893 703 709 712132 73678 757 7589 7768 79 797 819 8298 8573 862 878 8978 9000 90555 918 99541,652
1 104 1075 1287 1310 132 1320 133 1347 135 14182 1448 153117 15705 157197 1602 16135 16637 16643 1763 1800 18123 18199 18299 1849 1856 18848 1903 19072 194 2098 2164 2335 2364 23670 24395 250173 2526 2638 2685 2769 2805 2823 298607 299 30505 31 313137 315 32055 3255 326 3280 36285 37730 3874 391 39618 4267 4492 4570 464 4659 473962 474 4907 5004 527 538450 5411 5427 5442 5614 5892 61187 61188 6177 6189 62091 65465 6574 68 6893 7075 7288 7317 748 750 779287 781 79 797 8082 8202 878 94053 9747 99368,215
104 1045 1048 1111 1181 12289 1243 1432 14353 14793 148 1522 162933 1746 1799 1807 1849 1880 194 198 2023 2200 221 2213 2232 2250 2351 2462 252 2530 26245 268 2719 316 3165 3278 3280 3309 3367 355 391 391165 392 423 434 4448 49 507 5086 5170 5614 5679 5751 58 5829 60 6034 63 6355 666 7194 76175 7704 7788 79 81176 879 8801 8812 886 8887 9013 9151 959,110
1095 123389 127895 1337 1357 1442 151 1524 1617 1736 1798 184 18675 20501 2162 2200 2214 223535 25205 30288 30838 31 31631 323 32363 3341 3498 38 4116 41420 4318 432 434 4594 4800 4989 54023 54264 566 5826 598 61373 619209 61994 62934 6462 6954 7229 7347 7348 738 8047 83 855 9245 959,2360
100999 101942 106 10973 111558 1207 12518 130 1337 1359 13644 13913 14353 1515 1571 1622 17228 1807 183 1849 18547 18973 1952 19768 19916 2003 2006 207 2086 21597 22041 24373 25204 2526 2614 2683 2709 2798 2978 3037 312 32034 326 32705 328 33578 33996 354 359 3664 38 385384 39234 4040 41 42 422 423 4572 4875 488 48827 48863 5454 5507 5756 5891 5999 648 64849 6695 680166 729 737 769961 79 795 8054 8437 8670 93862 96439,88
1 1010 10185 104075 10454 1057 106 112374 1214 12573 12755 1288 14061 14218 1433 1446 146 14736 150 15634 15959 16585 1659 1694 1710 1736 1761 18137 1942 201331 2018 2033 20373 20382 2074 209005 209007 21072 21321 2152 22219 227 230534 2351 2356 250 25182 25508 2627 26332 2683 2738 28343 28392 2941 29702 3132 3172 3255 3256 326 326343 32949 331 34261 347 35079 354 3648 366125 38321 38706 39125 391480 394367 4022 408855 41989 42006 4210 426 428 44101 4444 4498 4571 48117 50734 5227 5238 5688 57 5822 59895 60 6081 61 63 64 64081 645 648 6601 663375 6695 6728 6753 686 6893 6931 7244 735 770 7800 78957 79 7968 8437 859 8759 878 9013 913 9193 9237 93441 93442 94 9404 9491 970 971 972 9902 994,192
10177 1033 1048 105319 10996 11167 1184 11868 12028 12234 1243 1245 1263 1274 13465 13549 1367 1369 13892 14772 1522 1524 15444 1571 163506 16425 16524 1659 16632 1829 18299 1845 1851 18579 1891 1893 1896 194 198149 1983 20825 208604 21120 2115 21824 230569 23269 23274 2372 2382 23850 2501 2540 2701 27514 2849 30409 3059 309 3114 326 3519 354 3648 4029 407 41 42 422 422301 423 426 44674 447 4570 4587 459 5005 507 508 5588 5659 582 58939 6051 607 609 61114 666 67034 683 6849 6852 6853 6854 731 734 735 738217 75083 7609 770 8191 823 8380 90320 91,174
102123 10278 10448 10625 1075 11565 12814 1336 1454 1524 1617 16219 1712 17159 184 18782 18806 194 2047 20854 227 23269 241799 25248 25803 2611 261155 27013 292540 292541 299 3027 30404 310 316 3189 3218 323 361 3736 381 382 395 40511 41 42 423 428 42983 434 437 438 4583 463 4646 4699 48 4808 5086 5169 5250 526379 5454 54563 5659 5821 5913 60 6156 6189 63 6482 67721 69 72713 73688 743 749777 757 7625 768 83 8676 886 8957 901 907 9266 9476 96205,2404
1209 1243 1299 13090 13644 14131 14132 1454 1574 1575 1757 1857 197172 201993 2074 20897 2174 2201 24010 2500 2526 2685 2724 299 3141 315 3159 348377 3555 428 429 47812 51895 5502 56237 5862 61292 68165 6975 7003 770 79 808 8437 8737 907,145
1033 105 106 11170 1154 11716 1188 1214 123471 124 1311 13192 1336 144447 144835 144836 15462 1570 17347 18196 183 184 18485 1856 2035 2086 2164 2213 23168 2346 2360 2364 2379 2469 250 2500 26452 268 2683 2764 29 298843 3020 3089 313 314080 316 32531 32634 33688 35809 36072 3637 365 3710 376 3772 405641 430 434 435 4520 456 4562 4653 4916 4986 5000 5007 5168 5565 574 60 604 607 63 645 6893 69 7347 7348 7570 7620 770 79 795 8014 8257 8525 8526 87 9062 944 9488 9643 98460,538
1033 10550 107 10706 114 11598 1211 121395 12322 1245 1274 13067 1337 1393 1441 146 1460 14902 151 1514 1593 1625 1659 1712 178 18025 1896 1919 194 197 19984 20686 2082 2194 22297 2231 22882 2300 2339 2356 25162 2540 2683 2692 2769 2978 2979 3092 31 316 32549 3255 376 37792 38 3908 393 394 400 4090 423 43422 48 49471 5161 5225 5251 5727 57358 60 605942 608441 61 63 6361 64 64307 645489 69106 736351 75196 759511 761567 761569 770 7802 793 795 797 8380 841776 861 901 9190 950 970 9946 9947,211
102539 1168 12330 124011 12818 130847 148 151198 1537 1625 1726 1814 2484 254342 2631 271643 2810 28973 3010 323 3243 326 339464 344134 355 357 454391 4661 4925 508 51289 556430 556431 5808 59329 61994 67418 8239 8342 9245,2443
110565 11214 11216 1146 12804 1364 1367 1417 1442 148411 15039 1517 15273 1605 1606 16962 1759 17737 1801 1849 1851 1897 1953 19657 19768 199189 2004 20071 2014 2110 2193 24504 2663 2683 2851 2871 290367 2924 29828 3033 30636 314 315 347 35800 37559 379267 382 3956 39930 4043 4045 4217 4307 43303 474 50206 50476 513235 5309 53660 5508 5688 5742 579 5821 6024 606 6197 6225 63 6543 694 709751 757 7788 7815 784 7870 822 826 854492 854493 8630 877 8777 8950 9006 95 97 972 973 9745 9817,213
1005 10147 102269 10950 1214 132629 133849 13808 13831 17680 18181 18182 183 2018 2175 222703 2683 3159 354 3721 3738 38 38424 386 403 41 42 428 4404 46119 49 5 5775 5840 61987 6524 67337 6893 699633 744012 79734 8635 91 972,149
1021 10364 1164 12260 125809 12722 13832 140813 1442 14785 15459 1593 1617 17064 183 184 1849 1881 18966 194 20411 20429 2115 2125 213 2186 22091 23269 23467 2372 2469 2485 25466 2711 2798 3146 3158 330361 337 3701 37421 392257 4202 470452 485379 4934 507 52878 54023 5506 63 63056 798 8366 877 94,158
10255 10256 10644 10971 10975 11047 11163 1224 12259 1231 1233 1245 1282 13042 133 134313 1367 138647 14231 1441 1442 150 151975 15294 1719 1729 17360 1773 17737 18124 1849 18675 18732 1959 198 20648 2360 237 25150 254199 26065 2688 28089 28374 3031 3109 3141 315 32109 3367 354 37215 3876 41 42 42661 427 434 47753 4868 488 49007 4916 4934 522891 5500 561821 60 607 60903 61 63 63417 640146 70 702 736 7448 76 7678 792 797 8070 822 8296 8297 8298 83 86 8630 888 9489 9545 974 9765 989,109
107 11353 11618 1167 126204 151 15296 17471 17788 18208 1896 194 22388 23371 237 242443 25788 2637 2712 28645 3033 312 324 33017 33749 366482 376 38 389961 392 394 40080 460 4721 4794 4855 496 4994 53716 5579 574 58617 5886 594 60791 63 63130 64 6701 711 734 762 7625 79 8193 826 8302 857068 8989 8998 9088,55
106 1075 111218 1290 1291 13165 13253 1357 14161 14429 145905 15086 1514 1517 155 1593 160915 1712 17295 173 1800 1845 1849 1851 19027 19485 19768 2034 20650 207 2074 2086 2200 22574 22981 230 2334 2364 2388 24132 24660 25018 2564 26277 2653 2698 2707 2709 27822 284 28864 29659 3014 312 314 315 32118 321333 3255 3320 337 337188 33830 33899 33902 359 363 365 36580 36734 37143 37170 376 381464 3873 38840 389048 394 41 42 425 438 4532 455 4572 4699 478473 49476 4984 5113 5135 52188 5436 5614 5868 5884 601302 61047 61064 6130 6279 63716 666 6757 6942 711 7205 7206 737 757 7625 763 79 7959 797 8276 849 8613 91785 9273 9669,178
1007 10514 112617 11680 118 119471 1200 120426 12143 12474 12479 1248 12656 132 133 135 15870 16186 1622 1694 1757 1849 1853 187 193771 2060 2092 213 2284 2370 26487 2798 281083 28724 3037 31350 323 326 3278 328 329 33782 37444 394 4090 425 44078 4937 5106 514427 5411 5444 5502 57 5743 579 5891 6482 66622 672712 69 6934 695820 705 72851 79 8242 831 838 8501 871 90 9353 966,184
1033 104 105021 10636 10748 10789 11072 110983 1153 1159 11913 1209 12447 1253 12533 1304 1305 135 13730 14002 1442 1571 15791 1582 1719 1749 180 1849 1857 18795 1891 191 19740 2039 2097 2151 222 22851 2437 2451 2507 2540 25552 2659 2688 2713 294651 29923 3027 309 32202 3342 33784 3539 37494 379 3831 40862 419807 422 423 429 434 435 44144 4415 44218 445 46299 4699 4715 4747 48 49979 5727 5862 60 60333 6226 63 65692 7209 731 7347 7458 768 7788 779530 79 792 8437 84901 855391 86104 88515 901,606
104 1159 12356 1237 12827 1296 12997 135 1421 1442 14814 15393 1548 15621 1760 181 182928 183 1856 187 1910 194 197 2282 24287 24539 2769 2792 3141 36253 37530 3873 394 42810 434 435 437 4572 4870 4934 527 54790 5610 5663 5709 5877 5993 63 6893 7520 7629 7660 784 79877 8024 8202 901 9029 99078,482
1042 12236 12643 1311 13816 13876 13877 13882 155970 1570 1571 15734 1719 1756 1757 1760 1794 1798 1856 2002 2007 2027 2056 2060 2066 2074 22231 23540 23807 24381 2501 25254 2530 2611 2683 2706 27158 29035 299 30638 31 312 31335 314 3166 3190 3193 3195 32528 32534 3739 3762 3813 382 385 3892 391 3928 39524 3962 4091 41 42 4217 443 4580 4910 49555 49560 5135 5169 5247 5332 5506 55362 56662 60 6123 617048 620 6241 62888 6701 68 69 6941 7028 7160 7209 72562 72870 7325 74489 762 768 7866 79 7949 80 8239 82976 831 8437 874 89203 9109 9336 94679 971 974,123
10134 103806 1048 10611 11406 1147 11582 1200 1247 12608 1274 1311 1337 13465 13500 13698 1377 1442 1593 1594 15995 1604 16199 16225 16288 1694 17056 1714 1719 1757 181 18425 1849 186 187 1897 1903 191615 195 1993 2086 2200 223 2251 2286 23905 24414 2500 252214 2526 25438 2943 296423 29737 29825 312220 312221 312222 3276 328813 3338 3500 35323 3539 3542 35659 36008 37151 37152 381 382 41 411298 42 426 4324 435648 470 471 5138 51882 5228 538685 5565 5577 57115 57412 5886 59641 598 6270 63 6462 68597 74754 755023 7581 7629 79 795 80 8270 8812 8991 901 9690 9692 9994,216
102 1045 1057 106 1095 118360 11967 1216 1282 13019 1310 1311 132 1337 13465 1507 1508 1622 168952 1705 183 1849 1853 189110 193 19387 19586 198 2023 2186 24394 2663 2664 26672 2766 2798 28292 28422 3114 31165 314 315 323 3280 359 376 3956 4054 422 423 4580 4727 4809 50802 520938 52815 5581 5590 56732 5727 63 68705 69 7202 7266 738438 739354 7467 752 7685 79 8059 8491 8589 9497 98054,184
10189 10278 1036 106 1076 1095 11000 1111 116111 1214 1285 12997 1311 14064 1422 143185 14789 1496 1498 14998 151 154182 1739 1763 177 178 18378 1961 199232 19983 2002 2047 20531 211309 213 2352 2414 244826 25540 25567 262086 2662 2663 2664 2665 29189 2929 29933 314845 316 323 3282 33141 34393 394 410380 41338 42124 42441 4276 464 48942 49 49754 50474 51807 5227 5381 552209 5776 581447 5821 5993 6012 614847 614848 6238 633413 63422 672606 6904 704 708 715974 729 734 74 740387 740388 740523 7678 768 7848 79 795 812 8122 86105 8851 88825,283
10182 104 1045 1057 109149 109372 112594 114722 12044 1224 1245 1282 1337 1367 1453 14982 150 1565 1625 16560 1710 1713 1749 18025 180655 181392 184 18435 1849 1903 193 1935 19600 197 198 20178 2269 2282 237 238238 2469 250 26056 27057 27065 28716 28717 2881 3032 3109 31756 3320 3449 354 36625 37292 37953 38169 3859 39625 399124 4022 40669 41947 425696 435 443 4492 45715 4869 4941 5064 527 549135 57 620493 62573 6361 69 7194 772 784 793 7932 80 8242 83 834449 859 87 8760 91 9236 94 972 98943 9977,226
10644 1095 1107 11415 1243 1336 14237 14420 1627 169567 17064 1739 177 178 181 187 1945 20966 2100 21631 250 25223 2769 2777 287459 299 315 323 325 3274 3390 3533 35547 3876 40 4202 434 4443 44437 4575 488367 50217 51916 6893 69461 714367 74 74729 7507 7806 79 795 803473 808 879 9692 9730 974,250
10443 106 10757 113338 11446 11705 12593 1305 13195 139155 14434 14878 1517 1565 1649 17164 1735 1749 184 1845 186 19392 1973 20182 210 2453 2479 255458 25558 25763 26695 26992 2701 28 28328 28461 2871 28717 3031 30388 3114 31435 326 331 3318 3329 33449 3412 3441 35881 36625 37130 379 37946 395 41 42 43 435 438 4534 48 483 4865 4868 4871 5052 507 5113 513 5440 5600 56816 5765 6456 6931 71973 72787 737 74672 784 7898 843 8535 8650 9137 9144 9253 92665 9269 9944 996,122
1 102011 113595 124659 129192 13226 136635 14050 1517 165831 172 17758 1792 18425 19188 1938 194 2351 23740 25075 257249 2685 2871 299 304 30470 312 3177 36625 382 393 41 426 45364 507 5411 547 54834 5507 602 634963 6448 660072 703 79 8437,68
1007 1033 112617 11268 114371 11773 1245 1274 13397 13730 1561 156408 1594 16317 16735 1729 177 18587 192914 203714 205 21377 2151 2201 2437 24756 2688 27475 28 28230 28716 28717 28757 2879 30503 308746 311027 3141 32 323 32725 328 333 34325 354 3664 375350 379 39602 434 435 50876 5378 5584 57 5877 6002 61 63848 6428 6482 65213 7067 70683 731 7409 76 77409 795 8380 87980 901 96806,576
1016 1024 106 1093 10931 1168 11798 1214 12286 12304 1320 13347 1336 14119 14485 1514 17119 17454 183112 1849 1851 194 20170 2081 2086 20876 209 2098 2194 2245 22944 2335 245 2656 2662 2663 2664 2665 2685 274 2751 2810 2858 2914 293423 2939 2971 2988 314 315 323 326 347 35184 3540 355 359 37423 376 3874 39 405 40502 41 42 428 433753 434 435 4515 480387 4875 49 4907 5005 50474 509128 518 5228 5243 5385 5396 57 5808 607 60753 61 6121 613867 613868 6157 623992 63552 63553 665 66981 676 6893 711 7197 726 729 741531 752 7542 7631 788 79 800 83 8431 8535 859 871 878 901 90492 9190 9268 9488 9692 9775,580
10269 1036 104 104351 1048 1075 108596 110 11766 1215 12175 1240 1243 1263 1270 1347 137100 137624 14057 1420 14294 1440 1523 153499 1558 16140 1622 1725 174326 17740 18108 197 2082 209 2174 2194 22779 23321 23454 2359 25255 25747 2641 28905 3079 314 3141 315 33637 354 3540 35987 365 376 3863 3873 39161 392 39510 4006 41 422 426 438 4559 46169 48656 5167 5332 607 608 6269 627061 63 69 708 762 7677 7678 77 78 79 8065 8193 8297 8419 8712 9136 9273 9488 96127 9742 9813,136
1008 10281 1033 1036 104 10409 10587 10702 10748 1095 11138 111857 112507 1171 1200 1240 1243 12889 1301 1320 13464 135 13644 14438 1460 14934 14935 15007 15313 15870 165524 171638 1773 178 182516 1849 1903 1919 20531 2074 207896 2081 2085 2098 21820 22037 222607 22282 231547 2335 2359 2364 24112 244407 246 2541 268 2685 2709 28405 311 3114 312 3158 3166 326 3275 354 35496 362130 36790 381 3812 3874 4009 4091 41 42 425 428 434 435 43743 44038 474023 4816 49 4902 5106 5332 551 552 5821 6052 63 66429 676 6893 69 7044 7244 752757 768 771 781 786327 786328 786329 79 800 822 8437 877 878 901 9182 93 93117 99694,563
10070 1036 10473 106 10754 113190 115092 11576 1160 1163 11958 119712 1219 1240 1282 1301 1304 1311 1337 135710 1359 14119 14166 1422 14231 1473 1474 14850 14998 15312 1601 165160 17142 180 1819 18292 1849 1856 187 19402 206 2063 209 20959 210 212 2142 22413 2251 2290 2356 2364 24008 2407 2484 2538 2540 25692 2583 2648 2685 2710 273 277240 2774 2911 29236 2974 31 31354 3249 326 33050 33319 3367 36625 3742 379 38 394 41 42 42130 426 432 434 435 4503 4708 48 4907 4938 4959 49738 5114 531 5419 5457 546802 5839 62391 63 64 6662 66878 6853 75386 7603 762 768 787 79 819 8257 83 838 8586 8670 873 877 8849 886 8940 901 9062 97751,503
11274 1214 122511 1275 12960 1367 1483 1694 173157 1849 19161 1938 1939 1941 1942 20583 2134 223 2338 236119 263355 2685 299 3020 3109 331 33370 3710 38258 40 4437 445 468240 5200 603593 63 63077 6439 6448 661354 661355 6893 7003 70484 7288 72992 768 779 7804 82790 84823 878 901,232
10454 105153 109852 109853 1163 11720 1215 1243 1270 1465 14667 14818 14819 14863 150 157374 17284 1807 1903 191 2001 2025 2047 20701 2074 224 227 2407 260777 2688 2879 29860 312 314 315 32469 33131 347 3539 363164 376 387 392 39955 426 428 434 471 474 47745 4789 4959 52318 5502 5581 5679 56892 57 607 686 6893 712171 73823 79 792 810 9011 9136,154
1021 1033 104 107038 10875 1111 119328 1263 129 131 13204 13489 14113 1462 162256 1740 1759 1773 183107 1857 1864 1897 202702 2082 21264 23010 2373 2437 24686 250 2685 2763 286028 28626 298381 299 3033 31278 323 324556 33670 34730 354 3868 41 411 42 4288 4324 48581 49 49787 4981 5080 5116 5547 5777 579 582 60 6482 672913 672914 69 755513 76941 822 826 828808 829 8366 8395 8515 8684 9504 9721,204
100 103265 1033 1048 1095 110695 120939 12175 124396 1274 1320 13292 14247 1438 1593 16468 1824 1849 1856 189134 1896 1903 193 194 2055 2056 20651 2075 208814 2098 2174 2187 2335 24686 2541 2685 274 299 30320 3141 315 326 328 331 35319 36674 38 3874 3894 41 41273 42 423 434 435 4437 45337 45600 487 49 50802 5156 5161 52413 537409 547 549 572995 58 5831 63 631 6852 6893 69 704 768 771 7783 79 8039 821 823 8271 8380 83901 83903 8572 8573 878 88013 9956,1296
10124 1021 1048 1057 114862 11651 12064 1301 1302 1337 1453 1593 16269 1705 17617 1824 183 1856 192259 19641 20294 2191 225 2295 232138 2352 2423 2493 2521 2709 28757 2934 2941 3094 318 323 3280 3296 3300 359 3602 3662 37802 391 394 4054 4059 4070 4075 41228 434 4488 459 4816 4910 50443 5235 5249 54149 58 58489 58503 60589 607 6075 64722 6787 69404 69647 70628 7244 729 750290 750291 750292 757 7677 7712 822 8412 901 9336 9503 9504 98454,156
106 110778 115732 1168 11694 117944 1200 13431 135931 17034 1733 177 209 2115 223 23658 2540 2616 2633 2683 299 30012 304607 310 311 3141 323 326 328 354 37969 38 3812 41 410 42 426 4394 476302 495204 507 509293 509294 57514 5877 6024 63521 666 686599 687820 748 750 75850 76 79 792 830 9062 923 9488 974,348
10372 1095 1168 118657 1301 1320 13388 134 1364 1367 137539 144742 151 1524 15835 158408 1617 1813 184 1849 1983 2082 209 2098 213 21313 214 2203 2250 2335 2369 25239 2669 268254 2685 2705 2709 27535 311810 3130 326 3411 379 3874 40303 405 41 42 44038 445 4563 507 51606 52221 5409 551470 560176 5763 6893 69573 8245 878 901 9330 9520,1723
101548 10321 10334 10454 1057 106 1066 11106 1177 1216 12266 131 140260 146 150943 15290 15610 1602 16476 170844 170846 1796 191 1942 19843 20701 209 215 21731 2364 24380 2500 2507 2541 265761 2670 2712 2797 2798 2799 284232 3037 314219 315 326 328 3338 340 372 394 4127 4207 426 429 434 435 4432 4808 4929 50223 5249 527 5313 53767 5445 545 5581 5718 5821 594220 598 5983 60405 63 66812 671 71951 7368 7435 7513 7632 763524 7681 769205 79 7900 795 8257 8292 83975 84244 854109 87308 8998 901 96932 9746 9975 9977,598
104 1048 10536 106 1075 1211 1245 13 13144 13292 13384 13394 13892 14057 1419 1422 1453 15717 1579 16784 17185 1759 18567 2045 2074 2089 25078 26225 2709 2747 2769 2777 310572 312 36373 36613 36614 367 38 38166 394 4015 418 426 44412 45158 46392 4808 4959 505 50732 51104 5415 5422 5424 5506 57423 57515 577 580 5944 61 6177 63 63302 6361 6460 6857 68916 69033 71086 773 8020 8437 859 8593 90142 97985,65
10321 11068 11072 11074 1181 1200 1212 1245 127141 12967 1441 150 1511 1519 156420 178 183402 183403 183404 1856 191 193114 194533 204499 2286 236 24411 248785 26916 2710 2842 2924 299 3114 314 3141 315 316 32055 3276 33171 3428 376 3772 379 381 38364 3866 39022 391656 39480 40 423 432 432659 4457 44756 4561 5422 55877 5654 584342 5862 5884 60 607 61647 61648 6189 6382 65796 663178 7163 717712 74110 7443 748 762 79 795 83 8386 8521 87 950,339
106 11062 116110 1168 1211 1243 12694 13844 14551 1462 160798 1625 183 18688 205 20599 20651 207 2194 236 25 2500 26001 2755 2765 311628 31297 323 326 333 33352 34083 3522 3540 357 3924 4082 4098 4223 441173 4432 445 4563 4653 49676 5309 5380 54015 5502 5581 5624 57 57573 585814 6075 64 6495 66 6787 700436 701 753018 79 7932 8083 848 8608 861 9355 994,248
10124 10288 106 112617 114 11773 11897 12285 128658 128659 1304 13298 133583 1385 14119 1455 1462 151 154078 1608 1625 17270 17284 1773 1849 19790 20128 205 20915 21325 215 22304 24594 25126 25558 2668 2692 2769 29474 299 3114 315 323 326 3320 33391 3411 38741 392 40036 403 40379 41 41535 42 434 435 4554 4563 45799 459501 463 4696 48301 48961 50 507 532618 532619 5409 548478 5506 6221 63 6482 7022 728477 7366 74494 758 771920 7854 785426 8188 826 84165 8437 879 9182 93 941 9541 959 97919,595
1016 104 106 1093 1095 1163 13016 1337 135 1460 14983 151 1526 15971 1723 1824 1961 2026 206198 231783 23761 24165 25062 2525 30650 315 323 32708 336156 3813 39713 397488 4005 434 435 44805 4670 4845 49 5080 54326 5507 59831 63468 64 651582 79 8437 8549 8632 9182 9312 94762,374
10052 1021 104 10592 1076 11074 1181 1200 12204 1249 1250 12714 1282 132 1323 135 1359 1364 14022 14071 14120 1441 1454 14615 14839 1514 1537 155309 1576 159 1705 1761 179 1807 18425 19072 191778 1935 1942 199 2023 212 213192 215 218149 2187 2200 227 23199 2352 23786 2423 2528 2842 300 30171 312 313 314 315 3167 324474 326 3276 345651 357 35747 3721 3802 382 38903 394 4043 4058 4077 41 41253 42 4271 4276 432 434 435 4575 482 48498 5091 5113 51567 529854 531 53350 53656 5405 5508 55242 6087 61647 61648 63 64954 6525 701 7348 7625 773129 7790 79 8023 826 838254 838255 8437 8499 8520 8521 926 9291 941 9476 950 9710 99009,620
1045 106 1086 1089 11514 1160 12322 12573 13802 1382 146 14959 1496 167401 1773 1849 1883 19043 19768 19843 20204 2086 215 21824 2214 237 23905 24006 24539 25086 2530 262244 26688 2851 312 326 3272 36961 39444 394930 409 41 42 4495 4870 5577 5581 5663 5862 58942 5985 65351 66347 721940 75628 7788 79 808 83115 883 901 93 95535 9637 97,233
1044 108207 11444 12009 1244 1460 1523 154556 15460 165057 17238 17973 18152 1827 21254 22485 225078 22951 2638 2710 284189 3027 333 335485 3359 3540 366815 3851 394 397548 40 40834 41 42 426 428 4401 443669 4498 4695 48 49129 4994 5052 507 5884 625130 6574 69 70 702298 7203 7616 7949 7979 826 8362 9031 9969,161
10960 111824 11750 12322 1287 1337 13464 1444 17285 1775 18186 1849 1883 1903 2209 22487 227 2361 25596 268 2870 299 31627 395 4015 407980 418363 423 4236 4267 5138 516 61603 6297 63 64298 69659 7014 723627 7255 7450 7589 7770 7788 823 88307 886,32
1044 10599 10615 10706 10950 10951 11064 11575 1159 12049 1216 1237 12868 1301 1304 1310 13500 1419 1441 14476 148 1523 1571 1582 164876 175373 1775 17896 20429 20529 2115 2128 2163 2171 2266 2279 23288 2364 23658 2440 252 254 266 2705 2709 273342 2962 296577 303493 311 316 3281 33154 335170 381 3966 4288 43 43589 445 45629 48 505 507 527 5581 5602 5644 57 606 607 6193 63 65077 666 6992 7177 72749 72828 7283 7848 7890 7895 79 795 7977 8257 8260 831 8352 8379 8402 847 8684 869 8850 8874 9298 9407 9746,379
100621 105828 106 10645 12257 1263 1320 1442 15265 15791 1849 2098 212617 216837 216842 2335 23423 2364 248013 2500 2583 2685 28532 2962 3147 3159 326 33366 3874 405 434 435 4432 4657 467978 474483 4934 52330 55 5595 57 5862 598595 6252 6893 718321 7447 7465 770 7806 782052 782059 787802 787814 79 80 80309 822605 822659 8379 878 9503 9504,404
10364 106 107436 109 10911 1095 1159 1214 12380 1240 1310 1336 14093 1422 151 154511 154792 155438 1570 1571 1608 164587 1702 1712 172 18253 1861 18716 1872 1903 19705 2023 2074 21282 2157 2279 2380 254219 2685 297381 2979 298473 3027 302752 312 3165 3166 3220 366357 3738 382 382871 385 39 423 426 428 434 435 4432 4466 4515 495 507 5091 51827 5418 55406 5826 5883 59370 6024 64 6893 69 69070 7160 7209 732106 7412 75032 770 779 784062 79 8437 86914 878 959 9747,617
1021 10269 106 1154 1243 1290 1367 13807 151 152765 16750 1801 187 18952 19567 19930 2027 2086 209 2134 2174 22412 23269 245 26154 2683 30545 309 3109 3141 331 375 3879 391036 4015 41 42 42597 42797 43672 439003 45323 5049 5052 508 5249 5357 538 551 5944 602 623 6284 631 6794 6887 7038 7124 7150 737 74459 7560 757 7663 7678 7870 7900 84871 8695 89160 9046 9506,209
1048 106 1066 1214 12175 1219 1240 1245 131 13388 14387 14436 1517 1569 1570 159067 16113 195581 2042 2115 216637 2174 21968 2250 225786 2269 22995 23274 23506 237 2484 2530 299 3029 30366 306282 312 314 3141 315 3305 33694 354 3662 367 376 38 382 38870 40385 40386 40533 41 42 43 48139 5041 5181 52752 54383 5507 564336 5768 5831 5877 6240 634 69 701 750 7783 7806 782285 79 795 80 81783 8585 862 8632 888 8989 9438 9739 9796,258
104 1066 10669 1237 1311 1377 14416 144264 145 15931 1606 1607 16345 16842 1849 186 1867 1915 1946 199 20382 2063 2151 2250 23850 24698 25409 2730 2798 30330 3037 312 31338 3141 316 3278 3664 376 384 41 41986 42 434 435 4432 4487 5007 5045 507 620928 6221 63 6457 666 69650 70392 79 7936 80 81686 8292 85 88425 888 904 9237 937 9504 9611 9736 9752 9796,457
101762 10349 104 106 1095 1168 11864 1313 136367 1571 1745 1856 194 24539 24541 2683 28 28547 28724 31415 3293 34875 376 3873 410245 423 434 435 44204 4429 4870 490 52324 569592 6052 6189 63 770 80 901 937,458
1033 109729 11532 1367 151 1524 157230 1617 183 184 1910 21513 215489 2338 2352 2540 261695 28716 290249 331 33586 359 393 40 423 434 440211 4502 49 53116 6052 607 624262 62568 64 6462 68078 6893 70 797 9590 9640,3167
10045 104 1045 1057 10822 1104 110479 11459 1147 11688 13 130104 1320 13237 133 1336 13777 139 13927 13994 141376 1442 14516 147573 1505 153856 1558 1625 16334 16968 1700 1705 1710 1760 183 1849 194888 195623 197563 201 2074 209 2092 2098 212633 215 2164 22075 2282 23033 2335 2352 23685 2372 246034 2530 25809 26694 2685 27263 2777 29190 30102 30259 31 3197 322 325346 3255 326 3449 35338 35340 35522 3652 36708 3673 3744 37448 37495 375 377153 3788 382 38694 3873 3874 392 395 395953 4006 406027 41718 420369 432743 444265 4446 44517 44866 4572 462507 4699 49 5 5070 508 51182 5127 5247 5300 53664 54470 55620 55932 5612 570 57733 5821 584 5994 60 6075 608 6089 64 68 6893 703 708123 708124 731 7310 7575 76846 777437 7898 79 7965 816 82967 82969 85557 8630 869 878 90 9018 91 9266 9482 962 966 9776 997,381
10445 106 1076 1095 112475 11354 116002 11773 1219 1240 129017 1337 13503 13995 14075 1419 14614 1468 14819 14905 151530 1571 16410 1659 1710 1740 177 183 1849 1897 1901 20170 2018 2027 209 21277 223 225126 2282 2360 24564 2500 25538 2583 2663 2664 26778 2685 2701 272445 28 2816 2979 299 301368 3089 31 3114 31165 315 3197 3221 323 3367 34198 35278 354 376 379 37928 381 393 40127 405 41 41227 41991 42 4276 434 435 445 4487 464 479102 4809 481095 5 5071 50802 50914 5138 52860 55594 5624 5985 601 6177 6211 63 68844 69 694 7244 739462 74465 752 7721 79 795 79857 80 822 876 9182 9506 97 999,819
10143 10269 1033 104 10647 1075 1143 11598 118 1219 1240 125963 12891 13090 13264 1337 135 139 142 1442 152167 1637 1695 173 1759 1760 188831 19455 1952 195853 19956 20382 2048 20539 206547 2074 2086 2150 2174 2203 2250 2256 2364 243201 2462 2484 263625 2719 273567 28424 2870 2979 299 30273 3033 31235 3141 3277 3429 34589 347 3539 3629 365 382218 3831 393 39487 3989 399702 41 42 4202 423 426543 434 435 4432 445 4453 4934 4999 5049 5195 5200 52698 5565 5577 57319 577 5821 5884 5886 6052 6087 6142 623 63 67966 70576 72738 7450 7507 79 8207 822 8297 8515 8652 8951 90 901 9287 93 9711 974 995,574
1 1021 103502 10624 108453 108456 12118 123086 12381 1274 1275 13500 13549 1364 1367 1419 1446 147705 147866 14839 151 158631 1625 170593 17140 1803 1849 1928 1952 1961 2115 212 2151 2201 220902 22337 23380 2407 24346 2507 2683 27711 27722 28 29848 302469 304 30503 3141 3218 323 3255 32841 354 35613 36162 36163 36374 381 38836 3900 392 393 394 40 42312 425 4434 4475 48 49 4910 5038 5052 507 5086 5115 54141 551 56377 57 570 580 58420 5877 6157 6177 701 71565 72738 7310 75 752720 757 7802 791 822 8645 86825 901 9266 928 9471 971 992,159
10173 10321 106943 107215 1075 109071 11165 11217 119 12128 1226 1240 1297 1301 14678 150 151525 159926 16068 1719 174076 1769 183 187 1897 19314 193950 2027 20306 20501 222057 227 2327 2364 250045 2638 2683 2713 2728 2732 28 3037 3089 3091 31 3275 354 381 4005 4091 41 4127 42 42370 4492 47624 4765 570 577 5836 59110 601724 6081 6277 6497 66945 7203 74364 7511 7533 7700 7704 80 94773 9505 9511 964,122
10042 103340 109 11064 1214 1243 12496 1304 13480 135791 1448 14582 1525 1849 1856 1857 20317 2194 22388 2240 2294 231276 2426 2427 2467 2697 2709 2873 291990 31129 3317 34277 3928 4005 40280 422 424 460 46726 48268 5216 54479 57 6893 714 7791 78065 79 800 8078 8249 949 998,392
112617 11404 11714 12025 1214 128980 12960 1304 137399 137400 145540 14800 1524 1536 1593 170114 175342 1773 1849 2034 21221 2168 22128 223 2266 2267 2364 24175 254757 266 2685 29825 312 314 315 323 331 34486 3710 38 38258 40 423 426058 4653 468 505 5225 5411 5775 5999 608 63 63176 63716 6448 6482 655542 6893 69 695901 701 7488 760 7672 7788 78650 79 811968 831 8379 86827 9062 9287 9372,197
104798 10544 106 10645 111834 114835 1163 1177 1184 11886 119 1243 1320 1382 1384 14396 1445 14850 150 151 1571 1625 16331 179 180 1849 2023 2098 22810 23087 2335 23364 239719 249713 2584 25968 25969 2685 2710 281559 284406 296491 2979 326 333 3498 3540 3542 379 382 3874 4276 432 434 435 44197 4425 44674 4788 4870 496438 529 5507 55840 56302 58539 5973 67336 6893 69 701 707539 782044 7898 79 7909 80 823758 836 8437 8454 878 88243 9273 9488 96805,891
1033 1045 113589 12275 12334 12335 12368 13502 13730 1386 14998 1524 1562 15873 1617 16219 1745 1759 1799 1800 184 1896 19177 1962 19970 213 2214 23258 2364 2423 2484 2500 2540 2541 2715 28716 28717 2946 3105 311 32333 33164 3596 372 37258 379 38 3873 39857 41 42 426 429 4570 487 50322 504 5113 51188 5443 546 55733 5581 56111 5764 593 5985 606890 60707 60998 6189 63 63258 651922 69 701 702 7179 7194 733 7347 736 771 79 7958 83 8670 876 878 879 9041 9151 959 9710,2547
10444 106 11015 11682 1181 118866 1243 124832 12490 126480 1311 131987 13292 134 1345 13523 1359 1393 14389 1442 14615 14646 1468 15207 153647 15521 1560 1622 1623 1714 172 1807 1827 183 1849 1851 1891 1897 1935 19586 20006 201746 2047 20701 2074 20908 213 2142 2193 225282 225283 226561 2286 2382 23848 2462 2500 25985 2627 2683 2688 26919 27935 2816 2851 2924 296710 29746 299 3008 312 31568 3159 331 3317 3367 36017 3647 3749 392 39344 40 41 4244 426 428 438 44886 4502 4587 4658 47968 4994 5113 51333 5138 5167 5169 5413 5429 6007 6077 62154 6284 631 6404 65030 67391 6893 69 704 70523 7163 719893 748244 748245 757 7761 79 792 797 80 80295 8208 8256 826 8344 8366 8630 878 8791 8794 9109 997,535
103645 1200 12285 1237 1371 14353 144828 14551 1460 14909 152422 1537 1569 1571 15762 17896 180 184 186450 191886 19861 202700 2194 2201 2357 2364 24822 258506 26385 28089 28714 299 3027 3141 319275 326 3324 3701 423 4670 47243 477497 4789 487 504 5309 5389 5743 5821 584 5883 6382 701 7209 79 825 8257 826 8437 861 8635 91746 9193 9235 9721 974,160
104 1042 10903 1095 1243 1301 148408 1496 1523 1524 1571 161416 1617 178251 179667 184 1849 1887 1903 191462 20306 2130 2164 2352 2364 24155 250 258639 2639 2664 2683 30254 31587 323 3272 33192 33654 3386 3540 365 382 41 42 427043 428 434 435 443 4492 4870 49 5007 508 50802 5381 5405 5507 5508 56 5616 580320 580448 66115 6701 68474 6968 7028 7788 7870 79 8257 83 8437 8728 913 9157 9273 941 9969,3040
1095 1163 116309 11786 1287 12960 13101 13388 1421 144868 156632 17654 1849 193 20280 209 222214 223 2500 2664 2685 311 312 314 315 323 325 3710 38258 394 39486 41180 434 435 5007 507 50802 5227 5502 5581 6255 63 6448 69 69695 752 761284 79 795 80 80023 83 859 9062 9513 9885,490
104 1042 10455 114143 114949 114950 1183 1223 1243 12984 1320 1359 13827 141316 1440 15006 150615 1508 151 1558 1571 1773 1778 178 1849 189605 1903 191 19455 19768 2 200296 200297 200298 200299 2047 207 2074 2086 2189 22333 23269 237 241 2507 2525 26294 26307 2683 269 2751 2878 299 3042 31 31073 3141 315 3171 3498 37170 376 38 381 382 392 393 40 40160 4181 420 426 434 435 4432 44715 4699 5326 547 57 57077 6077 6169 6177 6182 63 6304 6551 6701 68030 6886 757 759 76 7620 770 795 80 8054 8194 8251 8275 8322 839 8980 89870 913 93543 9442 9752 98,552
1021 10321 1045 1048 1060 1075 1095 1104 11170 118352 1235 12619 130208 1314 13388 1385 1422 144423 1448 145597 15099 15165 16219 1732 18483 1849 187 195 2074 21550 2194 23020 233 2364 2381 2508 259443 26032 2659 315 3159 31795 3540 36565 376 381 382 383 391 393 41 4127 41507 4169 42 426436 428141 445 469275 4696 49050 4994 5161 5443 5452 61137 63 638 643063 694 7097 7353 7494 7721 79 797 80 826 855 85524 91 9291 9416 966 96902 96967 9710 99823,244
10165 10290 104 110473 112617 11864 11904 126349 13016 1336 14747 14877 1523 16195 16517 173 17431 181 187 1883 1897 193 19323 19366 197 1976 198 209 2186 2209 2213 230 2501 2547 268 2705 3033 3136 315 323 325352 344717 3508 3535 39384 395 405 41 418606 42 428 434 4653 4699 5161 529 5502 5506 5693 5697 5838 590253 5983 60 6081 6171 62599 63 6434 6482 6497 6781 695887 708 7494 7589 76057 7783 7806 7843 7895 79 797 80 822 874 879 9071 95640,286
1 106 11412 122200 1240 1244 1250 1313 1314 1320 13615 143 148203 15390 157197 16476 1800 1808 1813 1849 1856 19125 199488 2048 2098 2335 23446 2457 24572 2611 267 2685 3027 309 3130 314 315 326 3281 33505 3534 35659 373 376 37892 3874 393 426 4432 5007 5122 52849 53441 5404 5502 57 570 571829 571830 5757 63 64218 676942 6893 709 7194 779275 79 7900 797 810658 8231 824596 878 9404 9488 97 989 9906,295
100015 1095 109595 109596 1147 12612 1282 12960 1311 13302 1364 1367 143134 147391 153344 15782 166435 169567 1763 17897 1827 1849 19861 199542 199543 20507 223 223866 2364 25 25223 2638 2685 280 2816 30015 303759 306780 3109 31129 323 32708 3276 330335 330336 33467 350626 3534 37 3710 38258 4118 426 428 432 434 435 43540 445 4492 4572 49685 508 5224 54304 5588 59911 605824 61266 6157 619006 6199 63468 6448 6482 6893 70679 757 771860 7804 78445 79 795 8235 8262 83 84402 8549 886 91966 924 941 9608 98583,628
10704 10748 1168 1274 1282 13032 13531 139608 14120 1450 1530 17185 1849 18601 1915 1953 213 23438 235 2379 2469 2507 2685 2701 27104 2769 299 31486 326 3273 3330 347 3507 3753 3876 43 434 435 4958 5317 53864 578860 5986 63662 71086 7194 7203 7217 7244 726 750 7790 81217 822 9181 97739,467
102104 10251 10512 106 10644 116347 11773 118062 11910 12174 123432 1243 128431 13016 132 13529 13993 145072 14682 147663 151 1511 154279 1571 1593 16269 1749 17788 18185 18291 1849 186 1952 1953 2027 20423 209 22023 228 23813 2391 2501 2659 267 2688 2701 2769 28370 28966 2925 2934 299 30147 309 311 3114 312 3141 315 3189 326 3280 33578 379 37953 38 381 387 3880 392 394 4006 4054 41 42 434 435 45157 4696 5113 5204 52112 5411 55 55786 56 57 5877 598 619 623 6840 69 701 701986 72444 72672 730041 73377 73866 7421 758 76381 76671 78491 79 7910 792 80 8020 8260 859 879 91 9144 94 9506 9746,677
10046 100578 100591 1033 106 1060 1152 117134 12090 1243 1393 14831 1536 1608 173 1732 177 1807 1891 1892 197 2018 205698 2105 21179 2134 215 2166 21760 24625 24722 2611 266 28410 292997 2979 3033 31112 314 3141 35396 3540 359509 3739 376 392 394 4006 422 434 435 437 44051 4563 46 4698 4809 4855 4877 49850 505 507 527 5411 57 595255 5986 60729 62923 63 666 69 7122 735852 79 80 822 8437 8451 8515 8989 974 9984,647
10517 10642 1075 10931 11223 112895 11310 115340 11651 12449 12960 1306 1320 1336 1337 13541 1372 1403 1416 144865 1625 1661 1662 1736 17595 176431 1778 1785 1849 18797 1952 2098 21885 223 2335 2364 2451 25075 25339 25632 2685 276219 299 29999 3025 3078 314 316 32824 332 36625 3710 379 38258 409709 434 435 48 49 547 55746 5577 5624 5631 5632 590 60829 613127 6189 64087 644622 6448 6525 66622 66981 67 6893 70838 7206 7520 7946 824354 8257 83 8450 8478 878 87869 88080 90599 9236 9944 996,598
10160 10321 1048 106 10624 12077 123471 1244 1290 1308 1337 1367 13682 1421 151 15282 167 16968 172 1746 17680 177 1856 1919 21282 21389 2252 2335 256126 2632 2683 2685 2764 28 2873 3027 312 314 315 3255 326 32600 3367 376 3789 382 392 393 394 40127 423 428 430 432 4365 44404 445976 4677 4795 4934 5113 5228 5264 54263 547 57 59245 6073 61 6130 6306 64 6448 64724 649276 68581 6893 69 701 706 711 7194 7284 757 75904 79 795 797 8107 86252 91795 9291 9532 99603,444
1021 104 10415 106261 110833 1127 113 11540 1174 1237 135647 1422 143 1514 152736 1536 1582 1625 1784 1792 198 2002 2023 21313 2151 2253 2352 237 2381 24240 2469 24828 2507 25880 26798 2814 289817 289818 2929 3031 315080 316 3367 394 39679 39950 41925 4275 44961 48 5052 5235 5509 5659 5783 60013 6052 6221 7177 770 790 797 8323 8944 9337 9643 971,66
10177 10548 1076 10780 10867 11694 120343 1211 1243 127652 1290 1310 132484 13365 135 150 1516 15458 15488 16112 1622 16785 1694 16972 17808 1792 1845 1892 1903 192 192566 193 1938 194 2017 2174 2176 22326 23269 2352 24561 2465 24686 2500 2507 2525 26056 2710 2715 2802 28716 28717 2873 3027 3141 331 3478 35436 3583 359131 36127 36625 379 381 3873 393 394 4181 423 425 426 428 434 435 4559 4565 4934 5068 507 5082 50982 5272 5573 5654 58 60 621878 63 69296 7209 748 7519 768 78257 784 795 797 80 822 8437 8535 8632 8840 8841 8870 8989 904 926 941 9450 9749,574
10005 1042 1057 10644 10748 10915 11214 116182 15474 1593 1622 16694 176551 181 1889 20500 2074 255071 255072 2688 2730 2881 28900 28984 30905 315 33653 34115 354 376 379 38 381 382 39341 40352 427 434 4355 4432 4696 48037 5041 5115 5313 54267 5452 57 575642 615547 62816 6284 63 70503 7244 7721 78 7806 79 795164 861 8645 8914 959 9597,105
1048 106 1095 11003 1145 1147 1160 1168 11870 12204 1255 12563 1312 1313 132 1337 138 138343 140618 14186 142 144295 14615 14915 150 152464 1593 16186 16694 173024 1745 1756 1773 179932 18185 183 184 1856 1861 1903 194 2023 2048 21282 220629 22438 226088 2286 23139 2336 2530 2685 2688 2713 2811 2971 29848 301 3027 3031 30404 306440 312 3147 322 323 33047 33048 3367 354 376 3867 393 394 40 400 40144 41 4118 42 42441 428 4404 4476 4561 4653 49 4908 505 507 508 5091 5095 5106 5113 53737 5423 54690 55239 5659 566 5679 57 5891 6025 627234 646 6553 6701 6753 69 701 7509 75514 756 757 762 774 779 7802 7804 797 80 851 859 878 886 9136 9144 94 97 9754,369
1075 108413 11680 1200 12738 1301 132 134 13653 13775 142800 1519 1523 16162 1633 1915 19847 206 207 2364 2507 2843 299 2997 35613 392 40 422 434 435 488 5 51187 514357 514358 5309 7630 8257 8673,351
10173 106 106489 106521 10993 10996 1357 1367 15182 15264 161029 1714 172 1807 187513 1946 2027 210 2151 2200 2339 2350 2352 2357 2716 2729 2924 304 309 3109 321320 3255 326 3272 3293 37163 3872 394 423 432 4503 461945 468 479781 505164 528969 58 608 63 631 63689 64 69 699 754822 7625 7634 79 792 8487 877 878 8812 886 8939 90 91379 92439 96722,107
10070 104 106 1095 1274 1275 134 135 135960 1367 1372 13868 141660 14633 15127 15152 1759 17595 1773 17808 1809 1884 1897 2027 2074 2086 21205 2366 2407 24454 24932 25162 26816 2685 26916 27467 28288 2851 29341 29801 31 314 315 326 331 333 38741 40 41 42 42485 43 48125 4870 494996 49662 5251 5313 547 54824 58 60 6486 67979 702 70583 7206 726 733 734 79 8202 822 8243 8366 8547 86 8630 88425 8923 91 923 968,216
10237 11454 11503 1168 120364 120367 1214 12330 12595 1263 13363 1367 14115 1441 145350 14877 150 1511 16230 16599 16600 16968 1736 18077 1808 186967 209 213 2165 216931 2201 2364 247131 25809 26613 2777 2826 28339 2971 299 3141 3180 323 331 338 355 3800 408786 41117 4114 4492 4561 4567 4779 5069 508 5116 5877 6004 6007 63 6531 669 67570 69 732960 739 758 784 80 83 901 941 970 997,808
1016 1033 104 10636 1093 1095 11064 11219 12813 12960 133339 1367 1417 1573 171761 177 1849 1851 18577 187 1897 1945 209 20908 213333 21830 2194 223 2320 23269 23640 2382 2488 252 259764 2659 2663 2685 2688 28716 28717 28795 30254 307 314098 323 325 33365 354 35747 363154 3710 376 38258 394 400 434 435 451466 46720 4698 48165 4990 50327 507 5402 5500 5581 5718 5727 595240 6052 6157 6177 63 6448 64757 670932 6893 72219 7441 7494 752 756 759 7806 79 792 80 801583 81126 821 830 84620 85735 879 888 923 9488 9840,770
10822 1095 1163 12073 1214 132578 1345 13559 141865 151 1515 160868 1659 171761 1719 172 1757 183 1849 194 2023 2231 234620 2434 250 2663 2664 27111 28716 28717 299 30254 3094 311 314 32003 323 3321 33365 3487 354 359 36625 3785 40 400 42128 4794 53357 534129 53817 543537 601678 619 647 64757 651862 6618 675055 704 752 768 878 90 9062 9377 972 989,92
10004 1021 10692 109531 116780 117 1181 1243 1282 13644 141 14119 14153 143 14541 150 15474 1571 15749 1608 1712 17129 17790 180397 1897 196101 20280 2082 213 214 2164 220965 226 2465 250 2526 2535 273326 274 3020 315 3300 33990 367 376 38 3801 3872 40801 41188 434 435 4575 4937 49855 5507 5653 57 60288 607 61269 703 708180 71851 7244 79 7983 822 831 8437 90681 93 941 942 9650,457
102 106 1127 121572 126553 12904 132 142275 142277 142675 142676 1528 15373 159 1719 1827 1849 18537 187 197 223 23087 2344 2381 24078 266 2764 3208 3276 33124 33424 3367 354 36866 4058 5588 5653 579 7122 78122 787 791 8020 86734 876 879 941,160
10983 117188 11920 1290 12975 13120 13644 146198 15137 155449 1759 1903 1938 2074 2201 2209 2416 2437 2484 2577 26132 2688 2769 299 3175 32572 3273 343645 354 36464 3647 372661 411134 411135 415499 423 434 445930 4937 5086 5507 55087 56610 5884 602 6024 6338 68865 701 731 748 750 761627 770 7870 79 792 7956 8397 8437 8797 95 9669 98232,150
10622 1146 11651 11710 1181 1214 1224 12801 1290 12960 1364 136504 151 16186 1710 1849 1897 205 2074 223 247531 25559 2659 2685 28 3033 316787 330 3326 3432 3640 365 3710 37249 3757 376 382 38258 384739 3939 40048 40049 40050 41 42 428 428358 429 45275 508 5088 5153 554508 5944 5982 60 614362 622 63 6448 68745 6893 6898 76024 7870 822 83108 8437 8881 9543 96215 9746,398
104 11694 11695 117528 12175 12381 1296 12960 130364 1337 1372 140523 14132 1417 1450 145286 1719 1773 1849 1851 186 187 1897 194109 197 203495 2061 21004 2134 2174 238069 24167 2500 2663 2685 28 28569 28570 28572 2871 2971 312 313526 3141 3193 323 354 3555 36114 3710 371502 3894 3954 41 42 42330 425459 444444 4562 456790 470166 477057 487 4934 5052 5422 5684 577 58189 582 58251 5840 609078 614392 62092 64089 6440 66273 6893 7003 7206 7412 759 759439 762 768 7806 79 795 8114 8252 8298 852 876 878 90970 94078,1441
1005 10175 104 106 11335 1168 12147 12960 1320 13366 134 135 1359 138464 1442 146 14800 150613 15909 15949 161147 162527 1665 17227 1758 17680 17962 181 1813 1849 187 1897 191 1938 19455 19832 2027 20507 209 2098 2115 211776 2163 2186 22033 2251 22574 23065 24216 2683 270023 2711 2712 2788 2863 2909 299 2998 310596 323 3255 326 34445 3710 38616 3879 403493 404982 40502 4085 409 42416 432 434 435 4407 476432 4789 4808 49054 4934 4937 498717 507 5153 5167 5228 5272 5721 5808 5821 598 60 60254 60281 6052 6130 631 64 6448 6462 66 677 6886 7033 7179 729 74249 7519 757 759 7641 7870 797 812 821 8238 831 87195 8724 8728 8939 8966 95630,613
10173 102 10265 10460 10536 10541 11345 11915 1200 120703 1243 125872 1311 1336 1367 1391 1421 1460 14615 14889 1514 15224 1593 1700 1757 1807 1856 1880 194 208039 212196 212226 21397 21407 21408 21409 21410 21411 2194 2336 2357 23928 24504 250123 2507 2683 2701 2723 29746 2978 299379 30228 30696 3109 323 3281 32893 337 3428 347 3500 3527 3539 381 391 394 3967 41335 4217 426 4276 486892 4910 5186 5506 5565 5594 5763 58 583194 6024 63 6482 67548 68236 686117 6941 70569 707469 7218 735 7603 76579 7704 7804 784 795 797 8776 878 9216 93512 93895 9504 9650 972 989,155
10542 106 110207 117848 11967 1216 1243 1337 134 1372 138 151 1593 1631 1637 16943 17368 1761 183 1856 1903 194 199 20897 2092 24058 2500 29011 299 314 3281 3283 3581 40 423 43735 4809 49246 49358 5138 51701 5429 560107 5660 598 5989 6075 624327 709 7206 7244 7402 7443 762 79 878 90 9488,72
1033 1048 10566 1075 10967 109873 11514 12307 1243 1245 1296 13119 1337 148 14929 150 1506 155 15895 1593 178 18018 181 1856 187 1935 1953 19896 19897 201091 20287 21513 2171 2286 230 23701 23740 239164 244700 2497 2499 2541 2683 2712 27418 283650 31 33770 3489 365 394 3979 424 434 435 440136 4432 46427 4696 4941 4964 5007 506922 5122 5154 53292 5500 55157 602 6051 624017 63 64 7310 7679 79 797 815 8379 86662 8684 8812 9151 9173 93369 9710,392
1048 106 106597 1095 11615 11694 11695 11773 1325 139898 1517 1526 1571 15795 180 183 1856 186 20964 2151 223 225533 225744 231276 24822 254301 2683 2685 2701 270310 27336 27448 2763 283101 29518 295465 2962 300 3089 3218 326 3271 3441 354 355 359 365 37539 376 381 382 3859 390287 392 4054 41 41329 438 4457 456852 456853 459 4910 5016 5071 514928 526512 530117 548 5507 5588 63 638 65127 6550 67534 6778 6893 69 701 7244 7412 743 753713 757 76837 795 80 8020 822 82877 83 83738 901 907 93987 9471 9506 9727,1360
103118 104 1044 108 109 1090 1095 1245 12975 1311 135 139112 13947 143 1442 1450 1454 150498 1604 16269 16928 17772 18310 1856 191 1938 194 195371 195374 197 2047 209 21401 2168 2201 227 231688 2317 2373 24649 26778 278287 27983 314089 315 323 3338 340 372 382 3873 40794 426 438138 4476 4653 4678 50642 50821 5327 54451 581159 5862 60 63 66206 694 701 705 748 79 795 8183 8457 8463 847 88913 901 9266 94 9404,224
10070 1048 105969 108326 11450 1146 11694 11695 1181 1214 1282 128308 13042 1320 13320 139638 141234 1417 144257 14738 151 1519 153240 1561 160150 181954 1897 193095 206990 2098 2134 21459 21724 2420 247369 26596 26598 2685 270650 2769 301074 309 31 31309 3190 3275 3278 329 335301 354 3737 385 3872 393 423 434 435 44404 454366 4698 4808 496490 498550 5007 530456 531899 5506 5579 5808 6157 62933 63 6448 65035 65038 66979 7244 7441 7870 789110 79 801681 831 878 8954 90 9245 9504 970 989,539
101238 10279 10615 10644 12312 12313 12496 1263 126539 1320 1357 1441 146 1496 1517 15566 15599 177 18055 1849 187 194 1946 2098 21030 21032 2134 21348 22947 2335 2489 2546 2547 2640 2683 2685 2688 273 2807 2957 315 326 3338 370337 376 381 382 383 3874 393 428938 43337 43562 442462 46879 473375 47828 496474 5169 523038 5422 5803 5914 63 657065 6893 69694 757 757482 7783 7895 79 792 795 80 802634 8444 85907 878 88568 90442 9453,250
1016 10415 105933 1075 1095 11278 11406 11719 11965 12563 1290 1310 1311 137449 1385 1454 1524 1594 173 17680 180 1849 18848 194 195 2056 209 212 215 227 2364 25 2685 311755 312 31523 323 3317 35496 36296 40 414633 426 426534 429 434 435 438 448148 4962 502176 502177 508 50839 55277 558549 5587 598 6004 63 6448 7209 733 79 795 8257 8292 8547 8776 92622 989,602
100502 102640 1095 11053 12064 1243 1275 1311 1421 1452 15717 15895 162517 163545 17151 172 18567 188161 193 2018 20768 2081 208594 230 2364 2657 274 27537 28716 28717 2881 2957 298736 310 315 321826 3309 3540 36625 395 4076 41466 426 4261 434 435 4432 4657 46645 4809 4854 508 52120 549579 5663 570 5804 5808 609 63 66275 66361 726 7347 7663 770 79 797 8256 8437 879 9245 9710 9746,451
102 103879 104 106 112617 120873 12780 1305 142911 14904 150 1524 1617 162405 175980 17788 184 197 27376 27977 294176 2946 299 315 323 326 3273 33262 3359 33784 33867 355 3873 3954 4118 428 43712 45791 4941 53865 5443 6482 762823 76586 822 8998 9476,2323
10028 10342 10379 1044 10443 1075 109 11149 11664 1168 12353 13 1301 135193 135194 14163 1422 16345 173 1897 1902 2092 20964 2149 2251 2336 2364 24576 2638 2709 29818 3027 3033 323 329 37444 396699 42175 426 4289 4434 4808 5191 551 57927 611 624 6337 6503 6757 7435 75946 7632 7847 79 81146 812 822 8292 888 9476,559
10076 103713 10644 10748 1075 11068 1153 118159 118659 119 119159 1211 1295 13125 1347 13531 13730 13821 13991 1460 1465 150 1522 1617 172 17808 1849 189809 2018 2074 209 218375 2286 23132 2352 2364 24504 2530 25409 2541 2565 2685 29507 30435 315 3175 326193 337 340486 342025 376 382 391 393 41 42 426 4280 429 434 435 440196 46393 47624 482 482082 482116 487175 4908 4941 507 53332 560969 5803 5862 598 6009 6105 6189 627243 6453 6468 67 67112 6893 69 70838 72719 731 7449 757 7804 7854 79 80 821 822 8257 8437 87 886 915 9237 9291 95 9502,513
102447 11177 14119 143 1452 148007 161744 1759 1760 183 187 1893 1897 205 20911 2168 2200 226 22918 23269 2337 2360 2507 2710 2764 2765 299 326 328 35319 38 42 4305 454849 45600 4575 46675 4808 49977 50306 513420 5313 6693 6852 6853 7533 757 7806 79 833336 877 8812 8838 9476 9721 987 98963,94
1033 1134 11578 1168 11860 12307 12356 1243 1250 12563 1295 13315 13389 1347 136912 1371 1442 151383 1514 1524 1561 162855 1897 193 21135 21236 21282 21667 2250 23422 23793 24739 25000 2541 2730 2764 3141 323 3539 354 37494 38 394 400 423 428 442540 4502 4699 4854 4855 4934 49576 4992 50225 5214 55986 570184 5877 58788 5886 602 6157 63 631 6757 69 729 7365 7596 762 77 7728 8287 831 834 8557 8991 9062 94159 9511 962 9871,148
102 1033 10794 11170 11404 11565 11913 12257 125262 130 13528 13531 1357 1385 1736 17396 17556 1773 1804 1849 1872 1891 1892 1897 198055 2216 2250 25596 2683 2685 27317 316 331 3539 3581 35914 37898 3868 3956 400 403 41 42 4202 43299 45433 4696 5113 5161 5174 51752 531 5509 6006 631 66028 69 70503 7494 7983 80 8397 9013 9145 9506 9721 9977,214
1057 11256 11706 1181 1186 1207 12259 12304 1296 13260 13287 13323 1442 144810 14633 1514 1523 1570 16105 16113 173571 1759 1760 17808 1851 1938 194 1942 19600 2074 208004 21049 2119 215 2168 224123 2250 22865 230 23285 2381 24381 24504 270557 270640 2811 284 2858 29702 3033 30601 309 310 315 3264 3300 337 36905 36906 3789 381 382 38474 3879 41 41925 428 4303 434 435 436110 438 4404 463 5 50 5049 5074 5086 53350 53849 54156 5442 54690 54889 580 6172 62092 6450 71339 7153 7212 72475 729 7447 772 7898 79 7946 80 822 8231 8437 8452 8453 84544 84547 85 859 8676 8684 901 90300 9097 955 959,579
104 1066 10967 11163 134 1347 1405 143 1453 146 14948 150 1524 152582 15827 1617 16455 16680 1763 17690 17913 184 1856 19083 19587 20745 209 2565 26040 277674 28057 3033 312 31995 3254 347132 37733 381 382 3831 394 405 41 42 426 432 4689 507 530482 5424 580 5891 598 6462 7435 77 7705 7841 79 7932 7959 80 8052 822 8257 83 831 871 8871 8939 89855 972 9912,2228
10250 104 106 10805 1245 12813 12960 1311 13636 138467 1405 143204 14409 1442 150 151 16162 172 1845 1849 19768 198 19935 20501 20507 2086 21086 2128 213190 2149 215613 2174 220 223 22799 244703 2479 2502 2586 25890 2683 2685 315 318 32112 326 3276 3345 337 3386 354 36 3710 38258 41 411 42 426 428 434 435 4432 445 4725 49 5007 52359 5371 5422 5442 5445 551 5578 5715 574 64 6448 653898 653899 66 6635 6893 704 706 711567 71333 7616 762 768 7705 79 797 8099 8182 83 9006 9076 945 9504 9615 99851,600
106 1082 1095 11177 11499 1152 1159 11651 11864 12130 12174 1219 12380 1240 12776 131308 139 1442 14682 15276 153634 16225 1759 1761 18992 1903 193 197 198 198282 20107 2098 2201 23395 234355 237 244328 2451 2465 2469 26063 267810 2685 2723 2798 2799 2816 2836 299 30435 3255 326 32755 328 3283 345566 360842 361766 372 38 392 405 424983 426 434 435 4432 4774 49 4934 5 507 5418 5506 55986 586731 5879 60 6130 638928 64 67494 6893 697070 702 726 729 771796 79 8009 80834 859 8800 8939 9076 9487 959 9608 97 9886,603
102 106 11280 1147 1215 1347 1352 146444 157705 17065 1710 183 1849 18841 2011 20280 2174 2200 2336 2352 2453 2507 2633 26490 2683 2685 27081 2712 27276 2851 305702 31 315 32092 3281 32881 333 33863 36264 36933 376 38 382 385 392 43172 4331 44743 455457 46858 4795 482 5113 6077 63252 6687 6688 69 7069 7255 7363 748 770 79 8437 9331 9707,159
100800 1042 106 109903 11003 11015 1127 11384 114 12018 1224 12564 1265 12652 13101 13187 13380 13730 13874 13991 14035 14842 151 152883 15330 15462 155269 1578 161799 16317 16339 1679 1714 1773 18294 183 1849 18507 1856 1867 18729 1953 2007 2023 20423 2077 2115 2130 2201 22032 230 23058 2364 23666 237 23769 2381 241854 24400 2451 2489 24966 266 2685 2688 2713 2764 28 2836 293335 2962 299 30118 316 32273 326 328 34206 3445 34897 354 3540 381 3859 4009 444196 4492 4498 45600 4573 464 4698 48 4801 482659 49 49280 5049 50728 5114 513970 513971 51470 5154 5235 5402 5772 5877 605 6081 6221 631 6426 65465 67046 6886 6948 701 72413 7272 7450 765 768 7780 7781 7800 795 797 8292 831 843532 846 8630 8683 874 8794 92265 925 9563 9739 98,414
10282 10317 1033 103923 1243 1359 138617 1454 151888 1524 1617 17689 184 1919 1942 21112 215 22190 227 228 231470 2685 2720 3033 306 31 32631 328 34897 354 3583 3662 37420 391 392 399140 40 429 48179 4868 4966 49839 5509 605 63 6857 6893 7347 762 80 822 85 853480 8683 886 9100 913 9353 9977,2665
104332 108026 11274 11483 115271 1160 1164 1168 11704 12593 12608 13302 1419 14429 1517 1625 1665 168118 1864 2023 2063 2168 21690 2194 2364 266 267 2713 2715 28323 2871 3022 3033 304 31002 312 3148 315 316 3193 33171 35903 37354 379 3872 4127 4313 445 47707 48 4809 4816 4828 4985 5007 5052 5114 5145 5150 51991 538 5600 57 60 6052 6123 616370 6240 6241 631 655131 711 726 7270 731 743 7443 752 75756 759 763 7632 784 797 80 8214 822 8257 8363 839 886 8948 93897 9450 9969,192
1033 10649 109214 1159 11868 1243 1250 130 13101 15207 15488 1561 15894 1593 16779 17181 1736 177 178 18289 187 193 194 19956 2128 21848 2372 239761 2507 2540 261695 2641 26596 2685 27068 28716 28931 3058 309 3114 3243 3255 34 35424 37377 3749 376843 38 3868 394 4063 40856 423 432 43710 4502 4570 507 57 58 598 6189 63 64 6688 68 68033 6893 69 73546 7509 815 831 8939 9029 9253 9640,346
1021 10622 1066 11168 117 122153 123366 1282 1296 1302 1303 13927 14166 142 143 1448 1465 148 161983 1827 184 19 22097 226034 2351 235374 237 2528 26086 2710 279 281 2811 28716 28717 31 31509 328 3319 345157 345158 3518 3534 36625 395126 41 432 434 435 452 474505 4907 5007 545 6024 6104 63561 698784 759 79 80 8380 87 8708 8808 9122,394
10342 10455 1048 11064 1147 1194 1223 12353 1237 1248 1263 1393 1452 14767 14963 1515 1518 15807 16006 1849 1892 212840 22096 23534 26673 28973 294571 3031 333 3487 354 3749 40 41 438 438065 49713 5225 5371 551006 5829 5862 5893 63 6893 7288 738 7616 770 79 9179,597
10132 1033 104 10757 1111 12368 12563 12756 13032 1340 135 135952 13788 14299 14333 1465 14974 15877 16314 1695 17021 1745 177 1778 17902 1821 18446 1849 187 1901 19021 2014 205 20701 20787 2092 20989 2115 2161 2163 219 24241 2525 2526 2570 26015 26135 2633 276 2809 286944 28867 311 312 313 314 315 32 3596 3669 3762 37774 38 39905 4070 41 41241 42 426 434 435 4415 4513 4653 484 4854 4888 49685 504 507 517540 522 5225 534347 5411 5442 5502 563 5988 61266 6199 6515 665 7066 762 7770 7788 7854 79 7930 89373 8989,644
10199 104 11068 12044 1207 1255 12785 12866 1288 1366 1379 13927 151 1579 16280 17019 1710 1719 17334 1760 177 1849 1851 18603 195 2164 2250 2364 251440 2534 2538 2541 25652 2604 27158 274 27673 2799 28002 281 3033 33990 391 4006 41 42 42068 421860 428 434 435 4383 455 4561 4565 464 4715 4999 52238 527 53377 5614 58254 63392 6401 646 66793 6729 67647 68162 6887 69927 70269 7208 734 7374 739 7814 784 79 80 8200 8202 822 8242 8257 8437 86492 8711 8998 901 9384 941,735
1016 102 103491 10398 10436 1048 104926 1093 1095 12356 12417 1245 12959 1296 12960 133690 1337 1357 1367 136890 146 146755 151 1514 1524 1535 156808 1593 161569 161609 1617 17426 178 17855 1805 1816 184 1849 191 192 1961 197 2045 2151 2200 22201 24175 25313 255539 2688 2711 2763 2816 29370 29403 315 3175 323 3270 339397 3478 34804 354 3540 356739 356740 362616 367 3701 3710 3880 403 4077 425 432 434 4432 4910 4992 5040 513 5581 569122 602 613309 613314 613315 63 6339 64 67730 6893 69 7075 708 71923 7278 7870 79 795 822 8673 877 8812 901 915 974,2872
1033 1130 11905 1243 1301 1337 134 13465 1443 14794 14964 14965 15192 155 1761 18152 19088 1953 19769 2344 2352 24478 24790 2491 2709 272 274 28879 3027 31401 328 354 3815 395 4006 422 47164 4885 495 527 535558 5429 551 5920 5952 59563 63 6330 6470 65044 7694 784 79 829 834 869 9228 93 9799,170
1007 1033 1042 104948 106 11115 111834 11789 12084 12398 130 1320 13208 13235 13323 1417 1419 1443 146 146131 151 1522 1570 1571 1625 16427 16543 16992 1714 1719 17595 180 1801 18425 1849 18765 1896 19188 1938 2014 202494 2097 2098 210042 2150 2335 2350 2352 2360 237 24486 2465 263 2653 2670 2685 2987 312 314 315 316 326 32874 3324 344215 376 382 3874 391 393 43 434 48 49 505 5184 5507 5525 554032 5654 5769 5779 5884 60 63111 64467 668047 6695 6701 6742 6893 7003 701 707539 7102 7122 76 768 781937 79 807801 8439 87250 878 8832 93264 9409,186
1095 11167 1153 118614 1191 1247 12887 1296 13388 13991 1442 1473 15167 158232 1593 16039 1607 16933 17090 177 1794 1808 1849 187 1967 1980 198865 2018 206907 206908 213 2179 23073 2349 2364 2417 2426 2427 2484 2536 28948 299 303150 303595 31 322191 323 32466 328 3281 32893 3296 3358 3534 365 392099 392100 40134 403869 41 418 41884 42 425 432 44439 4613 4653 4736 4747 49478 5113 518336 527 5439 57 5968 60 6024 608 61603 6247 63 68 6941 7450 7691 7788 795 797 8379 838 8812 8841 890 9236 9253 944,354
10081 106 1075 11117 11262 11649 116608 11876 11920 12012 12095 122892 1243 12467 1248 12501 1263 1311 1314 144806 144871 1453 15604 16142 1627 17751 186790 1945 2048 2100 2115 23274 23467 2364 2372 244237 24954 24955 2632 2653 30451 314 31613 32574 326 328 3367 3433 354837 365 3701 37530 376 39448 4016 409 410 412 41511 428342 42859 428743 4305 434 435 445 4723 48832 4995 5007 507 52562 5672 57 59897 60 602 607 608 61 63 63389 64 66 676 69 703 709 72993 731 7403 7505 770 79 821 8257 831 832 9190 941,431
1033 11915 12975 1336 14389 1517 1627 168385 1726 1757 177 1938 2062 2074 2363 2437 29011 2924 2997 30810 311 322 331 367 369707 38131 392 394 396706 4051 423 4375 44930 507 5169 52596 52764 601 609 7494 759 7791 79 7956 8208 82219 8437 878 879 90933 9151 925 9543 970,532
1010 104072 10498 106 108647 1188 1189 12851 1287 129568 1360 13616 136181 14115 146 1475 1524 152832 1617 17308 180 1807 1824 183 184 1849 1870 18875 19574 2027 20315 2047 20972 2250 2300 2340 237 26091 2651 2683 26871 28433 2851 2957 299 302750 30434 315 316 3172 322281 3272 354886 365 3662 376 392 394 39886 4091 41 4118 42 4670 4778 4809 4854 4934 4955 4964 5 5049 513916 5408 545 5500 577 580 5890 5985 63 70180 7209 722065 7283 7527 772 79 7991 7992 8098 822 8528 9814,1896
1021 1065 1067 107151 11414 1168 121335 12308 1263 12947 142881 142883 1442 147303 150 1523 1524 1536 155894 1622 16275 1712 1773 184 184228 1857 191 1935 1967 2002 207 21011 212 213 2200 22231 2311 2352 2372 23905 245907 2469 258464 2662 2663 2664 2709 28 2881 323 3280 32934 343168 3487 3555 392 400 41925 422 423 424 432 4404 4532 4828 4845 4910 50474 507 5116 524770 5691 59221 60 6211 6216 63689 639 64 6440 69 7153 7272 733237 735 742109 752 7533 757 77016 79 819 822 83 8676 8812 891 901 95561 9658 9721 9902,178
103152 10514 106 10822 1147 1153 1245 12814 12914 12999 1337 14069 14429 15482 159 1653 173 17740 1788 18055 183481 1857 18591 18606 2042 2092 2364 2409 2507 25152 2640 2709 2829 294200 315 3281 354 35802 376 429 434 435 4432 44939 52276 527 5405 5442 55276 5565 566 60 6002 6052 61 63 6337 639241 6686 705 7179 729 73006 76178 762 79 8005 810 9237 9642,530
1048 1057 106 106277 1095 11384 11412 115 1160 11759 118659 12586 1304 13618 1377 13991 140402 151 1523 15827 1594 17129 180 18055 1902 1961 2004 2005 2074 209 20914 21068 21282 2130 22543 227 2336 2352 2447 2500 2640 2685 2713 288213 309 3329 333 3367 34079 3540 376 382 392 393 394 395 42041 423 44660 44662 4587 482 496761 4994 507 5699 57 63 639743 64 6423 7202 7669 7791 79 80 812 82453 826 828 8437 878 886 925 9273 97,187
1044 10625 10669 11352 11565 11967 129723 1320 1345 14772 150 165573 1659 16632 1694 172 17902 2004 2085 2098 2155 216378 2352 2430 25145 25155 258686 26773 2685 28708 3027 30404 31 35436 3648 384 41 42 423 42983 445 4475 4564 4708 47714 48 490801 507 527 5422 59998 61 6568 6571 701 7374 7560 769 79 797 808 842 843 8492 87057 8774 879 9173 96 9650 972 9726 976,205
1042 106 106384 11345 1160 1243 12662 12984 1311 131184 1372 1419 1442 1452 145336 1526 17334 18018 1872 1930 1931 198 199 2086 21033 2286 2500 26154 2642 2701 2837 3031 3073 309 311 3141 31830 34697 3789 4077 41 42 424 4260 4324 4658 4699 483 4961 519799 580 58029 60516 608 6081 61 65986 69 7150 7206 7208 729 7353 7448 79 797 8674 87444 886 97 99679,135
1033 104 1048 106 1067 10748 115908 118 119735 1200 1243 133 13452 135 1357 14444 1448 1455 150 151 151530 15292 15294 15737 167 17061 174 177 18325 1845 1849 197 2042 2164 21723 2250 22661 226735 2500 2534 2535 2583 26588 2709 271 28 2856 28580 299 3019 3089 31 3175 3208 326 32704 33008 34248 35990 367 38 391 3931 394 40880 43299 4581 46216 464 4696 507 527 5507 5577 5614 574 58693 592 60 602 6051 62092 6211 64 64996 67432 71381 7197 759 7678 7788 79 834 8437 941 9482 971 9721 9956,331
10342 10539 106 109 1095 1168 119300 1265 1282 13212 13260 13830 146 1462 149674 1558 156923 16574 170459 1816 18425 1880 1893 2191 2232 2248 2250 229542 230 23267 2364 237 2528 25630 260177 26956 2769 2861 294494 29845 299 31 315 316 318 32049 323 355 3662 37243 372504 375 376 37792 38 38150 3894 428 434 435 4559 4573 463817 471 48186 4962 5045 527 5326 546670 5588 5821 5886 5956 63 6426 6482 671 677324 70099 711 7231 728939 729 7355 7506 7633 774 779 8054 8409 93 93512 972 9920,714
10177 1033 104 1057 113 11649 1243 12563 12960 1310 13526 1357 1360 13600 1448 147415 155 15895 1594 168954 1759 1796 18426 18447 1849 191459 197 198 201 2082 210 223 230 2423 2451 245182 254767 2615 2685 29992 313 3136 316 3367 338607 338608 3449 34519 35287 3555 3652 3710 38258 4043 41 416476 42 426 42752 43 4324 44 448464 45856 47823 4810 49 49094 49096 5411 5429 551455 57 5886 599502 60405 6081 63646 6390 64265 6440 6448 6563 6701 6853 6893 7003 74 770 79 7900 901 90707 964 9710 972 98951,140
1 101228 11274 11514 11651 1214 12157 12447 12467 1250 12701 1297 1320 1336 140077 1422 147553 147554 16476 17026 1719 18481 1849 19805 2023 206423 2098 21629 21801 2266 2286 2356 24044 258315 25978 268183 2683 2711 2751 2929 3141 316453 3255 354 37219 4056 4433 460 4789 4808 48353 515536 5659 5877 5968 622369 622370 63 6401 68 69 6954 7403 763 79 8238 9237 94163 96315,57
1 101533 1044 111876 114 1168 11808 1181 1214 12318 1235 1240 1305 13605 13887 1440 148023 151 1514 1622 162471 166876 177 186799 195 211071 2163 21668 22552 2279 23269 2462 24707 25692 2670 2946 2971 30643 316 323 3255 3281 3293 3649 3772 381 38304 393787 423 426 4288 43 434 445 44925 49 497185 50072 5086 5429 5467 59524 607 61528 63 6703 6893 75 76 77144 79 80 82768 83 847 878 9062 9450 9453 970 997,543
10364 1060 11806 1245 12466 1301 13201 1357 1385 14602 14726 1617 164923 1659 183 184 18446 1945 2130 21313 2194 2250 2361 2709 2934 3146 315 31756 323 37421 379 3867 42056 422 4286 4294 43 440053 440054 4563 4661 4870 50603 5301 5507 5594 5614 57506 596648 59998 601 625127 63 64 6482 6757 705500 711 71699 737 7433 75843 773 79 796435 8257 832768 847511 8487 861 9013 974 9813,224
101473 10173 10282 104235 104463 105228 10644 107 114514 11580 11777 11910 13226 13439 136557 13718 13955 1441 14429 145 1460 1496 1524 16142 1617 16965 1710 1729 1807 184 1856 20746 21302 220544 221046 223 223689 22819 23404 2407 2479 251790 25985 2624 2638 2646 2685 2688 273 2769 27842 28 28517 3027 3031 3033 31 3103 3165 32425 3249 325 3255 3324 354 355 357 36087 361717 3810 391 40 403 41 42 42045 426 49 4981 5028 5266 5502 5590 6156 6304 63265 64 6525 6618 686 7194 756 757 759 762 784 787 79 795 80 8061 811 822 8777 8778 878 879 888 90 901 93 9504 9540,4366
106 10645 1093 1147 11509 1168 12960 1320 168708 171511 1849 18789 19134 1953 2018 202131 20507 2098 223 2335 2379 2685 27241 2871 299 304 31 323 326 3305 3437 3710 37609 38258 3874 408794 409 41 416940 41878 42 49 50886 527436 5404 61603 62049 6448 6568 66 6770 6804 684721 6893 693519 757 7788 793010 795 822885 83 87409 878 97898,164
10337 1074 11143 12095 1215 1224 12540 12563 14120 14482 1561 168721 1694 1893 190767 194 195 2080 20913 2364 25819 26154 261783 26238 28692 28836 3027 3141 354 37170 375414 3772 3859 3868 397404 41 412 42 42200 429 44756 4884 49 4941 50 5877 60671 6077 63 6382 64070 703 7099 717712 7272 74019 758 7770 79 7910 81082 8386 87345 901 9977,176
1033 10822 1168 11773 1337 143902 14805 150 1517 161452 1632 17184 177 1807 1849 19768 2086 2200 223 22543 2490 2707 3190 323 330727 38741 3908 393658 409 41 42 4211 4699 49002 4961 51104 5581 58924 61 6857 69 735 757 7668 80 8632 9902 9977,351
1016 10622 10754 1105 112353 11274 1168 11702 12157 12309 13244 13397 1362 1364 13894 1453 146 15182 1599 1625 16338 17258 18108 181552 1849 1935 19772 19916 2023 21501 2168 2251 229383 230370 2336 2364 2437 282663 29011 2934 309 312 314 316 3196 323 332 354 35438 35706 391 393 394 40 4009 409 41 41104 41105 42 421872 423 428667 434 435 4404 449550 4670 48 4828 49 502267 5086 52322 5235 527 52705 5507 5727 5773 60 6105 62049 63 703392 761637 79 80047 8243 8379 8437 86891 901 915 9516,545
10076 1033 1044 1065 10747 1075 10786 111687 11412 12096 1245 1246 13048 1310 1311 14120 14409 1460 14948 150 15465 16692 1710 173 1800 1804 1807 18353 1918 193 1938 194 20062 20101 20204 2047 207 20701 2074 211318 2128 215929 2168 2251 2359 2360 2364 241771 2501 26113 262060 2668 279196 3027 3033 3276 3280 33762 3487 36712 382 4077 4169 4181 422 423 426 4318 434 4492 4696 4809 4937 4941 5063 5167 5168 551178 55604 5565 5621 56805 56950 57 57524 58503 5899 6177 6189 63 64 64307 6551 68 694818 701 7560 7648 79 797 822 8257 8344 861 886 901 92459 94 9859 9860 992,569
103896 104 1048 10822 115044 11957 11965 119737 13531 143014 143448 151 152023 1526 1529 1537 1719 1760 200 2003 201 201622 20399 2082 209 2142 2209 2352 2364 2421 254519 254520 254521 254522 2586 260609 2709 28 2873 31523 34297 347 3489 359 3879 393 40 4006 4043 4089 41507 422 45670 47117 5 50 508 5316 5458 5565 5761 62391 6448 6614 67401 68492 686 6893 6948 731 763 76680 83 9097 9114,331
10611 126299 1263 1280 12813 1296 12960 13365 1367 1422 1460 14633 15390 15458 15717 1593 1736 183339 18425 1849 1896 194446 19843 20429 2200 223 2372 2423 2440 24640 2484 2507 2659 2685 2710 29907 311 315 316 31956 323 32468 34957 3539 354 355 3637 3710 376 3789 381 38258 3862 3892 392 394 41 42 432 434 44211 445 459 4670 4994 501732 5507 5880 5958 608912 61252 63 64 6448 6482 654842 6893 731 7898 79 805992 826 8437 8742 8812 8870 888 9151 9154 925 9721 994,309
10070 10235 104 105025 106 10748 1237 14119 1422 1523 152495 15486 16448 1719 180 183575 1849 191 194 19768 2063 2086 217753 217755 22298 25809 2688 28082 29746 3141 315 331 33448 343 354 36270 367 374 38 388859 392 40476 41 42 425 4487 4670 475161 4934 4937 5113 5138 5411 5429 5507 568685 59190 6440 68220 6857 703 731 74460 76479 79 792 797 8099 8437 8645 893 9151 9154 989,96
12868 140643 142 1421 14559 149351 151 1849 1856 194 200168 202090 2092 2208 2262 22951 2432 2433 2604 2655 2685 299 30775 3089 323 326 3272 35319 354 363972 3673 367730 379 38 4365 44240 45600 4742 4751 507 5968 5983 60 602 6070 61 66144 6693 6852 69166 748 7724 7788 79 793 7949 797 8155 8487 87741 9173 9266 9500 959 98963,147
10235 1033 12960 1311 140849 1460 150 16851 183586 1849 1903 1910 2007 2018 20849 21049 223 2251 2282 241457 2499 251667 2570 2685 28292 2855 3100 31630 319495 35753 366121 3710 38258 405 4217 42754 429 43 44907 462706 46888 4696 4941 5 5506 57 61521 616070 63 64 6448 653417 65822 6893 69 7325 7470 772 79 901 90789 9404 9504 9545 97439 9746,179
10381 116 117 118 119 122957 12728 1312 131950 1422 1442 1524 15292 1608 1625 1845 193 19470 20429 20476 210762 213 21521 265787 265788 2683 2713 2858 2881 31156 3184 35014 35224 353 381 3873 39602 411 426 4324 434 435 445 4868 4934 503 507102 5106 5507 5688 5803 5840 603620 6081 69372 7153 765213 79 8141 8551 8552 8647 878 9353 95 9840,411
1010 1016 104 10550 106 1066 10692 1076 1095 11219 113751 1146 11465 12169 12361 1263 12664 12814 129584 1337 135 14160 1460 14737 15099 1736 17379 18019 18310 18330 184 18577 1896 195 19666 20258 203152 20835 208377 21026 2164 220 2232 2292 23576 2423 24520 252 26211 26728 2705 2711 274416 28568 315 323 326367 3539 362877 376 381 394 3956 4006 423 439078 44301 455 4808 4927 49745 4994 5 50403 52208 5452 5495 57814 582 5821 60197 605 620837 629920 63 68094 68128 701 750 75910 783 79 791 812 8202 826 83400 8380 859 888 90 91 91184 927 928 9488 9921,182
10202 106 11598 11798 11865 1214 1275 12974 13032 135829 1376 1422 142671 1440 1526 1582 161005 1719 1807 1849 1935 19768 198 2086 212 2248 24167 255274 2638 2683 2688 2879 294176 2971 299 314 326 3283 34500 347 3498 354 379 40 40036 41 41243 42 445 4561 4572 5724 5951 63742 646 6531 68159 686 6887 7244 731 74396 75003 76475 7790 7791 784 80 808 8140 814885 826 8262 841842 901 989,103
1048 1095 132 151 1511 1518 15474 15792 164999 1694 1710 1745 176472 183 19950 2018 2077 209 2250 2357 25223 2683 2685 2709 2962 3195 3251 337 3412 354 40 4003 437977 4444 4448 5148 53016 5727 5808 602 631 752125 79 794730 795 7970 812 85 9363,259
10290 106 1074 11242 11596 1181 1263 1367 150 15095 15545 1701 1849 1919 2023 213 244244 2525 2730 2805 299 3031 3109 32582 33232 333 34999 3540 3577 395 4288 44591 461418 464 4789 5317 5357 5485 570 5743 575 587752 5979 6224 65731 701 7124 7160 722540 7804 797 81185 838 8573 8635 8674 90 9273 93 9513,236
10070 104 10539 106 1075 10821 1126 1127 11283 113517 12659 12914 135 14119 15491 1582 161718 16370 18148 18375 1849 1967 198 213 21346 2186 2232 2253 22663 2282 2327 235 2364 2373 23983 25557 2683 29598 3073 3079 3132 31909 33437 33658 3757 40276 41 42 42600 44336 490 505 5068 5161 5384 5577 5836 639473 654 673 676 750 8379 8414 916 93465,138
10134 104 1048 10854 11006 118 121552 1352 13898 14132 1465 1518 1524 16716 1712 17674 181 186793 187 19177 198 209 211 21678 2189 2500 2541 2565 2716 27435 292098 2937 2938 30921 31 315 320478 328 3281 337 38 40 42622 427 427053 429 434 4432 4934 4958 49637 5123 5581 5610 5654 5862 596145 60 6051 607 63 66 6701 701 7039 726 7272 729 78 79 795 80 8013 831 8722 8941 90 93352 96621,127
10045 106 10625 11337 11565 1177 12130 1245 1282 1290 13125 134386 14805 15390 1569 1607 1694 1745 1773 179899 1849 1897 19104 2004 2093 2110 2116 21391 2151 2250 23443 2352 251097 2525 2540 2656 2685 26882 28215 2851 28708 30404 3189 323 326 3388 345093 34847 3519 384 392 397588 41 42 429 42983 4563 46393 4708 49 507 5138 566 60 602 6221 631 63161 63649 6482 6701 6893 69 692669 71680 726 7374 759 762 79 792 797 80 843 8492 901 93512 96,185
101 1146 126068 13388 134 1351 13644 1468 15915 16464 166414 17808 180 1849 187 2214 23073 263431 263432 2659 2685 31 31062 3498 3539 375 376 37879 382 382182 393 40 41 42 425 434 474180 551 5565 562677 605 63 6448 660231 6893 7121 7209 7265 73338 757 79 8231 8702 959,255
10070 101907 1033 10415 11190 1177 1290 1310 1311 1337 1357 14615 1524 15461 1617 16790 1694 16968 1712 17579 17788 184 18425 1849 1855 186483 18899 19443 2018 21881 2253 2286 23073 2423 25062 2716 2787 2836 299 3026 3033 316 3175 317738 3221 323 32599 328 3319 34267 353 381 38364 39 4063 407102 423 434 4432 4934 5181 52648 5337 5663 56799 5725 57831 5821 5884 58955 6087 61 63 6482 661 6635 6893 69020 701 737 7450 7791 79 808 812 822 823141 8296 8297 93402 9754,2809
1005 1048 106 1061 1237 1296 13 1304 1465 1523 15462 15488 1903 198 2005 2055 2062 206228 2115 2154 2200 23274 2336 2360 2440 246 2507 2565 2805 28690 2896 3027 3033 326 338637 37900 394 402972 418 4432 4434 4668 4692 4959 507 518709 53442 5418 5442 55331 5766 59323 63 64 647 65 7255 787 8128 822 834 8630 8985 9483 96,183
10157 118657 121008 12307 12309 1251 1304 1320 13886 16847 1849 18567 1967 2098 2128 22946 2335 244193 2500 2570 264683 264761 26812 2685 2881 31 326 3262 332374 336193 339560 3652 3874 39425 41 42 4404 461035 48 4861 56345 609 63 666 6893 726416 73692 786598 7946 80 8031 809828 809968 809969 878 879,109
106 1095 12960 13032 1367 14179 14737 14772 1512 1524 15343 15516 1617 1710 18108 1815 183 184 1849 1897 1903 1919 19768 19916 2086 209 2115 21571 2163 2191 223 225178 232 2525 2526 2685 285927 28931 31 311 3159 316 32511 32582 32881 331 3539 3710 372 38258 383198 394 401047 41 42 4202 4211 42752 45794 4699 48 480140 4854 507 51154 51891 5346 5444 54646 55779 5914 638 6448 649864 649865 661710 666 6893 69 730452 73685 74416 79 90320 90584 970,1872
10045 1005 10255 10256 10364 104 10865 10950 11518 118659 1237 1282 131 1320 1337 135 13802 13927 13991 14772 1528 155290 160396 166674 1695 17808 17975 1849 191 1935 19768 205 206 2063 207 2074 2086 2098 2201 2302 2335 2352 24890 2538 2685 295161 299 315 318 3208 326 3360 339 34582 376 38008 382 38267 3874 39327 39691 4006 41 42 420761 434 435 449 4492 4572 47073 482 4861 49 49113 508 527 53566 5357 5372 5458 5719 5879 60 6051 607 65633 671 67356 6893 744 804530 8202 822 83366 8379 8437 8673 878 9097 9468 9650 968,577
1 10045 1048 10599 1066 11054 11064 11408 12095 1219 1240 12563 12651 13174 1372 14206 148 1520 153156 1602 1668 16876 17545 1921 2006 2128 22010 22966 2357 2364 24123 2605 2611 2838 28716 28717 29238 298815 30456 30458 311 312 314 32054 3255 3317 339 34788 36565 36625 375 3757 38528 39344 418 42968 4324 43288 434 435 4448 451139 4701 4809 48593 5301 58 6157 6221 63 6456 704 71991 71992 71993 7206 7229 737 7387 74268 748 768 79 79675 819 822 833864 847 8670 9266 94197 9488,433
1010 1095 114 136874 151 15262 23176 2364 255617 2753 28874 2899 30259 318963 323 3276 328592 33530 37786 3812 3894 4127 445 496017 51394 527 551 61373 6187 61994 62934 63 703 7901 8409 9186 9245,217
1 105933 106 11072 1214 12322 12563 1448 147193 1593 1604 1760 17689 1827 18356 1849 19005 19014 205 2074 213 22225 2351 241448 249 25085 2540 2713 2769 308164 312 32465 3255 326 3320 3539 35496 37203 3772 381 3885 3890 400699 422 434 435 445 44756 4657 468 47815 4799 507 507164 52083 534742 570 57466 580 582 6052 6148 63 6404 6893 7218 742761 7433 7632 7641 7788 79 851 877 8774 878 9000,467
100174 100387 101693 104 1075 1076 111162 11383 1181 119166 119168 1214 128068 1290 130178 134941 135 14057 14633 15043 1505 151 17281 177 17850 1824 1857 187 1897 198600 207 215 217860 218668 22719 22883 2364 24411 247941 269812 2705 27820 30390 31 3300 3310 352841 36540 3743 391 4184 4288 429 434 435 445 445565 4492 4512 46305 4693 4703 4809 4902 4964 5 5091 51 5161 5184 5422 60 605 6052 6081 6646 67373 67375 67376 6893 71047 77292 7821 8191 8202 822 8292 8298 8397 8657 8882 941,713
1 1007 10517 106 11003 11251 11582 1160 11718 1188 1243 1245 12960 13016 1311 142947 142948 144783 147974 1594 16219 16847 17056 173 17361 18154 1849 18774 19026 1903 19133 1930 194 2047 2082 2115 21327 215 2157 216 2168 21782 223 23269 23371 2360 25558 2685 2710 2769 30404 309 312089 3197 3329 340 3664 3710 37586 382 38258 384 385026 3862 3868 3876 392 4006 41 42 426 427 42752 428 430 4319 4334 434 435 448306 4689 4696 48 4855 4870 5122 5327 5429 5522 56098 5624 571492 579016 5884 594 6189 6417 6448 68 6893 694 7197 730278 73357 7494 7541 79 797 8005 821 822 847 85428 8694 879 8998 9013 90756 959 9650 9836,658
102 104 1061 1075 11582 1255 1301 134 135 13596 1382 138626 13977 1466 15735 15915 172766 1783 1856 187306 1880 192164 19237 19379 195353 1976 20062 201 2042 205954 2098 212 21615 219122 219513 219514 228084 23354 2430 244603 250004 26010 26596 2683 2685 2755 30114 316788 334208 3540 368535 3831 383336 394 40 423091 428 429 4303 432 434 435 4535 45597 46879 49 5138 527 5628 574 5910 59173 60 6108 6172 62313 6284 63 66383 677946 6893 71128 73559 756000 7616 7729 7881 79 795 797 819 8200 823 859 86029 878 8923 901 9011 94 9476 95789 98200,524
1033 1042 104784 106 117528 1177 1337 1364 1367 14132 14709 15408 1625 168546 1705 1712 1732 1749 17674 1845 1849 1851 191 19301 20496 2055 207 209 2098 21 22543 229876 229877 23269 24389 25558 2685 2696 270650 2712 2747 2769 28 28405 2868 305527 328 33088 3442 35253 354 3649 3789 37925 37953 38 403 41 423 43039 432 438 4453 453403 488 5086 5418 54776 551462 56 56628 5835 6334 6429 66981 6844 68560 686 6893 701 713 74292 7449 7581 77 7806 797 8276 8673 878 89842 89843 89844 93 9666 97,433
10070 1032 106 1301 1320 13531 1364 13718 150 1526 154327 1624 1849 18922 2074 2098 21272 2327 2335 23371 2364 241285 2507 252 2525 26257 2685 288781 299 3033 313 3158 326 37511 37606 37866 3873 3874 4563 46879 486 49 552 57960 5886 594 63 6893 6985 7068 783771 79 80 802832 8216 822 8379 8452 878 901 913,133
10273 1033 1067 11131 12532 12533 1270 129 132 1345 1440 14551 150 151 15290 15537 1615 170792 1845 1856 19323 19753 1986 2097 2100 236 2620 26596 2683 2685 2845 2924 29825 300 31497 3286 377 3852 396077 3966 3969 4077 419915 43 434 435 437 461829 4652 4871 507 5085 5101 518414 52370 530376 530377 53154 5328 5506 56053 583780 61365 63 69 6949 6993 6995 702 72577 7677 7678 79 800 815290 815291 8423 8547 8561 85616 87906 9977,461
10415 11598 1189 121440 1310 1311 1345 1367 143774 144412 1507 1508 1515 1519 16006 1622 1729 1736 2042 2151 2279 23431 2350 23852 2688 304 30601 3148 323354 3498 354 376 381 382 40 40092 4138 4270 4288 47737 527 5326 534280 5452 58 60 6075 61 63 67117 6893 69 72022 743 7449 75551 76 762 792 818 83 877 901 9047,232
10134 1016 1033 104 1048 1076 1095 11443 118659 134 135 13596 13830 138712 13991 14166 150 15086 1529 1571 15857 17056 1719 17248 1757 177 1783 1849 193 19343 194 20457 2047 2074 209 20914 212 2150 2164 23397 2352 2373 2701 2777 28716 28717 299 316 323 326 34681 350252 37183 374673 376 37827 382 39185 41 42 42130 422 423 428 432 434 437 4503 45116 4784 482 5007 5161 5235 5332 5547 587440 6052 609583 61 6104 6123 632487 64330 65 6893 701 702460 727464 729 731 762 79 800 8065 8380 8437 888 8989 90425 90675 9173 9266,294
10282 1048 1066 12221 13224 13531 143 146 1517 15343 1535 1563 1593 17334 1746 1856 205 208543 2168 21884 22829 23413 2507 2609 26588 277 2871 3033 304 312 314 315 3189 3412 347 354 376 382 391 4185 423 43365 4488 45181 48360 49 4934 508 527598 528 535 5526 553666 553667 55552 5565 5718 574 58412 6168 6281 63 638 6646 6882 6893 731 743 7791 79 80 822 83673 8501 85822 941 96 971 9860 997 998,85
11006 13500 14002 1405 172558 1773 20313 20708 213937 222 2327 2364 24996 2685 2713 27324 2735 297577 31347 3172 32209 32610 32775 330 360392 41 42 445 464 467626 4747 477195 5066 5715 582 66730 6757 6893 7619 795 93647 9506 9511,101
10133 10539 1057 11036 1127 1129 11649 11702 12681 1367 15895 164 172 1849 1930 194 194286 19479 195 1953 19768 2042 2086 230 23472 2364 2381 241516 24156 2430 2451 2713 282301 28576 287882 2924 2945 32549 34527 376 39005 3992 406904 406905 41 42 425 44791 4535 46143 4620 46549 47441 52219 5224 5235 5454 54960 561484 57319 607 628 69 7418 7736 7788 7791 79 7900 84611 87141 9710 976 97839,119
104 105 11354 1147 11565 1184 121454 12952 132 133 135 1372 1475 151 1622 165056 1719 173 1763 178 178205 1792 183 1855 19074 191 194887 20701 2074 21459 23087 250572 30381 30638 31 314 32583 3281 354 3542 35654 357468 38402 402814 40801 423 428 4432 4698 4739 4934 5057 507 51228 5175 546 5468 5506 559728 5679 579 59862 60 602 63981 69234 70747 7206 7267 734 754 756 757 765980 7678 795 8200 8202 848602 874 941 9428 9545 97,182
104 10510 1066 1095 122829 135 14514 15486 1734 1788 180175 1804 18152 186 1880 188808 1896 1938 2232 23255 23269 2437 269659 2701 279 2798 292126 3037 323 3324 355 41 42 47022 47153 4808 4835 49731 5454 5543 56086 5724 683 725 729 8292 86490,67
106849 1095 1216 1263 1301 134900 1357 151 15431 16131 17543 1827 1888 2048 2168 2336 23431 2351 2364 23780 2583 28464 29553 299581 303091 315 321367 323 3498 3534 3743 3876 411 41218 42640 429 432 43970 456 4562 4696 4888 4999 5 527 606158 607 6189 63 651659 67732 69 72324 7676 79 8005 8257 8340 8379 862,164
1 10251 104 10748 112632 1181 119 123432 1243 13 13032 13042 13678 1442 145709 14831 1608 172 17899 180 183359 187 1897 1902 191 19491 197 2074 2336 23426 235 2352 2417 2501 260832 2730 2809 2810 29403 30347 310 312 328 354 360 3652 3701 38120 3872 40149 4058 41 41387 42 4432 44694 457472 4808 4908 4934 4955 49790 50 52408 52411 53169 55296 5775 579 58 580 582 6081 60910 6357 6781 68094 7244 732634 733 739 7402 7408 7449 74756 784 79 80 822 8231 861 862 8649,205
10076 102 10548 1066 118 12657 1311 1312 1323 138266 142 143 15064 1606 16402 165 17940 1945 1961 199361 205 207 210 226 2351 2423 24334 25967 283 31 328 391 3922 4613 4658 551 56354 6224 631 638203 731 824 831 871 901 945,59
104 106 109 11 11297 11535 11582 11802 1183 1188 1216 1243 124835 12578 13032 135414 1357 1367 1372 1382 1441 145192 1460 146827 1494 15127 15490 155 15551 15705 162107 1625 163013 1669 173 1757 17589 18185 18497 18498 18752 1893 1919 1961 197 1972 2070 2074 2081 20849 21387 2171 2201 24881 26154 2688 311 312 316 3182 322 3308 33585 347 369 37209 3757 376895 382 39886 4164 423 424 426 434 438605 438606 4535 48 496 5086 5113 51300 5140 5595 5722 5727 6068 6230 629284 63 63089 65986 6724 68655 69 701 7206 72632 732743 739 79 7900 7946 8423 8430 847 855 8573 862 88137 886 89364 989 99239,164
10321 1057 1245 13644 160325 1617 17609 1825 1828 1897 19600 196512 200 2074 2189 2216 23269 2534 2683 269550 286189 2935 294225 2979 299 3019 309 311 3324 3678 3704 3757 376 38008 381 382 394 4006 428 42973 434 435 4355 443 4444 4809 527 5327 5654 580 5862 5870 5899 649611 7179 79 797 808 833307 878 9141 9489 9859,483
10305 104018 106 109 110424 11364 114 1216 12353 12432 12474 12478 12675 12794 1280 1371 13948 141385 15028 1507 1508 152838 1536 1562 1601 167 16779 169187 17185 1719 172024 18674 18998 1901 1902 2 2003 2008 20314 2039 205 2082 21691 2212 2250 2349 2353 2357 25664 2685 2706 2710 2720 2730 2998 326 3359 36375 3652 365332 3743 40 41057 418 42 4217 434 435 45751 46932 48 4814 4823 483013 494236 529 5506 5659 5725 577 5840 6012 605 6410 6448 666 6893 6975 7121 7531 79 795 822 862 901 90444 9114 91140 95561,626
100249 10202 104 10550 106 10983 11170 11419 1183 11913 12017 121360 1252 13284 13392 13653 150 15447 15516 1561 158483 161236 1719 1736 17515 177 18486 185020 18577 197 199 20170 2081 2142 2209 2540 25538 2615 265538 2692 27338 28668 316 3165 325 326 344717 3518 3541 3759 3892 394 40 403 423 4432 4816 49643 4994 5122 5224 5332 5429 54320 548508 5577 5727 58313 6221 6237 63 63208 6614 68544 711 7547 79 8123 826 834337 8622 90,249
1016 1093 1095 112901 11598 12012 1297 1367 13898 146 166877 17793 19443 2082 2115 21217 2162 216379 22590 227212 24984 2711 3007 3032 3033 32210 323 333 3412 354 355 41 42 434 4816 4868 5297 5504 584 58801 63 65165 66541 6893 726 751 757 762 79 821 822 83 90555 918 941 9956,75
10321 106 1066 109 115 11762 12175 12222 124927 125909 12738 12785 1304 132 1337 13644 142 148 150 1569 1622 16731 1738 1763 177 17737 180 181554 1824 1849 1851 199576 208 2086 209 20959 2142 215 2174 222206 222207 22605 2364 25205 25809 2685 2724 2796 28386 2937 31 312 313 314 3141 315 325776 326 3443 356438 359 3670 37573 376 379 381 40533 40534 4217 426 428 43575 4492 4699 474 4910 49498 5080 5411 54691 581617 605874 61 6168 62709 68014 6893 7113 7209 74258 75236 7625 7791 7874 79 811 826 8515 87099 901 9649 9801 997,337
1033 10637 11113 11115 1154 11567 1243 1246 1275 12960 13465 14516 145505 154 1563 159 1594 15973 1622 16591 17788 1849 1886 19586 19768 20501 2086 209693 2151 2200 223 2352 2479 2530 25307 2542 26451 2676 2683 2685 2701 27104 273 312 314 3159 3175 3218 331 354 363 36856 3710 381 38258 385 391 4 40127 41 42 43104 4336 438974 4535 462 474 49754 538 55779 5610 564171 57 58 5992 604325 61 612990 614609 63 6448 661377 666 68710 6893 72462 73905 752 760 76596 822 826 8812 9062 91484 915 9151 9353,112
1021 10244 109041 120678 12814 12960 13730 13802 149290 151 15386 15576 1617 16968 1713 1849 1883 191 212 213 2174 2209 223 22589 2279 2286 232073 235229 2469 25075 25339 2683 2685 272 274 2851 292256 2933 2946 3033 3141 3176 3278 332 342381 344717 347 3508 35243 353 3710 38258 40 4271 428 435276 4994 52299 5243 547 57460 575787 5835 63 6448 682947 682948 685455 6893 69833 7041 7589 759 7791 7946 795 80 8104 81752 822 8223 826 8297 83 87 8777 9153 9971,260
10498 105969 106 107408 10748 1168 1181 13073 1320 14443 148620 14904 1849 18606 187 1871 208164 2098 21124 222077 22211 223 23269 2334 2335 25992 2685 2705 2710 276219 280 302827 3065 3190 323 3278 3744 376 37609 388748 39905 4077 409709 4127 434 435 4451 4775 4916 5024 527 5821 63 6853 700181 700182 701 7102 718843 725405 7870 79 795 8183 8251 878 9487 959 99226 99227,570
10199 104 10515 10625 10805 11326 11327 11598 12028 12030 12095 12447 12738 1275 131349 14119 1465 162517 16709 169851 1710 17463 1761 177 177084 1849 1857 187398 1921 19768 205928 2086 20914 213 2201 220377 2352 23619 2363 24539 24540 24774 2500 2538 258039 2685 274 299 30905 310 31295 314 3141 333 35336 354 376 38 3876 406300 40966 422380 428 429 434 435 4432 455526 5116 5183 5214 5423 58 582 63 6382 66791 68422 705 729 731 757 759 7678 7788 79 792 830 8871 901 94813 9484,1144
101310 11551 11553 12252 1243 1282 132118 1454 1624 1625 177 1794 183 2002 20386 2554 273 316 3319 37448 38 4077 40857 422 4324 4487 4699 48 4934 5138 6157 63 636 79 795 8587 944 990,200
104 106 10646 11804 1263 12775 13397 13673 13681 137363 138 13804 13927 14230 1432 1460 14620 14959 14964 151 1576 159795 15992 16191 16832 1709 172547 1736 1761 1827 183 18650 19628 20384 2086 209 22470 22716 23269 2488 24927 259809 2688 2709 272 274 2816 28169 28198 28836 3094 315 32239 326 357 36458 365 37249 376631 379 38713 3969 39693 40630 41 41783 42 434 435 4808 4934 4937 5 50630 5138 5371 5594 58654 5985 6052 60705 6077 63 6332 6893 701 7244 74488 758980 76872 79 792 80 83 85631 861 8614 8704 878 891 8989 9066 9236 950 9501 9504 9506,530
10057 1021 10364 10381 106 1181 12044 1287 1444 15624 158231 160164 16078 162033 1755 178 1780 17897 1849 1856 19338 1967 210529 2174 2200 2352 2376 2417 2701 2709 27987 2873 2941 299 29933 30503 3089 309 3141 3180 3272 338 343225 381 41 432 4322 434 435 438 4432 445 4487 4492 4779 4789 4795 481 4910 5071 5073 5115 5273 5411 5429 546 5803 586 5877 5880 60 63 638647 64 6863 69171 71832 7403 7712 7770 822 8658 8777 8812 888 901 9532 9690 97 9885 99,472
1024 10748 1095 11168 114055 12040 122768 1287 1384 1440 14877 1501 1579 1667 1712 1745 180 1849 18567 1902 19119 1980 19820 20169 2047 208684 209727 2164 230 2500 2541 2701 2724 299 310 314 3189 32322 32768 354 3648 376 379 387 41738 418 422 423 434 435 4434 4789 4809 4959 5065 507 527 5314 54074 541288 547277 582125 59329 63 6423 69 7206 75248 7788 79 7949 8246 8852 9513,405
107731 11865 119762 1769 17818 1976 209 2151 221 2265 23011 23269 2493 25018 27948 3031 306989 33501 36189 381 3879 392 40 428 4910 5884 5928 5977 6189 66360 6671 71568 757 764 784 816 822 831 8386 8834 901 915,114
1048 10544 110634 116473 1168 12700 13409 135393 14165 1442 14534 15099 15373 155 1565 1608 16740 1694 1712 173 180 183 184 1850 19455 20559 21267 21268 217137 2250 23464 23466 25205 25508 259282 286765 28795 29239 305547 30635 3103 3146 3276 348296 354 35659 3701 37420 3932 40 40165 40166 430249 434 4519 4597 46 47123 4934 496582 50 50227 5250 5457 55279 5565 57 5808 6009 607 61 6543 68090 6893 7209 72118 7244 737 7870 79 795 8107 8437 85855 90 9807 9933,385
10349 11003 11077 11170 11904 1211 1224 131576 1384 172 1744 184927 1855 1892 18985 19768 20413 20501 2081 208110 2086 212985 217240 2186 2209 2369 24393 24518 26928 2816 29667 3027 311 31350 3276 3412 342750 41 41228 42 425 43104 48836 5041 507 5357 53713 54824 56 59551 60 62091 6618 703 7589 7619 79 7958 813295 8217 9000 970,249
104 1075 1095 11006 120412 12773 134 135 1454 151887 164923 176403 1849 186967 190680 19768 19779 19783 2086 21602 227 23628 2364 24064 2685 2709 28002 322088 323 3278 330 34095 3412 343207 35268 36858 3795 379581 38 380456 392319 427 49 6105 63 6482 65317 662813 6887 6893 695964 714063 761857 79627 8257 8379 86534 901,518
10338 11068 11403 11406 1200 1243 1245 126549 1314 1337 1340 1367 13802 139871 1442 14877 15458 168150 1712 17181 1719 17617 183307 183308 184 18579 1910 193 195457 20305 2056 2184 2292 2364 2538 2688 3001 31 312 3286 33359 33360 35572 373951 4015 4181 426 428 43777 44354 4492 46418 4699 5169 5297 5316 5422 5507 56246 5954 60 60355 61387 63716 67470 762 7721 79 791 798 8061 8437 861 9153 95688 9746 989,150
1021 10415 113 12447 1320 13777 1514 1617 180 1849 1902 1938 200 201 2098 210324 21313 2151 216012 21810 227483 2352 24005 2683 2685 28835 29635 32549 3367 34004 376 379 415 434 435 44961 450 4715 48407 53146 540525 5509 602 628904 629043 63521 639979 6401 6423 647 687204 69 7702 783004 79 878 9236 9337 971,427
10334 11177 116131 120939 12761 1440 174315 186 201012 2055 2071 20931 21683 2174 230 2690 269153 2758 2769 299 3141 3183 328 35319 354 3540 355 38 381 39160 41 42 434 435 45600 4828 574 6123 6241 6299 63005 6686 67824 6852 7210 7806 795 8510 923,434
103304 11326 1243 12467 1308 1372 146 14759 148555 15357 1593 1745 1773 1897 20701 213 2465 2540 26117 2710 2730 309 3367 354 37 381 38741 3967 41253 428 4587 473625 5161 53523 5520 57 579 58 5862 5920 68 69 7138 7206 72769 79 795 797 821 891 93430,153
100971 1021 10280 10491 106 108815 112565 12174 1282 12883 1320 13500 1367 1368 13976 140059 14119 1419 143293 1444 14658 1511 1526 1625 1629 17053 1719 182410 1849 190680 191 1935 2080 2098 2335 24430 2469 2489 25350 25354 25456 25540 2642 2685 276219 2777 28379 2868 3033 3114 316 323 326 3271 329541 33366 37002 37080 3819 39905 4022 409709 413841 44197 4424 4535 48 4847 485770 49 4934 4958 507 5120 5235 52946 54446 5448 557192 5695 5696 6002 605 6482 651198 665118 703 711 71565 7163 7194 7197 731 74122 7494 7497 784 79 791 795 80 8098 822 8297 83108 8466 869 876 878 879 9121 918 9254 9511,899
10717 11652 12064 12641 12662 14115 142 14772 150 1519 1524 1573 1617 1624 17019 1755 1773 184 1849 18567 19106 213 2286 23308 2364 23656 2381 25615 2701 2797 28251 29933 3089 313520 32600 3319 3359 34447 354 35682 381 3928 42420 428 4854 49529 5071 508 551 577484 5947 60707 684414 7194 743 7804 788 795 80 8257 826 8423 869 876 879 9312,2074
102011 104 1045 1057 1075 11265 11345 1159 1181 1200 1290 12910 1306 1308 14497 146 1517 1617 1705 173 1747 17658 177007 1845 1897 1919 194 197 19768 198 20761 2081 2086 2092 216489 24382 25160 2530 2638 2641 2710 2713 27733 2798 28379 285322 2861 2871 299 30330 304 312 314 3278 3281 3283 3315 34681 36 3749 376 38888 39327 40206 4045 40712 41 42 427 428 434 435 4350 4492 45793 4653 4665 488875 4941 4964 500060 5161 570 5862 5929 5952 605 63 6389 64 6524 69 71710 7288 733 7631 768 7790 7791 79 80051 8262 82743 83 8437 8515 861 87 886 8918 9236 9649 966 970,658
1010 1057 1060 11054 114 117986 12115 12698 12782 1304 131 131377 1328 1358 13672 14530 14633 151 18265 20606 209 212 21205 21347 2469 257296 258750 2598 2611 2683 2685 2721 3031 3089 3158 322 323301 3487 405 40515 407976 408010 41559 4202 431620 434 435 464 4808 52427 57505 57506 586 621680 6763 6779 6780 6893 775803 775804 779 781 817032 817336 847 9453 95 972 99430,417
1033 104 10517 10625 11565 1245 1282 1302 1303 13235 1337 1422 148 1518 1593 1604 171141 1808 183 18332 18893 1896 193 2001 2004 2025 2150 21768 2352 2364 2379 2387 28708 28717 2873 30404 30853 31 33313 3539 36625 384 3872 392 4091 41266 41642 423 42983 434 44125 4432 4581 4708 4809 507 5506 5884 602 60707 6077 63 68249 69 703 709 7374 7814 7944 8200 8257 826 842 843 8492 861 96 9842 989,124
1033 109 11170 11694 11695 1243 1263 1288 13886 14115 145099 14633 15099 1529 16983 17194 20157 20897 2372 2431 26102 2683 28638 3174 34135 36011 4009 437 4445 4689 4726 4991 507 5148 5418 5502 63 64579 6551 6948 729 737 831 8410 848 849 8549 8550 871 9045,632
10036 10173 106 10967 11854 120844 128525 1320 13251 137591 14247 14839 149334 15460 183 1849 18670 1910 20250 2098 2335 2500 2685 282938 28668 31 323 326 32600 3277 34115 3432 347 354 3789 38 3859 3874 42188 423 425 432 44486 4861 4966 505 5225 5835 644084 676 6893 69 701 709 711 726392 8251 8457 855 878 879 90 90987 96 97 97329,238
100503 1021 10698 107 10743 10865 1147 11967 120474 120636 1214 127324 12948 13247 13248 13807 144423 177 18425 1883 1892 18999 1946 19896 19897 2047 206142 207 2074 209 219782 22579 22950 2511 25894 2685 2844 299 3075 311 3114 314 3163 347 35319 360 382 40 48615 51411 5228 5621 5624 607 6221 63 6448 7589 7814 7825 878 901 90754 94811 9814,255
1010 104 1083 109 1181 123249 124851 12814 133 135 135181 13965 1441 1444 14855 1530 1560 15895 1593 1719 1736 1746 17656 177 18053 18943 19104 19692 2002 214 21651 2186 21977 230 2372 25 2525 2564 2730 2871 2928 304 30645 339 345315 345316 36625 394 41 425 43 434 436607 438 45496 47406 48869 497882 497883 5074 5506 55771 5579 57 5830 58412 58535 5943 602 605 6448 6525 662 68102 6857 7121 7507 7557 7870 795 8202 83 89878 901 9710 9983,501
10091 10324 1036 1048 10931 1095 109666 11010 11072 11074 1153 1183 1211 122088 1266 1337 13938 14713 1571 157615 159968 166731 173 1732 177 1806 181608 18512 1855 187 194 19466 20358 2150 21605 220 2200 224338 2352 2423 2469 2484 2525 2655 2685 2710 30534 312 3158 323 325 32549 3612 36529 375618 379 381 382 3873 39004 427 428 432 44673 463 4661 4910 5167 5507 55493 5581 56 573 5886 602 60329 607 64 64608 6482 6483 676 6893 702 7205 731 750 7548 762 7898 79 793 80 801853 804635 804636 812 822 8250 8380 8397 8437 8517 85631 86167 862 8812 8989 901 9867 987,448
1048 11150 11694 11695 142 143 1442 147646 15086 1514 1627 173 17404 1849 1896 19027 19768 2086 215 2209 2214 230 25946 2659 27016 27035 3197 3308 335014 35178 367 37977 4038 4065 41 4152 42 425 426 4324 4907 4987 5 505 511783 5380 5775 5884 59340 607 634 64 66 68 7206 79 797 822 848 8913 9471 974 9777,136
1 10251 102536 11100 11886 12028 1263 128642 1313 131330 1367 150 16824 1719 18299 19822 20308 2107 22987 2339 2351 2446 25903 2653 26928 27740 2978 3094 3096 32683 331 333 34873 360 36367 36444 376 391 3954 4006 40444 41 42 42169 425 433630 434 435 4570 51117 551 552383 5922 6009 604 64431 664236 686 7102 7194 7242 797 826 8347 83744 839 855 869 9190 95562 9696 9836,406
1 104 10454 1086 1095 11137 112274 1168 11812 120565 121457 12312 12313 124222 12775 1337 135119 1382 13922 15135 1517 1524 1530 15410 1563 157242 1617 1712 18025 184 192191 194 199372 201536 2033 20414 205 2086 213 215 2286 2369 24010 2410 2469 2538 2546 2547 2650 27579 299 30465 323 331 3669 3701 381 391 4076 41 42 4447 449211 45715 49145 5007 507 520 551 580994 60443 666 67752 766 770 772 8184 824 87 9253 944 9626 9642,1668
10217 10433 10732 10733 1075 113558 1146 116389 11694 11695 11702 1183 11911 1203 12042 12087 124439 1301 1367 1416 1441 14565 14566 14614 1468 148 14852 15622 1624 1735 1792 180943 1849 18533 1910 1953 205375 207 21069 2232 2266 2273 2328 2335 2338 237 24010 2462 2642 26598 2683 2701 2709 27322 28 2887 2934 29658 299 3114 3158 316 326 3300 3324 337 347 3487 354 36045 3648 36870 37744 38 3879 391 407946 40851 41 41330 42 4280 43061 434 435 456994 4682 4699 505 51891 52547 5458 547 5554 5722 5779 596 6106 631 64357 6634 6696 673629 68643 68797 6886 694 73481 73701 76 7669 768 792 822 8257 826 877 89 90 901 9504 9746,589
109 130 1301 1313 1337 137850 137992 1419 1422 154 1561 15915 1594 1598 163507 1653 172 1756 1807 183125 1845 190448 205 207 2364 23723 23960 250 25732 26222 2709 28222 28426 2937 299 301 31 315 3281 333 345590 3487 3540 359169 360 36542 3701 373 37485 37549 382178 38267 392 394 40 41 41185 432 438 493 507 527 5297 5301 5442 5502 56233 57 60245 604 6052 607 6075 6448 6893 69 72126 731 7652 7677 79 80735 808 859 9069 91 9273 9329 941 9471 992,198
1121 11384 1146 1214 1219 12329 1263 12960 131070 132753 1367 13689 144919 145466 146 1659 16613 1849 186 1961 212251 21234 213 2130 21561 21657 21830 2194 2202 22098 223 2231 22805 2437 2501 2685 2777 2811 28463 2879 2904 2909 299 3073 3140 3141 333 3412 354 3540 3710 38258 3879 40 400 40127 403 4123 43 434 435 44 46888 4738 4764 4808 50347 5052 51557 518618 571635 5730 5877 601 6024 6448 6464 654729 654973 665518 6681 6893 731 734920 7448 75656 779 7898 80375 823 8702 9136 923 9273 9604 97188 9747 986,600
104 106 1095 11274 120145 12044 12157 1263 1282 12959 12960 13207 133441 13833 14160 143 161416 1759 17899 18085 183111 1849 1883 20924 213 21307 216313 223 223962 223963 23269 2662 2664 26700 2685 2690 320317 323 34229 36896 3710 37212 376 38 381 38258 3831 3880 39905 405 41 42 42111 47955 483427 4934 5 50474 513 5181 54951 581448 5877 590410 6089 61045 6448 6568 660714 6817 6893 729 7806 7870 795 8039 8202 8292 87500 9000 9048 9799 98,249
100580 1008 104 10945 11441 11598 1214 12724 13010 13388 13681 1421 1460 14772 15220 1580 1739 1744 1763 17962 17968 17969 1807 1849 192358 197 19711 19768 205 206 207 2086 209 224878 265568 26998 28717 3412 34223 34393 3490 35790 35909 35910 36625 38 3953 42271 423 426 435 442 4432 464102 4715 4742 4747 4962 51909 5227 54732 5684 588 589 611456 6124 63 6401 68125 686856 7124 729 74 781164 848 849 8871 9675 9719 9944,95
1 104 1048 105056 10510 10529 10747 11190 11406 119115 1245 1246 128961 1301 135 1372 143 1460 14998 1571 15906 164 1757 180 181600 183 184 1845 19894 20429 2055 233717 23463 2364 24036 24669 2534 30550 31 312 314 3255 3320 3324 37202 373 381 3831 394 41 4164 42 428 445 47973 480 4962 499260 507 527 546 5507 5565 5610 5954 5983 6130 63 65031 69020 7206 7595 77713 79 793 8202 822 8262 888 91 93 9378 9746,223
1048 10556 106 10637 1095 1104 118894 12960 1336 134744 13530 1367 147639 14772 1539 15397 1623 1694 17230 177777 181956 183 1849 187 194 20382 20413 2115 2164 223 23269 2440 2507 2525 26596 2685 2851 296479 29947 300406 30897 3109 323 3276 328 33822 35424 364099 3710 376 377 38258 3831 3864 389892 392471 39905 4090 41 4158 42 423 47955 482549 490 4908 49120 4934 4935 5049 507 508 5106 5122 590186 593991 598 621 63 6377 64 6448 654350 6582 6853 6893 691001 713 714549 7205 748 762 7747 7804 7870 795 797 83 8704 886 9019 9029 9076 9416 9746,577
10134 10822 11168 1147 11596 11651 11963 1214 1255 1280 1337 1371 137528 13830 146 151960 1576 15843 15898 162639 1719 17896 1896 2023 2075 2082 2085 2130 22882 23166 2356 2540 25614 2598 2641 26709 2710 2814 325 326 3367 3443 354 3542 365 376 37761 38 3868 3892 395 40 4029 4065 41 42 425 42775 43196 4333 434 435 4426 44485 44707 4502 4934 5328 5448 5520 5555 5581 56387 5669 6169 623755 63 6531 68 691 754 756 762 766 791 797 812 815 8262 8380 840161 8587 8684 874 878 88830 901 9228 96475 9746 9826,506
103141 1048 11170 11876 11901 1214 121443 1240 1337 13374 136796 146 150 1529 15919 173 17902 1807 1809 18332 18446 1849 1856 1891 191468 1923 2128 22813 237 23701 2479 2488 2530 268 271 2710 28428 28429 285404 3030 312 313 315 3159 3251 3489 35385 3539 35493 36625 37001 3733 379215 381 39905 41 41253 42 428 429 434 4816 483 4999 5086 51297 5191 5264 550093 551 5751 5775 580 6052 607 6075 6568 66 6893 701 7101 7200 770 773 7870 79 7946 797 822 826 834 8547 8637 8756 9000 923 9337 9438 972 99163,272
1 10282 1048 104893 1065 10747 13531 13734 14534 14805 1511 1523 1526 15399 156036 1578 15857 160498 16925 175282 1800 181552 1827 1849 1867 1897 194 2097 22928 23269 2526 25322 2659 2712 27262 27922 2796 3033 303907 31 3141 316 3223 3255 328 337 3470 34897 3548 3579 37 3743 37815 38 3802 41 41606 4178 42 422 4843 49129 509308 5410 5603 56128 58097 598 6332 64 6857 7203 7310 757 7678 770 7747 7788 79 795 797 80 8107 822 83 891 8989 900 9066 9626 970 99398,141
12309 12483 12510 127701 131 1364 1367 1792 18310 1849 18498 18567 19768 19821 2086 2364 274 28 332 3367 379 38 39512 41 42 426 4404 45586 508 5086 5603 59280 5993 671 68113 79 9422,64
1021 10254 1060 108519 109 11216 1168 1181 118661 11879 12204 1245 13161 13397 13530 13644 14052 142 14972 15207 165425 1665 1698 1712 172 1749 1757 1800 1849 2047 2110 21523 2191 22096 2266 235988 2364 2462 2484 2572 2641 2663 2683 281582 2816 2903 299 3014 3027 31 3114 312 3132 315 315116 326 3272 3296 3449 34925 3540 3652 36599 376 38664 392 392361 41557 426 428 432 434 435 4563 4689 483872 49 49883 52024 5331 5411 5418 544179 551312 551313 5588 5679 57987 58610 5877 595884 595885 60 624996 639601 64 65030 6887 7179 7520 757 7619 7651 76579 770 79 797 819802 83 831 84210 86109 8852 90 9048 9136 9402 959 974 9956,600
10926 110 114 1153 11579 12259 1266 1282 130 13020 1359 1386 14171 1442 1453 147916 151 1522 15242 1563 1604 1606 16371 1649 1659 1661 172 1759 1760 1769 19138 1973 19768 20308 2086 2147 223 22545 2293 23087 2336 2364 237 25205 268 2688 2753 2816 293517 299 3000 31 31279 33289 33299 336 379 3800 3812 391 3924 41 42 4236 43054 434 435 4492 5049 51414 5170 5433 55841 55916 5610 5727 592 596 598 60441 6052 6238 63 729 738 7470 759 760 7601 7615 762 7678 792 8252 832 842 843 8913 9237 925 9336 966 971 974 9971,558
1005 106 111308 114 11920 1214 12533 12569 1263 126378 15164 1518 1608 160986 160987 16250 1710 17737 1797 1849 1860 1883 1891 19537 2074 209 21696 2194 2317 2381 24698 249 26688 2701 2769 3114 315 3189 326 33588 354 40151 41 42 42200 43 436923 4816 50 516 5371 5700 63 638 64717 68964 7454 757 758 8260 86 8657 8870 9007 928 96 9615 972 9746 9814,233
1 1007 10132 105997 11048 113200 114 1184 120374 120377 1301 13048 132 14115 14210 14344 146 151 1518 15398 15610 15832 16326 17431 183 1849 18836 1894 191 19400 2011 2061 208717 213 21746 2209 2237 23138 2336 236 2604 2611 2683 2685 27095 2764 2809 2810 299 300 322 3255 32698 33354 33741 34485 347 359 381 3939 40 421454 43 474 4854 508 513 5225 5332 53831 5459 5654 5722 580 61603 61816 631 6375 669 681 683 7224 73567 7450 7560 758 7661 7662 7663 7788 80 821 971,202
1033 105 105701 10645 114 11652 11830 130707 1320 13287 1345 13470 1364 1419 1448 1524 158061 1617 1661 1709 17376 184 18425 2023 209 2164 23269 233 237 24346 24474 24485 2540 25652 261695 2663 27493 28042 2845 28716 2881 30549 314 316 33194 3359 3539 37096 3712 377 38148 39905 41 42 423 4305 434 435 438 4502 461644 464 4667 4789 5113 531879 5509 58477 59248 66177 759 7870 796081 830 834 8411 8987 9006 90951 9488 97,2395
10410 10445 10491 107 10983 11226 11384 12474 12563 1261 1279 1280 1337 13758 13878 139244 14258 143 1442 1454 146 148067 1524 15413 1773 1799 1804 1807 181 183 18447 187 1883 1897 194 197 205 207 2130 2217 227 23269 2349 235 2353 237 2426 2640 274 2807 30776 313 314 315 333 333703 33875 3540 360 372 41 4137 415 42 429 432 435610 445884 45219 471408 4725 4772 4855 5045 50497 5070 5122 5161 516819 529 5727 577 584 63 64431 650 652 68844 745 75844 7589 795 8554 88274 889 90 913 9244 9273 9497 950 9811 995,134
10073 101 1033 10411 1075 1076 108314 10981 11165 1140 1237 1245 1357 1385 1438 1441 15099 1522 1536 15991 1625 1716 1735 1824 1855 188395 188396 1903 195 2047 2063 2168 220 221865 225 2357 2364 23852 2484 2507 2530 2583 2641 26690 2957 29676 303648 3037 309 31338 3240 32583 332 3442 3449 3500 354 382 38273 3924 394 4127 423 4334 46090 49478 534576 53902 5565 57 602 6052 6089 61682 6216 63 673266 6893 69 7209 8051 8239 830 838 8380 8492 879 88140 8861 9017 9236 94752 94753,190
10000 100591 10321 1033 10439 10455 10490 10491 106 1075 10822 110139 11443 11477 1158 11580 1163 116738 11918 119604 1237 1243 12910 129367 1296 1304 13086 133080 1341 13620 1393 141054 14389 1442 144624 1460 1478 148186 1505 1529 16119 16540 1669 1732 177 1773 17812 17869 17870 183 1849 18526 1897 191441 196653 201 2023 2081 20957 21459 216200 2174 22347 22438 2364 24470 24523 24786 2541 255 2641 2688 27 2705 2709 2796 29358 29772 29774 30766 312 314 316 3189 322 325594 326 3321 33705 3412 34194 34260 3449 34987 354 35436 3596 36880 379 38 3873 392 3950 40 41 412311 432 434 450 4502 464 4698 4774 487 5052 507 5070 53610 5502 5577 565 5657 5995 63 63063 634 6681 67464 6893 6991 7068 713 71329 731 7441 7494 75 7505 756 757 758 759 7791 78 78607 79 7946 812 821 830 8379 839 859 8645 870 9066 925 95737 9671,375
105627 1111 1127 117 12322 12734 1301 133173 13500 139080 139613 150296 151 1511 15222 1526 1529 159 15923 1615 1623 164741 1670 1729 17920 18899 197013 20592 217384 2206 2208 22249 2381 24326 2541 2683 280260 2946 30227 30426 31339 316 3208 3212 32967 3412 34190 3442 347 348037 348038 35365 35366 3966 41 4126 42 434 435 4404 445 4475 4581 5070 50830 5091 5175 55157 56341 5863 5884 6310 6451 666 7266 758 759 795 80 8054 8193 92290 941 9461,442
106 109888 111737 1147 11773 1211 1290 1291 13042 13212 13292 13306 138430 14120 1441 148 14915 1511 16790 18291 1849 1896 1897 19027 19296 193 19341 1952 205 20661 2085 2086 213 23139 23269 23855 25080 25602 25783 2687 2701 27104 2798 282 28969 29341 3089 31 3114 31446 3278 3364 376 377 38 381 41420 422 426 4270 430628 434 435 437 4537 4561 4696 4990 4994 5071 5410 54950 55176 5579 58251 5884 58912 58964 59607 602 60299 6524 69 70420 75273 784 7898 79 7944 818 821 822 82328 826 8260 834 8573 877 8998 9151 9204 9236 9237 9637 9746 988 990,772
104 10445 106 108351 1133 1146 11865 119034 12140 1255 125764 132 1320 133619 14132 14633 147866 15086 15458 15749 1763 1773 180067 181565 183 1849 1897 195211 19767 2074 2098 2110 212946 21605 2216 2335 2685 2710 305547 30584 312 313 314 3141 315 319039 31923 326 336193 3367 337 34447 353603 354 3555 376 385 3868 3874 388860 39218 394020 39419 425 426 43 4682 473585 4809 48836 49 501121 5509 5565 5653 565582 5877 6241 6404 6635 6811 6893 69 7003 716639 786188 786189 786190 79 80 8193 8202 8397 8632 86616 8737 878 94385 9506 9642 9956,349
10030 103889 1048 10655 106679 10903 1095 112779 11533 117226 1214 1240 127282 14182 1511 1526 1527 155635 169567 172 17368 17896 1851 18549 188671 1910 192831 192832 192833 192834 19892 2040 205 20830 209 211858 213 2130 2164 21713 2372 24392 24555 25223 26537 268 2685 27354 276 2851 299 315 323 3271 328 3300 331 34222 39615 3977 40 440 44901 45156 4537 461990 5064 51744 51885 5227 5247 5316 53170 5663 5777 5805 606255 64495 68 718 736691 739 74244 770 7966 822 82781 82782 83 844732 8728 877 901 94197 9887 995,929
1016 106 106641 106642 10694 1075 120939 1282 1301 131 1314 134 1442 146 15182 1526 1677 1804 1849 186 197653 20081 20156 20817 2086 21015 212 213 214 21459 215 22218 225753 2364 24471 26173 2705 27325 275224 29667 299 309 326 328 35319 3662 38 381 40390 4054 41 416321 42 42276 442659 445 45600 4698 49 51851 5224 529099 529100 53324 5422 5472 5543 596 5983 5999 60821 61603 6690 6719 67979 6852 68632 6975 7244 7334 7441 757 7589 774170 7788 78917 812 8257 86 86497 9000 9180 966 9690 9692,175
10048 1006 1048 106 111947 1163 1216 12163 12273 123939 12944 13136 1321 13302 13423 1347 1374 1375 1380 14041 1514 1594 16275 16331 17129 1746 17674 1777 18025 1807 183 185782 18952 19026 191 194 1945 1971 19919 20349 2074 2086 2092 2100 2157 2209 23269 23371 24133 250 25022 2709 2755 3069 311528 3121 322 32444 326 3485 363378 365 3712 372238 37306 376 382 382074 387608 393 428 429 4432 464858 47190 507 5318 5508 56388 57 5760 5863 5884 594 598 602 6053 6157 61893 63 6404 646 6788 69 7310 733 7353 7507 752 7547 7625 79 797 800784 823 834 836882 85 8632 88 8951 89991 907 9153 9438 9450 94736 97 9711 9867,202
10255 10256 1075 112977 11425 11592 117904 12761 1301 132 132980 1367 15152 16540 171068 172925 1769 1772 179238 1806 191 19556 1980 19930 2187 2194 223833 22925 23332 2364 23761 2530 2688 29719 3027 314 32211 323 3240 335185 335193 337 3412 3540 360456 3663 37301 381 39007 394 4182 432265 434 435 443 5064 5086 5115 51659 51837 546 57370 63 711 729 737 743 7436 756 760 763 77699 7820 783 79 8257 8379 8645 9200 962 97184 972,556
1010 10255 10256 10380 1066 1075 10941 11223 1245 124694 1287 1301 131522 1336 1385 1442 1454 1604 1608 16191 1714 180 18185 1980 2014 2092 2174 21829 2216 227 2352 2353 2364 2380 2407 2538 254 25565 261 2611 26172 2683 282303 2941 3008 312 3141 31915 35313 367 392 4916 4934 5 50 507 5074 527 52837 5411 54734 57 58329 5877 60 6635 665 7325 79 7902 797 8292 869 886 941,178
1010 11773 118664 1263 134 13491 1382 14877 1571 1763 17689 18425 1896 20876 209 213 21571 2267 23269 27095 2807 28762 299 31 3141 3158 3182 3300 3324 376 381 382 38233 400 405 4207 4562 456851 4905 508 52349 5722 5877 60726 6089 63 658 7126 731 743 768 7832 808 822 8487 877 879 9260 9505 9649,195
1005 10255 10256 1048 106 10884 111925 1146 1168 117112 1224 131 13287 1352 141279 1419 1444 14767 14800 1571 164923 16756 1714 173 1740 174230 17645 1804 181 20108 206129 2115 21825 2240 2250 2282 22980 23269 23273 2372 2407 251443 2615 267 27279 2730 2777 2836 2962 29907 310 3114 3141 3189 3193 323 326 34 344516 3508 37856 3868 3880 39053 392 394 4076 422 423 426 434 435 4389 4443 445 465031 48401 4916 4934 497 4988 528433 5313 5836 5843 5877 5890 5891 603 621 63 6482 6635 6893 701 706 71224 7177 71968 73474 736 74144 7450 766 79205 795 8141 831 847 851 859 8636 8670 90 9138 928 93543 941 9867 9969,2009
106 1181 1214 13226 133159 1340 142411 1442 14819 151 15880 1714 17368 1798 1799 180176 1821 18425 1897 1919 205653 2092 20985 21439 2164 21716 2186 22075 232640 23269 244432 2525 2530 263 2710 27258 2777 28 2816 29746 31 3114 312 326 3273 329419 34834 354 37574 37689 382 38756 391 41 42 428 434 435 464 4689 4907 493502 49833 504 5355 55608 5614 5761 675689 6893 7209 7362 739 7700 7821 822 84127 8525 8526 8528 906 9085 93 9357 9977,651
10076 10321 10536 1095 112617 12004 1214 121945 12447 1274 142 1460 14708 15474 1563 16275 169688 193 1945 2047 2074 2168 23269 23658 237 2583 2663 28 283338 30271 3033 311 315 3159 323 3329 35217 354 3541 3733 3738 379 382 3939 4091 41 42 426 4563 4678 468 4937 49734 5404 55239 5733 58401 5951 608 6482 664312 666 6893 69 7244 731 79 792270 80 81653 8216 822 835999 8528 862 87865 959,327
1033 115767 118 1215 1245 130 1337 13448 1359 13644 146 14664 15355 1547 172 180678 18461 1871 18754 187896 2074 20980 20981 20982 210 216438 220777 2251 23269 2372 2462 2500 26447 2683 27208 2768 2946 304590 309 31 3276 33356 3701 372 38190 394 41452 417250 423 4658 47502 4809 4821 484844 5122 51841 520982 5411 5429 5495 5507 5547 5589 5590 669 701 705 713 736 770 79 795 797 812 834 8437 8724 878 901 9066 91686 957 966 9721 99 996,199
102 10400 106 114 11565 1168 12403 12413 128609 1304 13244 13292 13465 139014 1442 146 151 16188 1849 195903 2040 2173 220 2349 24040 24248 2493 259483 27441 2798 2803 28874 2946 3033 32527 326 33822 347 3540 37245 37303 37304 380 38661 394 415 4169 422 434 435 4424 445 4509 4562 4699 471 48 4994 5005 51064 547 54856 55803 5684 5761 579 58432 618261 6193 63 6313 647 67477 694 70 737 757 759 822 826 835658 843051 877 900 9006 915 9608 9868 991,466
10000 104948 106 119497 1214 12307 12597 128494 1320 14052 143086 151732 155168 166090 16740 16968 16972 1749 1797 182079 1821 184 1849 1983 2074 209 2098 21206 2157 23263 2335 2352 241045 2541 255062 255063 2668 268197 2685 2816 3256 326 328700 356737 36528 368203 372099 380801 3813 3874 39 3913 400 40785 41207 423 428083 428084 428300 4303 434 435 44 4432 444946 4808 488 497 50 507 5138 5477 5581 5877 638 6893 69020 729497 734 7379 7643 77821 7791 786061 807826 80902 8437 8501 878 9151,505
1057 106 1164 11802 124084 1243 13084 1314 13185 13410 13549 14065 141307 1442 1496 14973 15230 1539 1622 167400 1758 1807 200423 215 2151 2161 2163 227075 23356 23658 2373 23852 304 326 33321 37953 3937 41 42 428 4404 45017 457746 49 4910 4934 50071 5049 5583 5775 60954 6226 63 71635 729 7678 784 787 80 822 8563 877 901 9085 91 959,133
1 10030 100889 1048 10495 10643 10753 1076 108179 10853 1086 108981 10967 11491 1152 11925 12285 1243 1245 127721 13029 1313 1336 1367 1547 15488 15489 1623 17357 17701 18289 18385 1856 186596 191 209 2097 219513 22944 23269 2339 2381 24698 2541 2688 2710 27428 276060 2896 299 30041 3223 3254 33366 33568 354 365 367456 37346 376 394 39905 403 41228 423 434 435 46110 4736 49192 520480 529 552 56321 571627 571628 571629 571630 577 58894 648 6853 701 746810 757 7870 8141 8260 849 878 8794 9018 9237 941 94237 97587 9895,566
10040 10364 1045 1066 1075 114 12175 12386 1282 13 13048 1337 13521 13816 13927 144643 151 1514 1524 15242 1571 1617 164 1727 1729 177 184 1849 18502 19271 195 205182 207 209547 209548 2117 2168 227917 244337 2538 265746 268610 274 2797 296633 312 3146 315 31568 332557 335227 33674 3412 3518 353590 366092 372894 37421 38 387 39 3932 39444 41 42 423 42646 4268 4330 445 4492 4678 5113 5403 558317 5691 57 5733 6053 608 6105 61682 622252 626652 63 6488 64894 68086 6904 701 703 7365 737276 764895 79 791 7949 80 8298 8379 847 8515 878 91 93 941 9416 970 990,2384
10185 10514 11620 11963 12656 134 1362 1505 1524 1665 17242 173 17515 1849 2097 24504 25614 25620 266 2688 27252 29746 3271 354 38 4413 443132 45140 453479 5434 5559 5581 5891 6255 63 67954 686 69888 7609 7616 7806 791 792 811 8636 9092 915,167
10246 10565 106 1095 11 1181 13200 13582 137914 14733 14737 149183 15056 15105 1526 1551 1576 1622 1713 177396 213 2160 2416 2462 2499 2565 26596 2701 2769 28082 28631 2939 3089 3208 326 327657 328 3349 34782 349161 35424 361989 36734 38 381 425 428 452096 4547 504902 5983 60 6024 686 733 7412 7474 791867 791868 795 8107 8292 83 8491 8518 8520 8521 89616 919 9474 959 98670,116
1006 1021 105160 106 10649 11274 11446 1163 12738 1312 13235 1337 14119 14349 1442 14646 1518 15207 1561 1565 1749 180 18208 1843 1849 1851 1883 194 194759 21148 21457 2157 21824 22445 22744 23269 233 2407 2423 25596 2565 2685 2764 2769 279 2811 3034 3114 316 323 3271 3275 33078 331905 3358 33974 354 35748 3721 376 37919 37953 3873 4043 406145 41814 428 432 4503 4535 4789 5161 527089 52758 531 54149 5443 5555 55834 5653 56950 57282 5751 58 5944 60497 62787 64 6482 69 691783 703 74664 757 7678 770 79 7900 8013 8191 821 84398 861 8704 877 8776 90488 91966 9637 966 9956 9977,195
10255 10256 102900 104 1042 106 10706 11334 12253 12326 13166 13297 138684 1393 1406 142002 14388 1465 14767 1518 1547 15805 1594 16720 1712 172053 177 1773 178 1849 1891 1892 1896 1923 19575 198 20282 20964 2134 21459 2174 2252 22791 230 2352 24050 2437 246624 2484 2659 26849 2685 2688 280777 3027 30600 31142 315 326 32608 328 34997 354 376 383 392 394 4006 403 41 42 426 445 45323 4698 4849 49 4907 4934 49684 507 53771 5402 5452 546 56805 570 5835 5899 598 5985 5986 6081 63 631 6462 7441 7494 757 788 79 792 80 8005 846 859 8630 8778 878 879 888 8989 9504 98 9811,438
106510 11384 1152 11652 119563 12781 1296 13287 1357 146805 14917 1517 1523 1524 1617 184 18837 1902 193 1935 194 207228 21431 2282 23007 2470 2890 315 3280 333 3349 3359 3540 3629 38 38008 400 41 422 4269 434 4404 45323 4978 63 70490 759 79 795 874 9161,1758
1010 1076 1105 11405 11441 1163 1232 1278 1337 1443 14434 15533 1593 166812 16894 16974 1734 1757 181269 1899 191439 1946 20233 202729 21618 22190 22625 22669 2286 23305 2352 2484 2500 2507 25557 25593 2564 2565 256515 268123 269 2710 28717 299 309 315 3208 322 322939 323 347 3490 35396 35571 35880 3644 36625 379 4077 41253 4181 42130 422 423 432 434 464 4808 4885 494245 4957 50072 5070 5113 5161 5168 529 5358 538298 538299 5415 5429 574 5882 63 6519 6886 7113 7176 7454 79 7949 805878 812 831 871 8760 8761 888 90609 913 9173 968 9710 972 9944,104
10107 106 1095 115330 115332 11618 1168 1246 12515 1308 13287 13292 13452 13775 138 1448 1849 1926 19768 198 2086 21282 2213 223 225743 230 23371 235 2407 2493 2530 2575 260 26492 279 2851 326 33436 34156 376 381 3831 392 40036 41 42 429 4535 4559 464 4935 4959 508 551 5588 56845 5727 587695 587696 5890 59007 60398 605 6166 63 66657 69 70835 733032 7347 757 762 826 8298 83 83366 8487 8573 859 937 941 959 9870 99294 99295,108
103289 1075 11072 1240 1310 1337 1372 14119 15262 15389 1593 16331 172 180 1804 183 184 191 1918 1923 1938 19641 2002 2005 20292 20411 20413 2047 2092 212 21696 21825 2201 23160 23269 2364 24395 247683 247684 2507 2541 2611 2711 27158 2730 28716 28717 29341 2957 3037 31 312 314 3141 315 32219 33377 3349 3505 3540 3542 36472 36559 36625 36905 379 3794 38008 381 382 393 40 422692 428763 43 43005 440173 445 464454 48646 508 5124 51272 52935 5313 5547 55601 57 57427 602 6337 6382 64431 657413 65986 6890 70740 7206 758606 780 7898 79 797 8101 81832 822 8257 82852 8479 8632 8939 91 9273 97218 99902,242
1214 12228 13500 1422 150 151 17056 1734 1739 213 235 268714 28083 28717 3058 3114 315 3197 323 325357 331 3367 34747 36625 39 42130 425 432 434 435 4565 4724 4725 57898 58 646 6482 66519 666265 6696 6893 69 718224 746568 7898 79 808 826 874 8812 93512 9944,431
104 10587 117394 131 13613 13868 1442 148 1526 1608 18446 19271 213535 2184 2320 2339 2341 25 2502 2507 2534 2535 2851 2855 2873 28757 2974 30627 31 326 32659 35934 387 3880 405 434 435 494507 50 51 511662 5138 5429 54507 61491 615 67006 67411 6757 726 731 822 83886 85268 8630 8882 9746 9977,505
10645 10748 1095 11167 113552 1168 11806 1211 1214 1243 1254 127078 13009 1311 1320 133788 13922 1465 14959 150 1511 1524 1530 15486 1617 169567 17058 1763 177 184 1849 18639 19595 205954 212617 216645 227539 2387 24361 2469 25223 2685 2729 2733 276009 27842 279532 299 323 3468 3471 3561 381 3864 394 41 418 42 422 434 435 437237 449222 45929 46879 470096 4941 496466 507 5138 51678 5588 57294 5751 5763 577 57826 584 59248 602 6252 631 6450 65351 69 726075 757 758343 759 7788 780 781 798043 8136 816 8182 826 83896 90 901 918 9482,2667
1003 10518 106 11072 111 11223 112432 113758 11586 1160 11649 117141 12257 1243 12520 1290 1301 130561 1336 1337 13500 148 149209 1509 151 156407 158958 1627 167664 1712 173 173433 1745 1856 1883 190272 1903 2100 221077 2525 2565 26596 2687 2709 2729 27983 299937 312 315 326 328 3490 3505 38008 381 385893 394 418 437 445 4682 4934 4999 5064 5161 529 5743 577 58 582 60 6002 6020 606 608 61 6156 64 64427 66 689322 70088 703 704419 7389 759 79 795 815 8172 831 8437 8630 9042 9153 9293 9669,234
10271 104 106 1093 1095 1168 12140 1240 1301 13644 1526 1530 1624 1705 173746 191 1938 2092 216763 22116 2364 291416 309 31 326 359 394 3968 3969 3970 40533 40534 4089 409 4091 423 4432 4799 51495 53652 5507 57251 60 602 608 63 6404 6551 79 820283 8437 8517 9130 93 97,178
1061 1159 1214 12147 132989 14050 14052 14249 1518 161049 1627 16640 17033 1746 1849 1856 1857 1903 19390 2115 213 2163 2168 2251 24005 24090 24488 312 314 315 3261 328 3308 340202 34519 3487 354 38 3876 393 40 40080 426 434 43512 507 5161 57 6189 63 671632 7197 731 79 793 8231 8443 8778 8939 901 9236,200
1048 10923 1093 11010 11352 113729 113730 1168 1200 1214 1240 12975 1304 1337 13452 138181 14527 14772 14949 1570 15971 16010 1659 1714 1744 181169 1849 194 207 2074 210184 212 2194 222298 2352 2364 2423 2469 24734 2653 26555 2685 2816 28643 301444 3039 312 315 32125 323 3281 365 372 376 382 3907 392 40 409 41 4181 428 437 4573 47716 4910 5063 53858 5581 562500 602 609 63 6893 7454 770 7791 79 80 822 8239 8257 8437 8776 901 9266 9709 9754,399
101520 103809 10518 10648 1066 119 1209 123870 1245 1336 135723 13591 1362 1518 159577 16453 1694 16943 17680 177044 1851 186 1910 19247 194 2018 2025 207 2097 2168 24383 2462 2493 2530 2879 299 312 3276 354 3647 36905 379 3873 41 43304 434 435 4375 438 44041 445 450978 4808 4964 54477 5669 57 580 601 6189 63 71821 759 79753 87188 9019 93144 95 9543 97439,534
103141 1061 11346 1177 1290 151 156324 1570 15919 1849 19768 2047 2056 20701 2086 2168 2174 225 2710 3027 311 3166 32528 36625 382 40539 428 434 435 437 4660 4699 5 52196 5495 5565 5684 60137 63 64 71 7497 757 7634 768 79 80 8297 8437 9650,503
105661 10659 11003 11168 11170 11964 12083 1214 12406 1245 12713 130 13129 1386 14514 14516 14737 14805 1518 1529 15614 15895 1733 175031 177 17902 187 2292 230 252293 2525 2540 255701 2709 2710 27377 2755 2764 27714 299 315 3159 316 3187 32110 3272 3429 375 381 3896 39905 41 41243 415 42 423 44540 44541 44542 4573 4962 5 5191 55239 5588 566 58628 6221 6238 63 69 694 7164 7310 7870 79 8083 812 834 8921 9000 9377 9710 989 9895,364
10341 1075 115001 115515 11598 12696 133081 1524 162936 165428 18031 183 2364 2538 264705 2683 2685 28893 314 316184 325 334454 3412 425 51361 53016 57 5862 6077 617449 64966 66412 729 7788 7870 79 80 826815 8551 8552 877 878 901 9088 941 9712,154
101764 1021 106 10692 1090 11459 123340 12570 133 138 14153 14687 15106 1594 1663 1758 1788 1816 1856 187 19489 19624 20132 2048 213 2185 2244 2252 23269 23628 2368 2469 25 25082 267 2685 2710 2730 27438 27664 2871 2934 304 31 3179 3196 3223 3412 3536 354 38 3801 391943 39905 4015 4043 41989 428 43717 43735 443 4432 4487 4503 45714 4774 47836 4809 4931 494953 5 50604 5138 528052 53121 538 5383 5429 5594 5638 5943 60 604 63 63032 6306 631 6635 6893 69446 7122 7125 7541 75970 779 782907 79 793 80 808 826 83 831 8518 8670 878 8939 9289 941 97 9754 9837 9891 9983,340
1021 10514 10979 11003 11006 11099 1194 124679 13120 1358 1386 139 1517 16142 1661 1802 1803 194 196639 20258 21092 2151 2199 2200 2371 2423 25790 2683 28716 28717 289988 2928 29347 315 3280 328304 3528 36289 390478 3925 4077 41 41542 41551 418240 42 434 435 464218 4653 476298 496812 499218 5064 508 5091 510731 546418 5579 59883 60 61 6686 68 6886 703 705 71756 743 74571 758 7616 770 79 8124 823 859 92172,595
104 10517 106 11578 11652 120775 12093 1214 12309 127721 12785 1302 1336 1337 1367 1369 1371 14303 1493 1524 1558 1582 15981 1617 163110 16502 16874 1710 17249 17331 175111 17853 17897 1807 184 186 19002 19057 205 2086 21068 2175 21824 2250 2349 23533 2359 2360 2364 260609 26424 2683 2755 2769 28002 286225 293208 30381 30502 30550 31 326 326648 32789 32790 3293 3329 33559 3359 35018 35388 392 394 39688 40 4091 41 42 434 435 4404 44102 44104 4492 4562 46362 4712 4789 4855 5091 5133 527 5309 5565 5785 58819 59623 6073 6191 6201 63 64101 66269 6893 69780 701 708 7194 7338 7601 7625 7632 770 7704 7770 795 8061 818 8235 8262 8525 8526 879 890 9236 9237 9482 9643 96653 96654 9901 99339 9977,3320
10177 10258 1033 105283 108827 11170 116975 1243 1274 1337 134 1453 151 172 17391 1845 19103 19258 19371 19372 198 199864 21069 2115 21651 2250 23990 2540 255780 29907 309 315 3367 337 3390 356985 37249 3851 393 394 3956 423 44445 4502 474 47472 483685 48674 5091 52255 547 54980 5577 60670 607 63 631 64 6601 6742 69 7041 751629 7700 79 80 8297 843 904 9453 9746 995,168
1021 10255 10256 1048 1075 1078 11124 112423 11441 1153 11684 120939 12406 1257 12814 12975 1337 1347 1382 149 151 151449 1517 155027 15687 1571 16386 172 180 1807 19617 200545 2025 21732 22579 23380 2364 25 2583 25911 2713 282 2871 30382 304 314 3367 337 342311 3540 372631 376 37824 382 395333 41 434 438 48190 50637 50925 5106 52080 52255 53126 5458 547 5507 5508 565795 58412 58413 5943 598 60217 61 63 63466 6601 6968 7179 762 7664 781788 79 797 81718 8379 8437 8471 9121 9237 9297 9488 96 976,143
106475 11415 11598 116442 11789 1181 1232 1263 12664 1282 131 1372 13786 14039 1417 1442 1460 1514 15745 1597 16105 17896 180 187742 1897 19324 197 2149 2199 237 2500 2710 299 312 314 315 33122 3328 354 381 40 41636 4562 4870 4966 517565 51804 51805 51854 5313 53235 5727 60 605 6090 62576 627253 671 67251 6893 7206 76044 7732 79 830 832 83400 8635 869 8832 901 9233 9488 9572 99740,103
11024 1115 11532 11620 1168 12909 1367 1419 143 1522 1526 158271 1605 1606 1608 1827 2336 2404 2644 2829 3158 323 331 336789 36999 3880 3894 4795 50 517 52338 5410 5510 6159 6311 6313 676 725886 780 781,85
1033 1057 106 10806 118345 1252 1336 1337 15097 15207 1625 16331 16526 167993 173 1780 18018 187 1952 201 20501 209158 2174 21840 2213 22246 22543 23115 245672 245673 2465 250 2540 26822 2710 2720 28410 28418 2851 3059 3114 3141 323 354 38 41 4197 42 422 425 426 428 44200 4540 4934 507 517467 5249 54320 551 5577 5840 605 64 667 6775 6853 6882 69 7347 7494 79 823 8255 8395 87366 8742 879 88 9062 94 9669 9696 97,293
10173 1048 10527 10625 10728 1075 10888 10973 11106 113 11565 11585 1159 1168 118 11866 12044 1224 12597 1311 1314 13261 13410 13416 13966 1442 147957 15501 158833 158834 158835 1604 16206 164825 16512 1670 16717 1694 1710 17312 17457 1757 177 17737 17896 17897 179 17964 18446 1849 18567 18848 1897 191 19110 1930 19390 197 20429 20481 205 20648 2081 2086 209 2115 21313 2163 2173 2191 2193 2250 22634 22635 22784 2282 23458 2361 2364 24033 2484 2500 25754 26673 27145 274 2807 2958 2980 299 30404 3059 3089 309 3094 31115 313115 316 32683 3281 3300 3428 34746 3490 35362 355 3596 3652 3741 3831 392 39352 39522 4006 4063 4090 41 415 42 4217 428 429 4313 432 434 435 4432 45688 4648 4653 4699 48 48373 4934 503 504 507 5138 5228 5507 5684 58 5985 60 6189 63 63564 64 64070 6524 66730 6753 6757 69 69434 6985 7 7163 7215 7218 724888 733 734 7625 76328 784 7870 788 79 792 796 811 812 822 8257 8437 8487 85 90 91 926 95 9650,1161
12246 151 1523 16275 1719 173 183267 1856 186 194 201239 20215 2286 2385 240191 2683 323 34241 3526 379 41 410 42 426 428 4404 4845 4994 5969 692780 6931 759 826 828 8336 8342 8430 9151 968,148
1033 106 117528 130805 13590 13620 151 15874 1593 1736 1761 176850 18025 18841 1896 197 198 20964 2157 22128 24167 24736 2541 2598 2683 2685 2871 28717 287349 2928 3027 328 3367 347327 351156 3539 423 432 43755 5007 5138 53630 554168 559980 57 58948 5999 63 6893 7244 7590 762 7634 878 9228 923 9244 992 9943 9944,270
1005 1021 104 1095 11115 113 1214 127262 130250 131 13225 134 1362 14206 15204 1570 1576 172 1739 177 17788 185469 191943 213 22231 2701 2711 2713 2764 29217 3114 3386 35223 375 38 381 382 385772 385773 3872 395 41 410313 41333 41887 42 49 5 5115 5158 5161 5200 5227 547 5747 5768 58777 5879 5884 613 64327 64328 6693 681191 6893 74 742574 76668 776241 7870 8061 8256 83 847 8838 8921 8989 9711 9946,375
100058 10107 11459 11596 11651 11845 126913 12921 129223 134113 1367 139251 1511 155 15774 1625 164923 183 19550 19641 2040 206031 208176 2164 22747 23360 23787 2413 260981 2685 269043 2760 2769 276938 27901 2851 309 3109 31446 316 3189 323 328 3367 33729 354 359 41 438 4487 4496 48 5045 5138 5506 5579 5862 59100 5999 603 60640 61524 6482 6681 6893 69 729311 764842 7804 788 79 795 83503 877 88654 941 970,1119
100288 1033 1048 11168 11170 112617 1263 14132 1453 1455 1456 14915 1524 1570 1571 1617 17034 1719 172 18328 184 1861 18985 194 195 2047 2168 2201 2451 25075 26056 26305 269809 275407 276140 312 3141 316 323 32534 3271 3412 382 385 422 44691 4492 45501 46276 49 5052 5106 5565 5877 598 602 6482 66622 6681 67734 6893 69 695870 7003 7209 729 7555 75748 7619 7677 768 79 80 811971 8380 8437 878 8877 9681 9747,2319
1021 1042 10528 1243 12651 1286 12975 1301 1320 13807 1442 159910 16281 17103 1758 1760 176551 1792 1800 1849 1883 18899 1982 2074 2098 215 21689 2213 226629 2327 2335 2364 249747 260699 2685 30492 316 323 326 3317 3320 376 38051 3874 42179 425 4324 4426 469382 48270 49 51474 5446 570 578511 5884 609347 6189 6482 6893 755426 7589 777911 777912 79 878,542
10189 1023 1048 11651 1168 11680 1181 129254 1301 13115 1314 13161 1336 138566 1419 1421 143185 14436 1448 1496 151 1517 16725 16983 172 1744 1763 1770 17738 1849 1897 2018 205 20501 210789 2250 2356 235663 24613 262 2641 2662 2664 267800 2683 2709 2805 2829 282903 299 31198 323 3324 35056 3647 3859 391 410845 4127 417292 43254 44218 445 4696 47686 49 490 500817 5028 50474 5086 527 5381 55852 580330 581461 58304 58724 60675 63 631 64356 6557 66 66323 68013 69 701 701650 701833 70288 729 743 7432 79 8998 9237 93 93349,189
1010 1243 13531 136986 14149 149059 15953 173 1763 1901 1928 19324 19993 20246 20429 2086 2162 2201 227 230 2344 2351 245 2530 2583 2676 27714 299 3034 3141 316 32547 3324 36163 3704 3909 40156 418663 41936 43874 4562 46131 4657 4726 4775 4776 48180 5429 551 57358 586 606 6263 731 73714 7541 762 77689 79 812 819087 821 8751 8851 8972 925 99,129
10134 106 12064 12312 12539 129591 13016 1304 13042 1377 143855 1454 1460 1468 1512 1517 1518 17270 1773 17962 181 184 18483 1857 191 19843 205 212 21308 2168 227 229617 2451 24527 24638 247278 299 3002 323 326 3276 33171 33974 344575 36712 37387 376 392 40 423 428 429 43920 44792 4573 4678 507 5198 5273 54263 5452 5688 584 60 63 6456 6482 6551 664966 67300 6893 69974 731 76419 7783 7791 816 8613 8774 886 901 91 9293 944 959 9650 9736 9746 976,311
10246 1033 1045 1090 11168 11283 113 11673 11680 11958 120297 1224 12741 12960 13450 13636 14231 14549 145863 146 151 16322 167014 1803 1849 187496 18787 1892 1896 191 19227 2010 20429 20481 20507 20832 2153 21977 223 22444 2491 2540 26512 267 2685 2705 2764 2805 2885 311 314 315 316 3175 326 34429 347 35722 3581 36608 370390 3710 376 377 379 38258 39917 4029 404254 4056 423 42341 434 435 443 457292 46131 4816 4934 50 5065 535164 535165 5424 5727 5886 6073 608 63 6448 669 6893 6904 7244 72832 73425 737 748952 7540 7625 79 795 8047 8136 83 834 8437 8801 913 918 9236 941 9524 96 99,519
10352 106 107747 112548 114123 11649 1221 12619 12620 13491 1357 13827 138309 13837 143 1447 14877 14915 149326 1515 164479 178987 1824 1849 19768 2086 21597 219 225 24118 298088 298091 31 3248 326 33875 34010 3482 353 3540 3800 3904 41 42 426 445 4875 48792 4966 50072 50854 525 551 5722 5821 5848 58962 6075 6382 6549 6681 6893 701 70519 724957 7365 759 7870 7895 795 797 799192 82951 8327 878,156
10192 104 106 1065 1075 1095 11137 11192 112274 1168 1173 11915 1310 1320 133000 133861 13465 13922 13927 1421 143368 143369 143370 146 14890 151815 1524 1530 1617 1659 16661 169438 1759 1772 184 1855 1896 19083 19092 206370 20897 2092 2101 213 2173 2364 23742 2469 2499 2583 26109 2683 268882 27386 2753 2755 315 31586 3165 3215 322062 323 326 3278 3320 353 3736 38612 3874 3982 4051 423 433564 4492 449211 4550 45619 459754 465835 46810 470043 4795 4937 508 51699 52080 5251 52648 527 535980 5369 54218 544921 545181 557824 569880 570305 578166 579365 5821 582624 586667 5989 607 6264 63 6462 6686 702 703 710322 72457 752 7677 772539 773663 774330 774400 774740 775418 775555 776119 776170 7874 797140 80 811 813 8239 8256 8257 838 85013 8607 8685 8742 878 891 9608,2630
101238 104 10625 1095 118659 1214 1320 1336 13730 13991 147431 153604 155851 159022 161524 1662 167887 169567 1712 172727 173 17975 180180 18152 18997 1917 19455 2074 208039 2098 2151 21837 2352 236694 245058 2507 25223 257497 2685 2688 2712 2730 280040 2879 314 315 3218 323 33380 376 38 382 3831 40 420940 423602 423603 434 435 445 4470 4474 471426 482 49 5052 51606 5170 5200 53030 5411 55 57 6075 6081 6686 68527 723261 789100 79 795308 797 8202 8437 9642,622
10000 101827 10340 10649 11270 1154 11694 11695 12044 12198 12738 1284 1288 1290 1336 1357 1367 14119 14875 1593 16926 1719 179910 1845 1849 1851 18841 18848 1910 1920 20531 2115 2200 23592 23852 238915 2525 2653 2683 290265 299 305737 312 314 31480 315 3293 35319 3536 376 3789 390913 40589 4076 411 428 429 4307 4331 434 435 45600 46227 48 50734 5116 60 60498 63 64 66048 6852 6893 7011 713 729 733 76126 77070 79 797 83 8437 852953 8619 87366 8812 91 93543 9404 970 9775 98963 993 9956,2022
1010 1011 101718 10189 1044 10544 10911 124649 1288 12960 129856 131077 131097 132 1347 13681 148 1480 152649 15649 1625 162846 16402 1700 17056 172 1752 183 184 1849 1864 1901 20029 203440 205862 2097 2173 2174 21747 223 227 2351 242581 24504 2485 2575 2685 2937 3034 303507 30582 323 32634 32656 3281 3329 35058 35830 3710 375 38258 3873 391 393 394 426 42752 429 445 44924 464 468 47041 4809 4934 507 52408 52411 5588 5609 56826 569485 57 5823 5851 608 61 613136 6189 634 6375 6448 672108 672109 67711 686 6882 6893 7200 7625 7669 79 80 8061 822469 83447 8487 879 9513,201
1048 112644 113595 11439 1168 12330 1237 127652 1277 132 144926 146888 1522 1530 15458 154829 172 173 1849 187 195 212342 2158 2328 2525 2530 25480 2627 2685 28318 299 307029 307030 312 3141 323 33141 3527 354 3540 3555 3710 373336 388860 43770 445427 472592 472593 5113 51711 52498 5411 54492 547 5507 5719 5877 598 602 6297 64207 6448 666 6687 68 68128 6893 69 7003 70562 740404 752 7591 7669 79 839 8437 847 861 878 974,253
106 107 1095 1159 11786 12997 131 1311 13465 13591 136105 143353 14633 14772 14789 14839 150 151 15795 1602 16590 183 187 193 19351 195849 196 1961 2027 2086 211309 212 21221 215 21561 2286 23288 235 237 239628 2530 2583 2598 2640 268 2909 3007 301283 3179 318 3180 3181 32071 331 333 3630 394 3956 4006 403 4077 42662 429 45921 464 46544 48942 490 5068 513 5200 5313 53350 5361 5502 551 572316 5772 5787 5993 6197 64781 666 676 68607 7358 7365 7448 7533 7577 7788 79 80 812 8549 8550 878 901 9438 9441 950 9589,168
10364 10587 1214 1243 13032 1336 148750 151 1740 18291 188191 210319 2115 22037 23273 2352 273 323 3271 32810 33974 343397 354 357721 385554 385801 41253 440016 440017 47949 4991 5703 57217 5768 58 608686 6482 6634 6893 7202 789 79 822 8505 8506 852561 878 901 9236 9710 9812 9902,100
10021 10177 1021 1048 106 10692 10706 10722 11861 118659 120005 1223 124051 13195 13991 14153 15494 1571 1624 1648 1658 166674 169412 17046 173 1788 1808 1816 18567 194 19456 2006 205 2061 2074 213 2173 227 2347 2349 2352 2364 2372 24191 24222 25130 2653 27573 27574 276 304886 3059 309 31 31336 315 3159 31855 3190 320271 326 3271 33366 3498 35186 3536 354 365 376 38 3801 382 39169 403 41240 4159 42624 434 435 4492 4554 458045 4735 482 4908 5140 5404 542 550068 5656 58 580 598 6002 6075 619 63 63936 64 64330 64840 68 69 70151 726 7450 7501 7560 7678 79472 822 8276 831 8437 85080 8515 8673 869 874 877 8786 879 9260 9359 9396 9450 970 9746 98338 9854 990 9979,614
10516 111329 12064 12381 138070 1421 142319 1454 1517 15836 16259 16331 16384 1714 17181 1758 1857 18841 2005 20382 2089 20930 22268 23247 23670 2465 2565 263670 27229 299682 30033 30310 30404 3114 315 323 3241 3276 3277 32913 331 33375 36761 381590 423 429 434 435 4747 47472 5185 567774 5822 5838 63 6482 702 762 79 795 8454 9029 959,1104
104 104326 1075 10754 1168 14153 151 1511 164923 172 18025 198 201 213 2213 2364 25747 26231 2670 2712 27307 301448 311 314 323 32378 3486 357 36674 38 426477 42756 46448 49 490 49031 5138 52410 6482 69 703 7033 704 759986 79 814820 8292 830 831 8547 859 86068 89025 9062 9084 9464 970,1497
10364 104 11518 1187 11910 12050 1216 12613 12885 12960 133 135 1352 1398 142417 15498 1573 1740 177 1773 1849 191541 2093 213 2163 23269 23393 2352 24357 2469 2501 268 2701 27566 29341 299 300 3033 304121 3089 32639 33501 354 3710 38 381 382 394 410158 434 435 4447 4466 44849 4562 47668 48371 4888 49 5 52893 5458 545801 5751 63 6462 661142 699 71915 7206 731 735 7677 7704 7787 79 795 80650 816 8200 822 846 86336 877 8958 9754 98240,676
10160 102 1057 110473 11078 11219 11274 11582 1215 13090 1337 1442 1454 1465 151 1523 1760 189113 18953 1923 1926 194 21459 2261 2360 2361 237 238638 24539 24541 252 267 27024 2712 2764 277188 2946 3033 323652 32634 3868 41263 429 43264 4698 48 4870 4902 4934 5156 5590 57506 5777 579 58 584 5862 5914 6093 63 6498 68931 694 7033 7448 7450 7671 7691 79 791573 791574 822 84939 859 87057 901 9218 989 995,99
1005 10133 104 10445 106 11198 114 123873 125031 1310 13101 135 151 171463 18018 1849 1897 210620 2777 28165 323 326 3276 331 33589 33951 33974 347 353288 357 38 3831 385 400941 41 42 5041 507022 5225 5442 55834 58663 589095 589096 6482 686112 6893 69487 7306 752 759 795 80 836180 8379 8397 90968 92574 9642 99940,248
10189 10225 102790 106 1130 113730 11383 1177 1200 1214 1223 123347 1255 12597 12728 128866 12971 1301 1337 1353 14343 1442 1448 1562 16220 172 179506 180 191 191481 19188 195 196892 198650 2025 2055 207 20806 210184 219226 2208 2244 22543 23215 237 24379 244542 2451 252765 25433 2685 2713 28121 295017 304858 309 31 312 314 3278 3281 350598 376 379 3879 40 4181 423 425 426 434 435 45779 4682 472153 4747 5 50912 515786 5161 5371 5389 5429 5507 5565 562549 592551 60478 63 67200 6893 7209 7522 7817 7821 78617 79 795 797 822 828 8437 8573 85865 8894 9151 9213 9236 968 97,590
10380 10409 1095 1261 1282 1301 15132 15148 1523 155607 1891 193 1935 2352 2710 2713 293073 2971 312 313596 32125 323 33469 3876 393 41253 432 434 44978 471598 48 4908 5095 5332 55419 55652 5600 56395 63 6410 6462 6886 69 7244 79 795933 89785 90683 9293,73
1021 1048 106 1095 11904 12643 132 15727 1667 169567 1710 1712 1883 19072 20156 215 2150 2157 2186 2209 226641 2286 23087 231296 2351 2363 24348 25223 2633 26521 2676 29667 30638 31281 314 315 323 3939 4058 4077 43596 4475 48498 49202 508 5985 7589 79 800921 824536 92861 9488 989,434
1016 10410 1044 105652 10625 108791 1093 1095 11532 11626 1209 1245 1310 1314 1336 13500 1422 1440 14434 1464 147880 1517 15795 177 1778 1827 1849 18571 18577 1883 19443 2047 2101 2128 2380 2547 2565 2642 2670 299 316 3208 323 3412 347 3540 3743 375 394 4029 4076 41 4236 432 4870 5041 5070 51513 527 533465 54593 56448 567272 56805 6013 6104 63 63252 686 71165 7205 7450 758 771 79 79000 831 8456 93 941 97188,379
10070 1021 10269 1033 108377 115 11895 12175 1219 1240 12891 1313 132 134018 1372 14119 14179 145725 1569 1571 165129 1685 1807 183 18985 194 2004 2174 2372 24132 2469 2500 2530 2685 2710 29667 30228 312 3141 32721 33642 349 3596 370910 3737 41 42 4202 428 428406 432707 434 435 4696 4855 5225 535433 5520 553012 55674 6024 60768 614341 623 65986 7205 7206 7209 735 7494 7770 79 80800 818272 8409 9416,439
1000 106 108815 1181 1200 12322 1372 151 1528 184 1849 194 195819 195820 195821 205 2151 21958 2239 235 249 25128 2712 27805 2873 3089 312 314 3141 315 326 3271 3276 3300 337 34198 348681 354 355 3596 38 405 4181 425 428 4389 504 51896 5225 5226 5270 5316 5485 5486 5659 5877 6195 64397 6480 6664 671 676 676887 69215 7206 731 759 7619 7788 79 822 8525 8526 8745 879 9041 99540 9956 997 998,305
10010 1021 10349 106 11265 116379 117246 1216 1237 12381 12471 131377 13734 1403 1473 1530 153438 1593 1622 165085 169752 17431 1757 1759 1760 1839 1843 18632 1872 18837 18848 194 19790 2023 2074 2086 21578 2162 2166 23269 2403 2422 24539 24540 254 2663 2670 26930 26931 27477 2764 2792 28083 28717 29033 29182 2962 299 30635 311 314 315 3278 33240 3329 36625 376 3831 40533 40534 423 428 434 435 4447 4475 4563 470 4745 477 4870 4949 5140 52820 5334 53526 5438 5442 5507 5509 556618 5594 598 5980 6087 6284 63 646 678 683929 69594 70953 7619 77002 7702 7898 79 7910 7938 797 8013 830 84274 8554 85803 901 9062 9198 9236 9482 97 9710 994 9944,516
10185 10269 104 10751 12175 12367 1250 12502 1305 151 152422 16299 16900 18086 1856 1915 1967 19837 207 2071 2097 211838 2174 21856 221650 2286 230 23534 23931 23994 244538 250914 2526 25744 26314 264608 28196 2946 29961 3033 3049 31 3141 315 3190 323 328 332 3386 3644 37 3736 375524 377951 38 39249 394 4217 422 428 4306 4433 4466 4816 4870 4994 5161 5309 5389 5424 623 63 64240 704 70887 726 737 759 7598 797 822 8411 84373 9615 9732 978 9969,122
1036 1057 1066 1082 11168 113907 12297 1246 12813 12959 12960 13280 1372 13955 1453 1581 16361 1665 17803 1807 1893 1915 1926 2074 2149 2150 22041 2244 22646 2267 23269 2410 2469 2484 2500 2507 2705 2710 28716 28717 30347 3089 3148 3187 32235 328 329 3324 3710 372614 379 381 385 41997 42221 426 42752 429 43001 434 435 4703 507 513 538 5418 5509 586 611123 6924 706 7206 7273 7306 7365 759 7721 79 80 83 8380 86 8631 9711 9944,434
1021 105 10502 106 10842 1090 1111 114 11543 11565 12496 1255 129951 1337 13814 139 1442 14646 146867 151 1514 1529 1546 15510 1563 1605 1606 1694 16972 170187 1757 1773 17947 1902 19629 20567 22164 2250 2339 2344 23510 23590 23670 2369 241698 24414 2487 25637 2705 29394 2962 3069 316 322 326 333 33761 3389 3539 3540 365101 367 372079 381 3891 40280 403 445 456629 4682 4885 4914 4934 5 50 51183 52144 52226 5272 5441 57110 5821 58404 6051 607 6089 619 62700 63 6440 677225 69 6925 701 7125 7255 752 757 79 8014 861 87 877 90 901 9062 93 9353 95097 951,156
1033 104 10615 10717 10880 11015 1172 1250 1257 1263 1359 1372 13820 14002 142195 1527 15795 1622 16974 1712 1714 1856 18795 194 2061 2092 2116 21931 222 235601 24686 2507 25345 25508 2564 26596 28785 29011 315 3165 3190 326 381 382503 397602 40134 418306 423 425562 426 426002 4657 4747 507 5138 529609 5547 5803 584 5968 6081 6093 616111 63 63970 6686 68 69927 7138 7206 733 79 821 8256 831 847 859 92972,905
10000 1006 10173 10536 10544 106 1075 1076 1095 11165 1163 11687 121979 123728 1252 13170 1337 1346 14409 1453 14615 150 151 15488 1582 15943 1824 183 1919 194 195 1961 19910 2023 20701 2074 2364 2379 2484 25695 27095 27941 28328 2884 299 2997 3141 316 326 3281 33192 335005 335006 3412 354 3701 37099 37656 379 387680 41 4127 42 42026 422 428 48 487 488 505 5052 5161 53015 53016 5427 579 586366 5877 60 607 61871 63 645886 6681 69 701 7177 7203 7365 8188 8239 8650 871 888 90 9597,212
1111 116499 12283 1243 1245 1263 1496 1539 1622 16257 1710 172 184540 184542 1849 194 19768 2024 2086 2350 2712 3027 311 312 3208 35196 38 41 42 442788 48 4854 487 5063 5120 57 5766 5877 602 6524 674250 674251 674252 674253 698575 704 713 768 79 822 8437 8527 871 879 9436,234
10070 10491 112202 11425 114832 116299 1243 1245 1263 1275 1287 132172 13352 1403 1444 1526 15677 1617 16716 1710 1712 173 1757 17808 184 1849 1903 19189 194 2025 20701 2076 2164 225015 2265 25018 2538 25652 2568 25692 2656 2769 27767 2777 2873 292393 292394 292395 292396 299 3027 304 31 3146 315 3169 3198 3241 339 354 368604 379 38 3892 40233 41 42 423 428 434 435 4424 4535 4562 464 4747 47968 4937 49855 507 5217 529174 5357 53683 5434 551 5583 561 582 5821 596 5968 59804 619 6375 67485 69 7013 71681 748 76 7788 781 78924 7895 7896 79 7956 822 83 84229 8437 901 9076 91 915 9946,792
104 10443 10514 11652 1173 117825 12257 12641 131 1311 1312 131485 1362 142371 142372 1524 15493 1617 16724 170696 172 17740 184 1849 1856 187 19106 192587 195 2042 207 22879 2493 2538 28405 2878 299 3033 3165 3359 354 35505 35682 357 38 39950 40 4015 41 42 426 4567 4964 4994 51684 54218 547 5839 63 6448 68790 7099 731 784 79 80 815 822 826 828 83 9151,3344
10070 1033 10454 1057 106 1075 11015 11106 11580 1200 1214 1245 1274 12775 1336 141 15875 1593 1594 1604 165436 16773 1757 1759 187 194 195504 196506 199543 2023 2025 2092 21605 21724 21911 2364 2407 2507 26596 26776 2685 272 274 275260 302212 322412 323 326 34141 3470 3490 35424 38 3872 3879 394 407220 41541 43039 444003 444004 4572 491279 4974 5418 5659 5877 6482 6624 67519 6968 7247 7641 782447 797 8292 83 83996 8742 886 8989 8998 93 9503,112
10514 10991 11699 11833 1207 1282 1301 131941 133150 134 135 1367 1375 1376 1380 1385 1442 147772 151 1518 151805 160620 16086 1617 16526 17929 183 1849 1851 213 2186 226266 2286 24064 2526 2549 2642 2670 26778 2701 27047 2709 273120 3109 31114 3114 3141 32 324889 326 330256 333147 3394 3400 3422 35058 35149 3678 3757 3939 41 42 426 428 434 435 44445 4447 44881 4566 4682 487 4934 5113 5506 5565 56 5684 5700 58411 5877 5882 588678 607 61155 63 6404 6450 646 68073 681 6857 6893 70207 7200 737 7712 7804 79768 812 822027 8256 8275 886 901 9373 941 9410 9506 9977,683
1066 11979 12268 12318 13086 146928 1492 1507 150809 151220 15494 15956 16238 175523 18302 1897 22157 227483 24479 24667 2530 2565 299 31509 34004 349206 36734 379 415 4378 44078 4567 4715 504 5049 51575 5419 545 5506 605768 6159 6401 647 65570 6719 68426 6857 6876 7178 7337 73792 7389 7506 759 7620 7700 7702 79971 8903 89358 93 970 9754,54
10010 1075 1093 11217 11240 113 1168 11702 1214 12350 12678 1311 13464 13547 1421 14391 14557 146 1514 1517 168387 173244 19200 195211 20592 207 210184 213 2250 22865 23472 2414 2685 2712 296074 3141 3147 323 3276 354 3555 388121 388860 40 409 4181 4775 4808 4828 487119 4907 50311 5114 52028 52031 527 531 5348 548194 5520 5603 567 5877 5896 590560 6068 63 631 6893 7003 710813 7203 735 7581 77089 822 878 8851 93981,647
10255 10256 1075 1163 116648 11681 1214 12297 1243 140881 1419 1442 146 15599 156923 1576 158691 15956 161961 16768 17281 1740 17913 180 183 19141 21313 2179 21889 223 2250 23087 23173 233965 235927 24330 24394 2493 2683 272 2928 2934 2998 3037 309 32493 32528 3328 35391 354 359 35923 36603 36604 375 376 381 382 383 404254 4089 411435 413629 4288 429 434 45181 4693 4698 4809 5028 5235 5328 5329 5653 576 6125 63 65635 65781 669 6701 6757 68289 7113 7194 7209 72391 72833 731 7409 762 79 792 81278 822 8306 8412 8423 8437 861 8630 878 89887 90897 9236 93518 971 97590,148
101295 1016 101672 104 104628 10491 10528 106 1093 1095 11114 114 1177 117853 1211 124216 1243 12975 130345 13320 134904 1357 1442 1460 1465 14709 151 151557 151558 155417 1631 16345 172 1807 191 1919 19256 194 1961 197 2047 2074 20835 209 21463 221485 2279 23269 2359 2777 290044 2997 30381 30445 31 310 311914 312 314 316 32069 323 326 3281 3283 328630 3324 347788 376 381 381830 382 3928 394 418 4288 432 433369 434 435 4432 445 456261 4747 4789 48301 4934 5411 5422 5565 559117 57091 5823 60024 604907 604908 63 63716 64485 72362 726 74054 7700 77050 77213 79 822 82983 8437 859 8632 872 87654 88767 904 9062 93687 93987 9483 9560 99087,624
100888 10134 1032 1095 11120 1146 1168 1171 1280 13194 153532 172191 1773 1845 1849 18579 1897 1903 195 209 2181 2356 2507 2512 254425 2701 3033 3114 3189 3217 323 32642 34450 354 37163 37827 394 4006 40149 44399 45344 46430 468132 4954 4955 4991 50225 507 5507 577 580 58788 6130 6852 6853 6854 6857 711358 76168 7770 79 822 8437 852 9732,160
1036 109 11465 1168 1243 12570 129940 1311 1336 13490 13616 1367 1369 1380 13991 143 144 1442 1448 1452 1807 18626 1890 194 198 2001 20531 213 2162 223 2253 233 2373 2469 2484 2500 255372 26700 268 31 3109 314 323 32618 3271 3367 3578 379 3790 3924 40349 409 423 434 4447 474 4934 5 51513 518 52188 5247 5404 54118 5688 570 6081 63 6305 6499 706 7123 751302 752 7804 79 795 8065 8141 823 8297 8630 8718 888 9236 928 959,224
102 104 104452 10544 106 113307 117958 1200 12025 121574 12194 12210 1226 12448 1248 1304 1340 13465 135 148616 14948 150 151 1511 1518 1561 1571 157210 16068 1627 166031 1719 1745 1763 184 18437 186439 1897 2010 20499 2074 20957 21375 2305 231110 23668 24519 24520 2507 25433 266295 26634 2683 2738 2791 2805 2960 326 3332 33824 34068 34069 34070 3449 35058 37411 376 40669 427819 434 435 4355 439310 453677 4698 500078 513 5138 51657 5174 5743 57830 580 5893 600512 616861 619 6440 648 666 67471 67473 69 703 739 748 7489 7498 7672 77023 7721 79 7932 7938 794318 795 7956 814145 8193 8202 8437 8657 877 88261 944 945 9637 970,467
104 10747 1122 11598 1163 1214 12193 1252 1290 1304 135 137264 14490 153126 1582 1665 18018 18075 187 1902 193 204075 205 2565 25701 268 27578 28716 28717 2878 29217 3027 3031 303768 3180 31824 3193 3328 3520 3535 36413 36625 402839 41 42 43288 434 435 4459 4689 4809 485 487 4910 506 5068 507 5123 514 51763 5436 546 5952 6284 6348 7413 7494 7620 7806 815 8207 822 839 8451 846 8510 8635 871 901 9029 914,522
106 10625 1095 12069 120898 12496 12762 130246 1360 1364 1496 1571 1694 1746 177044 17789 186967 191 19220 20053 20216 2279 2364 2437 2488 2688 273 308303 3109 3160 323 3276 328 36072 376 376056 379 38 4005 4103 41228 4183 4255 426870 4288 434 435 444475 49280 5 50164 505 508 50806 57462 619 62949 64806 6482 732998 744 75 75994 761167 769110 792 80 800 8208 8379 85102 859 8632 901 93987 959 989 997,588
102 10854 10881 11578 118 12175 134 13802 15292 18137 18723 1952 2174 22190 2574 2584 2676 268 2738 276 2777 3020 312 3141 316 326 33131 337 33875 35112 3566 381 41 4169 42 42825 42861 461 472906 4871 5 501 50698 51201 5191 5687 58220 5831 5890 59250 596 605 6094 6715 7221 729 73923 7467 7571 76406 7783 7806 84931 869 9033 9042 91000 95 97937,110
100483 10244 1057 1311 1464 14839 15413 1617 1622 1880 1921 193 1938 2033 2282 2335 24292 2465 2507 2598 274 281 3208 327238 35661 383546 385078 3868 394 40 40532 41 4178 42 5 5037 5052 50896 5138 551 570799 5719 60 6026 6027 61023 6893 69833 724492 784 90 9109 9644,73
104 10449 115271 1263 1361 13927 152807 15479 15877 1594 16162 162878 16468 16775 170427 1719 173 1736 18567 1860 193 2002 2074 2168 21756 2344 23809 26657 2683 2861 2934 302387 312 315 3271 335213 354 37249 382 395 41368 426 5100 52153 5357 547 58252 60 7003 729 733830 7677 778632 7968 8518 878 966,173
10070 104 10644 1095 112467 11580 1245 12694 1274 1282 13032 134 135 1357 1367 13892 13991 14982 1558 155894 15839 184228 1849 18848 19768 20156 2086 21202 2350 2367 2373 2451 24686 2507 2662 2663 2664 2683 2709 2712 284102 2880 298950 300406 30381 31165 323 326 3313 347 38 40036 41 42 426 43505 4639 465090 465091 49950 50802 5161 5584 569761 5721 5757 600922 6024 604 6715 6893 731 742140 74389 752 754 75402 772985 826 8380 877 8841 886 923 98238,120
112277 1134 11565 125680 1395 1444 14915 1518 1773 1820 1849 1851 20357 213 2155 223 230321 2338 235753 2359 2364 2416 2507 25644 2683 2701 2769 29933 30503 3089 3141 31741 3217 326 32824 347 351722 381 39688 40127 41 42 434 435 4699 4934 5071 50720 5113 5138 527 5296 531 5877 59729 617555 6376 6377 66730 6857 6893 7038 711 731 73113 7435 746277 7560 76044 795 970,463
107854 10789 12694 1304 1310 1320 1337 13947 1468 1523 1524 1571 184493 1845 1849 1901 1903 2023 20725 2098 21282 2335 23592 2360 26683 2685 273 307 326 350467 360285 376 3874 392 394 41 411074 422 434 438 44318 4561 5 5066 5138 5161 5228 5506 5659 6177 6252 64040 6857 6884 6893 7791 786402 80 8511 871 87571 878 886 89192 901 998,97
1007 101071 10177 10342 105933 106 10765 1080 114 1147 115994 1163 116702 118 119 12175 12563 12733 13525 13615 143 1442 1460 14629 151 154944 1560 1604 1607 1700 17583 1759 1760 1773 18591 1903 1919 1922 2074 2081 2092 2134 2174 21919 2250 2286 245860 27408 2858 3141 315 326 3272 3443 37061 3879 3962 40797 41 42 434 435 4682 4698 49068 49129 4934 49655 50 507 51198 5170 54242 55995 5603 5719 5775 5831 5886 5994 63 64 669 67954 692175 7033 708 709 7179 7203 7334 7441 79 797 812 8724 89617 91 95 959 9593 96 9736 9794 99412,478
10070 106 1076 1168 1337 1526 1529 15594 1719 18801 2081 2191 23140 231986 2437 246 2611 2663 27158 27412 2881 28860 30325 30636 313681 314 32036 326 3276 3710 37395 376 4 400 412991 412992 434 435 463 530 543556 54637 57291 580 613214 6893 703 757 762 768 79 795 8632 901 97129 9814,896
1075 1224 12512 17900 18493 192831 21225 2151 2364 24392 24989 30315 31951 328 33501 37477 392 394 4091 412695 41407 41697 434 435 4492 475820 4828 5 51027 5106 52224 5235 6185 6195 66691 7011 7358 8009 8451 877 9540 9603,339
1040 10544 106 1095 11003 11168 112394 112395 11673 11694 11695 11984 129 131255 13317 1337 13389 136418 13927 1511 1514 1517 15203 1593 16479 1736 17902 182543 183 1855 1856 1897 1903 19340 19666 201 20613 2081 2085 2115 21629 2201 22373 2450 2530 2683 2710 2816 2871 304 3141 315699 3221 323 3280 341 3412 345 3515 3519 354 359811 36625 374 376 381 3813 3819 3908 398185 39905 40 41 41263 4202 423 426 427 43216 4532 462481 49503 49518 5 504 5167 53930 54267 5436 54521 5459 5877 6456 6618 6681 67783 68 6893 69 6983 7122 715430 731 7631 763169 768 79 795 808 8380 861 878 8786 886 9041 907 9141 916 91704 9260 968 9747 99227,1390
10039 107 109214 110271 110272 110273 11802 1245 1263 1299 1301 13221 13512 1419 1526 153780 1546 16331 173 1745 17808 1849 19022 191 19327 19345 21513 2209 2357 24999 2540 266 2755 28424 28716 28717 3027 33654 35196 354 3736 37429 4808 4809 4984 4994 505 6081 6093 6985 7122 737 7450 780 781 78772 797 81807 822 826 85831 8613 8708 8887 93004 941 950 9640 995,262
100898 10321 104 1044 109 11465 11674 11681 1181 118934 11915 1207 12285 12286 12309 1282 130196 1320 133 1337 135 1448 14561 151 17411 181585 1849 186536 1883 1897 20156 20592 20964 2098 210974 212 21398 22249 2269 2335 2356 260768 2611 2685 2939 3031 310 326 354 36528 37106 37123 3865 3874 41 4164 418 42 427 428 43 434 435 4404 4475 45333 46879 4775 48 4847 488803 5095 5100 5161 52591 5266 5313 5369 5404 5571 5952 6075 61459 6221 6284 63 6357 6582 6893 7067 725222 727490 7343 7589 7625 781212 811450 8202 821939 821940 8239 8492 878 953,563
1033 1095 11168 1162 1200 1239 1304 13287 13537 1421 143622 148273 1496 15971 16219 191 191476 210 215 22048 2292 2380 24893 2685 2694 2797 29403 295378 31 312 323 323239 3701 37656 37657 391 392 39661 4575 50631 6189 63 676 6893 6957 7791 797 80649 81463 823 8292 8380 85332 85957 86332 8957 9484 959 9861 9988,153
1033 104439 106 10669 10777 11072 1111 11535 115474 115476 11649 11773 1191 11913 1245 12513 126186 128033 131258 138163 139919 1522 15431 1598 1653 1700 18043 193824 19455 20481 205 2055 2098 22543 22879 24338 250 251656 26836 2712 2820 299 31964 323 38342 405 41 411 4159 4169 42 43464 443 4563 46266 4661 4675 48799 49 505 507 546 6069 63 69 701 762 7669 771 787 7881 79 794559 794560 795 797 8233 8774 8791 8886 9200 941 94536 94538 9640 97167 974 98194 991 9956,83
1044 1076 108441 12028 12030 1255 12776 1310 135 136905 14708 147333 1536 1562 159312 172 175476 177 1849 1857 187 1891 189953 189954 1902 1923 2056 206 20651 2086 213 2134 21597 21690 2174 22018 2251 225737 2335 2357 24207 2528 259377 2685 2701 2723 2726 27307 274 281437 29933 3089 312 3217 3255 3300 333 3540 38 381 3880 4090 40915 41 41253 42 423 42996 434 436745 43717 44517 4453 4934 49598 5 5049 5071 538780 54394 549969 64 68 704 729 748 79 795 79741 822 830 859 878 90 901 9273,327
11170 11249 114857 1240 1243 130935 136958 1419 1422 1442 1454 14900 168780 17737 18252 1860 1896 1903 2075 227 230 23269 237 2381 24698 24866 2530 25692 31 317801 326 3320 3349 340586 34163 347 34767 365 36526 4215 43 43659 43900 445 4934 507 508 5086 5145 518207 5201 545 5509 56546 6189 63 6372 6456 6543 72799 737109 751 757 8141 822 8276 8297 85887 8829 8998 9710,151
10134 102675 104 10902 10943 1095 115924 1181 12758 1282 146 14614 15053 1773 18848 1897 1961 20429 209 2250 25223 29548 2962 316552 328826 331 332 354 35482 3670 36993 379 3966 4043 41 42 465832 5066 5091 51881 527 54217 5727 5808 602 6377 6473 7374 757 7711 795337 795341 79949 8193 83 901 9140 93 9745 9861 9867,110
10134 101729 106 1095 1171 117540 119 1211 1216 1243 125076 12664 132386 13320 1347 138 14065 1448 149249 151 1659 1856 187 191537 197 209 2157 218828 2232 2286 232316 249277 2670 2685 2796 285819 285820 285821 29471 3027 314 317791 318077 321685 323 326 3275 3281 33141 34134 37301 381 384792 394 39919 41 42 436 445 4516 46412 467 4730 48301 4862 487 4907 5028 504 50640 507 5074 5106 5127 51742 557743 5581 562933 577 581268 61994 63 65 66 7209 7520 7625 7804 7806 79 800 8528 859 877 886 8928 90674 9245 93 968 976 99330,337
104712 10748 109 1172 1212 1243 1311 1358 151 156325 1744 1758 18025 183 183397 1880 1961 198170 1983 1997 210 2115 215 2187 23775 253832 253833 253834 26056 28716 28717 29445 3189 323264 337 3519 36374 3649 36625 3701 4076 4158 41704 422 426 429 434 435 45681 4649 4816 551846 56616 56617 57 57627 58 5899 602 6226 63 66939 69 748 762 9746,405
10502 1060 106491 10806 1095 1115 11440 1168 1215 12538 127694 13194 13317 13397 1347 139 13922 139481 141755 146 1460 14983 1530 153877 15570 169567 1719 1736 1761 18108 18158 183032 1910 1971 19924 2025 2062 2105 221780 223 23134 2336 23457 2361 2431 2469 247 2484 25695 261489 2711 27966 2816 2870 299 300 3055 3190 319876 32239 323 328 33515 339147 339148 339149 3518 3602 37182 372 39483 3954 3980 399591 4006 4076 425418 434 44789 44791 465819 4855 4908 4999 507 5273 570098 6051 60745 609 62479 64038 6417 6549 726695 743 772173 772505 783 793 795423 797 812 8306 841659 841660 878 8825 9483 9585 9857 9880,135
10076 102 11598 11610 1233 1248 12725 13019 1304 1453 1604 1694 1707 1744 180357 1919 209 2115 213 220 2286 24471 2838 314228 34303 394 40 41 42 425 460 4727 5890 63 6450 6578 6893 756474 7641 79 797 7970 81964 8203 859 867 89217 9504 9746,214
1015 10544 1076 115085 11509 116896 11864 1216 12193 12497 126 13178 132 1372 143 14559 14749 1522 16412 16523 16986 1736 17515 1763 181 183 18626 187 19366 2035 2074 213 2149 225 237 2462 2469 2500 2698 2710 2730 28762 2909 3008 312 314 315 36580 36581 36582 36583 376 382 392 4022 41 41319 4184 434 438 438786 4398 4475 4498 47742 488 4910 4937 4941 4959 508 52040 5228 53678 551 5681 5821 58251 5871 598 60707 63 6509 6884 7102 7204 7206 7456 75847 772 7806 79 797 80 8098 8397 871 944 97198 98,206
10160 10198 106 1175 125764 1320 1372 1385 139 1421 1454 1460 14732 151 15458 160577 16158 164335 17034 177105 1843 1849 195 19863 199906 2074 2098 210042 2107 215 215623 2335 2352 2356 2359 2361 2500 257452 2685 2713 27501 2881 29113 29341 312 326 3281 35443 35674 3744 3757 376 381 382 3874 41584 420250 423 474 507 5158 53958 545757 5502 57 6634 66812 6701 67034 6893 69682 708019 7206 729 758 79 8379 84716 878 886 959 95950 9630,229
106 10645 10748 109151 120026 12507 12960 131 1320 13535 14339 144882 145399 154585 1569 16138 16815 18299 1849 1851 194 2018 2023 2098 223 22634 2335 2352 23520 2534 2670 2685 2751 276219 29394 30458 31 314 316 3165 31888 31961 324903 34957 3541 355 3710 37301 37992 38 38258 398194 403019 4065 409709 41 41296 41407 4181 42 423 434 435 4570 49 5443 57295 6389 6448 646 6893 737 743 762 7806 7898 79 84896 8586 878 886 8989 92420 93 941,420
10134 104 1044 1048 10719 10754 1290 12947 1336 1460 1560 1606 1608 1623 1627 16566 1659 18038 1813 194 2002 2018 2035 2194 2231 2250 2253 237 24036 2685 28165 315 3255 33210 33213 3879 392 4090 423 434 435 4998 5007 5228 5313 5581 5654 5722 5877 58945 607 6130 64 65063 66 6852 69106 7325 734 7519 79 797 808 831 8340 877 901 90488 90679 94354,515
10189 10202 104 106 1075 1095 10964 113725 1183 12174 12175 12573 1282 12960 1302 1303 133 134 135 1357 1370 138682 1391 144459 145709 146 148 148258 150 1514 152113 15795 15925 16476 16859 1719 172 1736 1763 177 177782 183 1849 1980 19902 20170 2174 2186 223 2360 23689 244381 2484 252820 2685 26998 274689 28716 28717 29590 297367 311 314 3208 32640 3280 3289 3320 3411 354 3710 376 38 38258 3873 40 403 40518 41263 426 45921 46180 46430 46931 4789 4802 494303 51780 551 5565 5654 59155 5989 603201 610412 610413 610414 610415 6173 6221 6237 631 6448 654168 673416 676 6853 6893 691100 692369 70789 71654 726 733 734 739 751 7521 7547 79 795 8256 83 8397 8502 859 9193 93 9642,380
10199 102 1048 1057 106 1065 11010 113598 11565 1163 11897 1211 1214 12445 1301 13077 1336 13786 1422 1570 17159 1719 1740 1746 177 18308 1892 18970 191 20429 2086 21007 2250 2352 2685 28386 291325 3027 3033 312 3141 315 382 431 4432 488888 49 4934 5167 56 57 5719 5877 5910 60 61 6211 64 6404 65156 69 7203 7835 79 822 8437 94389 97,418
1010 104 106 116682 1243 126398 131 1337 135 1460 1536 1953 215033 2157 2193 2213 22908 23194 245785 245787 2507 2519 256563 26962 2701 3007 30171 3027 309 31 3114 313077 3172 3189 323 33149 3412 354 36813 38 3831 400 41394 423 427 4432 451985 4566 4587 4696 4724 55340 582 5823 598 60 602 6085 63 64 706102 706103 70666 752541 79 8535 9643 97 972 974,211
101827 1033 106 10619 1095 11366 11580 11808 120945 124981 1296 13 134438 1447 14983 14998 15086 15207 1523 1625 1736 1777 179478 180 1801 18425 1856 186151 205 2055 2063 20957 213 2200 2382 24523 250 2500 2541 2662 2663 2664 268 2688 2719 27576 27806 2858 290731 2924 299 300559 3114 31165 312 316 323 328 33283 33672 35319 354 376 38 381 38661 3892 392 394 403 41925 428 43929 4404 44240 4434 4502 45600 48 4934 508 50802 51413 519519 5228 52425 5721 58 5840 59568 6002 6051 6222 64 6693 6852 71849 73117 743 7465 752 7847 79 7968 797 80 842 847 8540 85543 85544 877 8812 8838 9680 9735 9794 98961 98963 994,292
10317 104 10535 1066 109 11012 11425 11865 1240 12999 13058 13389 135 13500 1480 14998 150 15060 1526 15383 15757 1633 1712 172451 178789 18335 1849 18567 18952 19441 2027 20282 20413 213 21618 2168 2282 230 2360 2381 2541 2622 26684 2705 2769 2796 2962 299 314 315 33674 354 3596 376 383 41 4184 42 426 428 434 435 4559 4696 4868 4907 4921 504 513 5803 59391 6017 6089 6093 6278 63 7206 726 7627 774631 7788 79 7956 7973 83053 833 8557 87 879 89217 9266 93 9746,573
1033 104 106 1075 11446 1159 1160 118 126569 131302 133 135 1357 141453 14379 14549 15871 159942 1622 17415 180 198 2092 2364 2369 2372 252 2534 2642 2710 2712 27259 29033 297791 31 31556 326 33366 35806 358939 36841 394 40458 41253 429 4324 4502 45856 4739 4929 4934 507 5106 5502 5577 56320 57427 57541 60 6105 63 6658 668509 6701 6886 75052 771022 79 8202 82825 879 93185 945 9554 9650 9775,191
104718 105527 1095 11064 11221 1304 13317 13549 13946 142291 14755 15241 15458 156969 169567 1710 1769 194 194150 1980 2081 2115 2182 23 23274 2336 2426 25223 2659 26638 323 3647 3737 376 382 391 405 4118 420 425 428 4288 434 435 48 4867 6157 63 6313 66 68190 7209 737 76074 768 8437 846481 847806 86371 89928 915 944,736
10005 10164 1018 1033 10338 104 11450 11913 12681 132 1448 148 1496 16138 1734 1755 176714 17896 1803 183 1880 1883 1890 1891 1919 197 198 2098 215 2200 240400 265258 2712 274014 28 2896 291299 299 3033 312 314 32226 37301 38 3872 40743 42130 427 429 434 435 441718 4432 4809 4934 507 5113 537712 5577 61 63 631 64 79 797 822 82725 8746 8989 9066 9404,422
1048 106 11170 11913 1200 132766 1345 146 1561 1659 1719 173 1739 1757 183 2014 201954 20258 2074 20930 22246 2451 25 2540 2692 2713 28961 296359 304 311 3141 316 325 32619 3412 367 38606 387886 39115 42062 43168 44978 4935 4994 5049 5113 56131 5698 61 631 6382 6383 64 6531 754 756 79 792 797 80 8171 826 8268 8386 8437 878 89768 9013 923 97169,151
1048 111795 114 11518 11664 1179 1200 1243 129 12960 1441 144459 144460 151 1517 1526 1581 16716 1752 1763 1807 183 18338 18352 1849 194 195143 215540 215541 2479 25 257052 2683 27275 27276 27755 2778 2826 2871 28716 28717 2971 315 3197 32239 326 328 3281 3283 3317 332 343 3490 34957 354 355 359 36625 3710 3954 39602 438 4432 4809 507 521717 52559 527 5458 5506 59788 598 614421 63 631 666594 676 68855 6893 701 723437 726 735 74377 750 751 752 758463 7791 79 7946 819 8374 8505 85221 853 855037 861 88701 9266,507
10341 10431 10450 106 10867 1168 12960 1312 1372 13802 14386 14759 14959 1561 1570 1573 167713 167714 1712 172 1816 1849 185212 18824 188893 188894 1896 19021 193150 194 19489 195211 2174 2186 223 226944 24010 2469 2685 2851 2988 299 3089 3141 323 3272 3282 3391 354 3555 35566 36166 36625 3710 381 38258 38724 388860 393 40028 405 4091 41 42 4288 434 435 43714 438 44553 44555 4513 46825 4934 508 5138 5565 5621 5877 59381 59383 60 60687 6087 63 6448 6462 6881 6882 6893 7003 702594 703 704 7374 7625 76267 768 7721 7788 79 8366 843480 856461 8630 8852 8989 8998 901 9182 9416 97,746
104 1040 10448 1057 11499 1160 1162 11915 12322 1243 13016 1304 1311 13388 13834 14507 15067 15132 1518 15204 1539 1568 16091 1627 16513 1763 17788 1849 1855 191 19103 19109 1918 19341 194 197 199 19919 2092 210 21459 215 2201 22413 23117 2489 2633 2688 2713 2730 28076 290935 3027 302820 3141 3249 3271 3278 3432 34519 3487 3498 354 35747 36155 37214 377 3868 3873 391 393 39749 39750 403 4063 41 42 4247 43096 438 4698 474895 4941 4959 5113 5115 5402 551 5663 57567 5839 598 5983 60 6382 6886 69 69188 69423 71654 731 74065 7441 757 759 77041 79 792 7946 797 83 846 86566 877 901 953 9747,411
10076 1033 1067 10766 11059 12064 1243 12858 131 13388 13692 15007 1525 1526 1529 1536 1573 1585 167816 16785 1710 1719 1726 177 1807 1816 183 1849 187974 1903 191 194 19768 2023 2057 2086 209 2286 23366 2338 2360 24496 2583 2663 2957 3015 30534 331 35298 353 355 386 3876 4006 4077 41 411577 42 423 426 428 429 4908 5167 529224 56731 6377 6550 676 69081 729 736994 751 761 79 7946 795 82362 86 87203 925 9266 959,341
12175 1517 17902 2164 2174 22326 22590 22747 240229 2547 261356 2685 2701 27360 298924 309 312 314 3141 3275 328 37558 38 41 41997 425 430411 464 5614 570 5831 5999 60 602957 63 6687 6893 7334 768840 7783 8380 8801 8882 9062 913 9237 970,243
1075 11214 12447 1245 12960 1301 1359 137169 140463 144329 144890 145444 1517 1659 17884 17926 18202 1849 18893 206470 2069 22084 223 230 2360 2364 2429 2525 2685 2698 2710 27566 27767 304121 360 370678 3710 373 376 381 38258 3867 3879 394 4009 42158 4324 445 48827 49 49458 507 5227 550642 556842 57 641098 6448 654 672 6757 748 7532 773 7802 7804 790 8251 8425 94 9657,69
1021 102444 10624 10748 11651 116896 117218 1214 129145 1367 14387 14536 14745 15182 1524 1537 15498 15807 180 18223 18483 1849 194 2080 2201 23269 2373 2500 258082 315 32331 326 3271 339167 3647 376 378 381 382 4068 41366 41989 425 43737 4917 5007 51538 5327 53656 5452 55827 5722 60707 6221 634 681 686 733835 7551 757 7870 788 79 80987 81745 8208 830 838 8520 878 9488 96086 96513 9721,186
10074 1048 106 111408 1154 1174 11944 1200 12381 1246 1275 129092 132 13425 13473 1360 1525 15304 1622 16269 1807 18669 188567 18951 19159 194 19896 19897 205085 2063 2077 210 2115 213 2141 22514 22928 2500 2604 28716 28717 2879 2946 3132 3280 3329 3412 3441 346563 355 36625 3743 45417 4605 4606 4655 4730 4992 51367 51657 531 5381 5591 5621 5624 58245 62059 6297 63884 6447 647337 672250 70 703466 7122 7197 7223 79 83 878 901 9611 971 974,83
10119 104 106 1095 11137 11383 11575 116078 11619 1168 1174 1245 1282 13303 1337 135 1372 13927 1464 14733 15772 15795 15895 160915 1622 17181 1773 17788 1935 19381 20539 2134 21574 2488 261473 2663 2665 2688 28375 323 325 331 332 35278 352987 35362 3539 354 355 35675 37953 38 3872 40013 402 403 41 42 4418 4662 4698 50473 530056 531148 5402 546 558328 5588 5591 57187 5775 6255 63 6452 66110 6635 6857 694 701 7206 7441 78272 79 792 8200 8202 846 850 86907 877 8848 98047,107
1003 10177 1033 10365 1048 10644 1093 1168 1243 12447 1263 1266 128530 12949 1301 135027 141336 1441 1450 146991 150 151 152697 16269 16573 1719 1763 18067 1808 183 18425 1856 189145 1930 20036 20382 207018 212 2142 21558 220 22200 22246 223 225 23255 235099 23918 24040 24704 2484 250 25075 255334 2653 2685 28070 290629 2946 319572 3222 323 324069 328 328201 3298 3403 3508 354 3540 367 376 3873 409 41039 42 422 426 42657 428 432 43336 43450 446656 4540 4828 4907 5016 521453 5257 527 529347 54149 547 5522 5603 5877 595764 606 60763 63552 63553 64 701 70150 72269 731 7443 748 752 757 75855 77151 79 8029 8082 812 8239 82640 8515 8632 9196 9273 9298 959 97637 9775,235
100392 102 11749 1216 1301 131 1320 13777 1403 14890 150 151 1558 162776 174507 1788 184 1849 18544 1880 20170 2074 2098 2131 22517 2335 2364 2507 25907 2685 2861 31 312 3144 315 3165 3255 326 336719 365 36763 376053 37796 3874 3876 3880 41316 428 432 434 435 44 4434 45564 463 4994 509484 5301 53565 5502 5654 60 62092 64 65479 6878 6893 69763 71406 730234 7547 762 784 79 8054 824 8437 8443 8777 878 925 928 9380,483
1007 104 105578 11048 110646 1147 1163 128809 133 135 1367 138279 13966 146 172 1757 194446 207 2200 23983 24660 25622 262412 287727 31 323 3255 326141 32915 33974 340342 3757 432 4389 443771 4648 4934 5049 5161 523589 5404 547 579312 5890 5891 592642 598 60 608625 60963 62723 64 6482 695113 70 71044 79 797 855420 859 902,129
101098 104 1040 1095 11364 1155 11596 119232 1214 1266 1367 1372 1511 15734 16690 1689 169567 17058 17232 180 18331 18367 1845 1849 1851 195 196028 1967 197 198 199 200 20101 203586 205 206 207 22247 23361 236 2467 2469 2500 25223 252834 2641 2685 276 27675 29341 29825 312 323 3338 33407 3367 3701 372293 381 382 421384 423 426 435 438 443 45463 4597 463 50880 5138 52803 542462 5565 5570 569613 58545 598 60 609482 62092 6214 63 6473 69116 701 7206 7209 729 757800 79 790463 797 8045 819 849 891 9237 9287,798
105178 1067 114 1245 1320 14185 143 151 153159 15446 15447 1759 1760 18025 1807 1849 18602 186292 1920 202799 209 2098 2250 228576 2335 252 2685 276219 27670 28973 2979 3124 32363 3498 3578 3764 39212 3922 405 409709 42028 425 429 43 430 434 4809 485203 485204 485205 4870 49 4934 496452 5289 5414 5525 6002 6252 63 66 6694 686 69 7677 781379 79 819200 8231 878 9794,181
106 11113 11115 11706 121 1216 122 1243 1255 1282 15207 1562 1763 1897 196 2056 2151 2267 230 2538 28995 29746 30619 3114 31552 32197 32301 3255 32692 328 3300 3500 354 36017 360946 366051 38741 394 41653 42250 432 445 4562 4648 4897 51354 58 60 602 6238 6284 63 64 7067 72322 762 77691 79 80 822 834 859 8727 889 890 91 93430 9597 96 9977,128
10104 10251 104 10783 10822 11412 1245 1304 13226 13261 1337 14391 152209 15940 1712 172 17270 1849 18507 1851 186 198 199 2023 212971 22254 22865 230 23252 2344 239378 2416 242504 2500 252744 2683 27637 2777 314 315 340693 36625 376 38 38008 381 382 4091 4159 426 427 429 45017 4587 4937 5 5405 5422 5509 57 58497 59551 5989 60 607 63 64 656299 704 71031 7113 7288 768 79 795 797 8525 8526 8573 859 8605 8646 91 9710 9745,116
10380 1095 1181 1214 13785 1745 1773 183963 1897 20523 2151 226 233492 2364 241032 263907 266 2971 3218 323 3320 34661 354 372659 3738 4127 434 435 46066 4910 5763 6221 6457 6482 6893 79754 822 8454 901,887
1 1007 1048 1057 11187 11600 1211 12694 151 1622 1625 173 1757 18108 1976 205 2074 2115 2251 25614 26778 2769 2934 30299 303110 314 315 316525 32549 3255 32917 34393 376 40 434 435 4383 4639 4715 4812 516337 5486 5565 5653 59452 60 6169 63392 6401 642655 70975 7160 7490 7609 768 7895 79 798958 842 8437 878 9034 992,482
101108 10134 102 1033 1075 1095 11957 120168 1243 1263 1337 13465 13531 1367 148 1529 15459 15795 165032 17417 1849 187 19060 2005 208771 212196 213143 2201 22165 2364 23850 25223 2538 25599 263 2701 288752 31 3109 3114 3141 3159 3281 3282 332810 3412 354 3620 36263 3701 5052 5106 5117 5138 52705 5404 5506 572982 5808 581810 5877 602 607 621841 6701 7250 731 7625 7678 7804 820612 821 822 90503 94506 9747,195
10599 10605 10615 10622 10648 10950 110199 11575 12335 1237 13966 142 1523 15460 164876 173 1894 197 1973 198 2023 207391 2115 2130 2252 226424 237 2500 25721 25747 266 2685 2712 2805 2873 303493 31 3114 315 316 335170 34636 350030 3966 426 429 435 4432 445 4558 48 487 49381 4959 505 52562 5419 584 60 608 6195 65271 6853 6854 71681 72640 7596 7854 79 795 821 842 843 8887 901 9011 9539 96 972 987,212
1 102 1033 1040 10669 109 11565 1168 11913 12408 12794 13 135193 135194 145 1518 155168 1769 17916 18034 1952 205 2060 208 2082 221372 22564 22882 23269 2356 23765 2407 24820 25141 2659 2701 2769 2805 28641 2962 323 32708 354 3648 376 379 38 382 392 40049 41 42 4260 43609 44404 45312 4554 4857 49 49111 49353 493829 5041 5115 5161 527 5418 5548 574 63 6310 6439 6503 683 686 6934 7231 74381 7505 778 7900 80 834 8549 8557 856181 8645 86737 901 93 93567 93568,370
1 11563 1163 12236 12514 13 13335 1337 1421 14334 14578 146 15086 1514 15151 157406 1593 17545 18037 1857 18848 20366 2074 21397 2168 2209 22413 2292 24707 2541 25795 26550 312 314 315 326 33576 337 339 34680 3534 3757 381 382 385 41266 4217 434 435 442 5309 53170 5508 5604 56238 614205 63 631 6853 73500 7499 762 7620 7631 79 8437 857 8670 874 9062 9287 95873 9947,379
1021 105 11694 119254 122859 130598 131417 13644 141033 142244 1523 15296 1571 161157 164373 17454 1813 184035 18425 18486 1849 1870 191 19567 19768 2074 2086 2092 215 21777 2250 2251 225200 2364 237309 2376 2420 2653 26816 27913 2816 3031 30371 31 316 32097 32549 3272 35601 3621 37549 376 382 391 41 42 420 43172 4404 44826 4682 48 4828 4845 49075 508 51133 5249 5508 5614 5785 5821 6024 64 66 664008 69 702 70892 73928 7519 7788 79 819 825 826 8437 89399 901 9327,118
1010 10112 10495 10499 10565 10620 10657 1086 1090 1095 11115 11406 1163 11674 1175 12564 1257 12656 1288 13713 137453 13927 14703 1472 14794 1522 15895 1625 18158 186263 1962 1986 2025 20491 2076 2115 2151 2240 2266 231 235 2483 26668 268 2683 276 27717 2796 2909 29499 304 309 316 3176 3276 32972 335376 355 35736 3704 3738 3812 38148 386 391663 39302 394 40 4051 408 4181 43 434 435 48 502795 5049 507735 521379 534 53791 5422 5452 5467 5663 568742 5768 5784 6169 6294 6719 7097 713 726 7361 7575 7870 79 795 8235 8366 8437 8528 8825 886 93275 9528 98676 98677,668
10321 1036 1057 106 1066 10916 11384 1181 1214 1216 123723 1270 12810 12960 13228 1336 13409 143 144890 144891 14785 14839 149059 1511 153338 1563 1604 1606 1608 1609 172468 173 1773 1797 183921 1849 1897 20411 20677 2130 216313 2186 219768 2198 2201 2209 223 23269 240831 2485 2538 2620 2638 2685 2687 2694 274 2787 2796 28294 299 3141 3158 3217 3238 3321 34957 3540 355 360 362 3710 372434 377756 3789 379 38258 391 394 40 4072 41 414201 414202 414203 41957 42 43 4597 46097 471762 4809 490 496 50 5074 513 53660 5429 551908 5577 5719 63 6448 6893 7210 7470 76 784 79 800 8397 901 9273 9685 97,835
10070 1029 106841 1095 115271 124396 1282 1320 1367 14162 141759 15939 1604 16725 16790 179977 180 1849 1902 194 2098 2168 216842 22456 2335 24527 2479 2685 281891 2859 2978 301264 3109 312 323 3255 326 3273 3324 354 35443 36712 3874 408880 425 428 434 435 46810 4696 49 4936 5045 5367 540521 572383 574816 607 6130 6252 634 63540 638 64 6423 645102 68005 6858 686 6893 70 712132 723998 731 7499 7641 7728 7804 787845 788466 789868 79 797 798 813200 813216 82260 82264 878 91246 918 9258 970 9775,469
102457 106 1093 11006 11246 114 1168 1181 12289 12322 123709 125293 130 1320 1367 142319 151 155844 1612 166644 167354 1694 1849 1897 1938 19573 2098 2187 22074 2232 2335 2356 2685 2871 297756 299 304 323 326 37394 379 409 41 411074 42 4288 445 4478 44867 45703 46878 579 5884 6156 6159 65351 6893 7101 782469 7932 79949 808793 86448 87 878 89 90787 9090 91,453
10071 10160 1040 106 112201 11667 11719 1181 1253 1299 131418 1336 13962 1417 14391 14949 1514 152013 1571 1604 16468 172149 173 175151 17896 1813 1897 194 2023 20453 20501 212 21236 2174 2200 2201 221260 244184 2500 250570 2711 27983 3027 309 311 312 3141 3271 3300 331 354 376 38 381 3872 40851 426 42915 432 434 4432 4575 49202 492434 5106 5116 5181 5459 5507 5653 63 6382 66196 6882 6893 703 7501 7519 757 76447 79 821 822 859 9236 97503 9956,446
10036 104 106524 1095 1130 1313 135 1442 1454 16287 1694 1719 1849 189489 223 227 230314 255079 2570 2663 2664 277192 30254 323 33013 3324 333 393 401905 401906 401907 443767 451464 451496 494427 50802 50854 5250 527 5442 581089 586527 586528 608 6147 63937 647421 6886 694 72461 7355 752 767363 7788 793 8443 88195 9266 93 94978 9680,85
10114 10364 10365 106 1095 1177 11920 119546 1243 1311 13150 13485 15460 15807 16513 1712 1745 17798 181 187 18817 191 19188 19858 2023 2092 213 235 2352 23813 2541 2662 2663 2664 2724 273741 2774 299 30549 31165 312 323 329951 3300 34432 3505 354 35496 382 38456 39954 4118 4448 488 507 50802 5181 5313 5346 5502 55137 6089 6365 65 6893 734 740165 740773 7465 7507 752 759 787 79 8187 822 823 826 840 8917 8989 913 9266 9353 9563 97 970 9711,240
109 1095 113595 1147 116 11605 11651 124941 12496 1253 130969 131 13292 13439 1367 13873 142 1441 14513 155 1554 1562 1714 18106 18674 187 188910 1903 194 2035 2097 237326 243188 25075 26015 2663 2664 26778 2688 2879 28893 299 31165 323 333 337 354 3540 357 3596 38 3885 390587 425 425161 451464 451496 47214 4921 504 50802 512 529 577 59263 6893 70523 720127 7244 738939 752 79 822 8573 877 878 88243 88244 9273 959 9680 9879,469
1021 106 10692 11207 1211 1243 125943 1296 1301 132156 1336 1337 138 14153 151 1526 1571 16901 1849 1903 199968 205 2086 213 21605 237 2379 24087 2413 243205 24341 2683 2709 2729 314 315 323 328 3317 354 37766 38 3801 393 4217 423 428 432 4324 46145 49966 5225 545 57395 578414 59564 6024 631 6337 64101 6449 6857 6893 7099 72879 76 762540 77559 7788 7846 79 795 823 831 8841 88626 89122 9245 97 970 9956,696
10177 1095 116266 12322 1367 186967 2093 2098 23871 2500 2685 274 3109 3114 323 33366 403040 41 42 434 435 4558 487 608 647808 6482 656693 6853 6854 726293 76792 7804 784 839239 879,490
1048 105619 106 10769 10856 112652 1214 12944 143 1465 151 1515 1526 1561 1571 161983 16361 17024 1719 17645 183 18794 19188 215835 23269 2455 2469 2538 26855 2688 2692 2710 273 279 3033 304 31 326 331 354 356884 38 3892 3954 40 40524 41 412199 41545 42 433647 45084 45564 4561 47322 4808 482967 4885 5 5200 577598 579 5957 607 6531 661 6686 731 7501 754 756 7806 788 80 822 8645 9438 989,124
10278 10357 1048 10491 10622 106223 11159 11167 11446 12490 1282 12827 12975 1304 135953 1367 1372 1460 1582 16006 1622 177 1798 180 1827 1849 1902 190922 19133 194 21282 213 23273 23274 2356 24089 2484 2500 2683 27172 2879 29164 29309 314 3165 317801 354 36374 37194 376 3800 392 394 39576 428 43 4475 45220 4855 4934 49668 50600 5091 5206 5225 5502 5506 5579 5718 5724 5882 598574 60 602 6172 6255 6423 652582 6646 6888 6893 7206 731 735 74 753 7791 79 79765 8020 82206 851 8978 901 9488 959 970 9746 9977,461
10202 106 10794 1080 11015 111 113 11425 11497 1154 118 1214 1218 1219 12299 12529 12734 130374 13136 13159 13237 13238 133 13394 13689 1394 1406 14408 1442 14516 14549 146 150 15295 1571 16331 16706 17159 1719 1735 1736 1758 17746 1824 183 184 1849 19033 19172 194611 204065 2063 2081 2089 2339 2361 2364 237 2401 2407 2429 268 2683 26957 27070 271980 275161 2805 29848 3007 30559 3141 323 32511 32532 326 327646 327647 327648 327649 3293 339 33982 34091 376 3954 39833 40 40127 41 42 443 4460 455 464 476082 48056 4934 5028 5114 5181 527 5411 5429 57368 580 5877 5891 5968 63565 6531 6904 701 7019 711 7113 717 7283 768 7856 7973 8200 8202 8207 823 8257 827 831 861 8670 9121 923 93 955 9721 9826 9995,182
10091 1016 104 10472 10548 10621 1066 118143 1216 12448 1357 1421 1452 1514 1517 1694 1710 1746 1761 1807 195 19956 22127 2232 22326 23461 2726 293301 3367 354 375 376 3880 394 40658 41 42 428 486 507 5170 527210 57 5823 598 5983 60 6189 63 64208 6488 6568 6687 69 7509 7625 771 79 808 8704 8771 90 9488 966,214
104 1048 1076 10931 110835 1214 12331 123402 1243 134 135 13927 1442 14531 153193 16724 1719 1757 184691 193 194 204183 207 210184 21716 2279 229687 23269 2507 2685 270681 293244 323 39445 40 4181 4245 43035 48088 4855 4934 4935 508 5341 55708 560699 602 6482 657748 6893 69 69917 702 770 79 795 79907 8141 8290 834887 83925 85579 8573 859 901,521
10089 10413 10445 10611 1090 1263 1275 1282 1320 13201 1336 13465 1364 137069 1402 1648 16787 1857 1897 19060 1942 195 19935 2027 2086 2098 212 231 231296 237 251963 2704 2713 2730 274 2769 2851 30029 331 33822 354 35441 36125 3757 3831 41 42 425 4271 428 434 435 443 4573 4662 46736 4808 492000 5140 53754 5581 5610 5611 5890 60 6189 66979 7113 72825 731 737 79 79904 8193 8212 822 836 8398 8437 862 8654 878 9153 95,632
10078 10134 101786 104 1075 10805 10806 1177 11965 121478 12204 12785 1301 133 135 1380 1498 1519 15757 15980 1734 18185 1856 1880 20308 209 2147 21828 231728 2355 2356 23813 24454 24579 2469 24707 2479 2500 25100 26700 2798 2799 3037 31 311 312 314 316 3367 36798 38 394 402 40552 4152 42 42130 423 445 453274 4570 4696 4743 496 507 514617 527 5472 56569 574 5862 5884 6052 61 63 631 64507 703 7494 7520 79 7900 797801 8276 84416 84417 84418 876 9048 9061 9062 9237 9252 941 9810,95
1007 1016 102 104 10443 10502 10662 1075 1076 109484 11274 11710 11968 12194 12257 1228 124910 1301 1302 1303 1311 13244 133 13384 135 13556 14834 14835 16592 172913 1763 18577 19568 20540 2187 219 21976 2201 2209 2364 2380 2404 2528 27467 299 3033 323 3329 338 360150 37610 39852 40801 425 434 435 436401 4564 4739 4934 49381 507 508 54400 5502 5506 5565 577 5821 5973 6428 666716 66819 69918 7231 731 734 7450 749572 7520 757 79 797 80 815 822 93 945 9608 96869,485
10491 1073 1075 11860 1263 1282 139602 163 16565 17342 1827 18594 187 1870 1892 1926 19924 2004 2005 20523 206763 213417 2151 2164 225594 23095 23199 237 25043 2564 2565 26104 2707 2807 2896 2909 3008 3031 30388 31 328 33858 3460 3469 367 36886 379 38 41 42346 4305 43487 438 464 4730 4857 488 4959 4995 5 5007 5049 507 556589 5683 5684 57 57492 63274 6358 666 731 734 7488 7666 7806 83153 851 93924 98 99 9977,64
101 10255 10256 10391 104 1040 1048 105619 1067 10983 11217 11268 11577 11596 1181 12204 12317 1282 130 131940 132 13276 13388 13485 14119 14435 1448 1450 146 147289 1518 1570 1705 1712 1755 17711 179 183 1856 18915 1897 19035 1923 2040 213 2162 2174 2179 22126 22428 2250 2251 2282 2286 23256 2372 25711 26201 2685 26916 3026 3033 3141 31419 3170 3300 343 354 35430 376 378442 379699 382 3876 393 41 42 421203 423 42324 425 426 428 429 434 435 44041 45219 45707 460 49108 4934 5235 52699 537452 582 5985 6002 63 6557 7519 7783 7809 79 822 8256 8297 8380 8630 878 90357 9404 96 9746 995,652
10431 1048 113 114 1146 1147 1181 1215 1290 1296 1336 14267 14578 151 1571 16527 16529 1694 1851 1860 197 20167 2076 2186 2213 22884 2352 2353 2500 260703 2705 2730 2941 303177 3033 315 355727 37182 376 381 4202 437 4432 4487 4808 498135 5 50582 5313 5411 582 586 616896 64 64089 65940 67551 79 80 822 8554 861 8659 874 8856 8989 9019,132
102 102407 106 110 111158 118 1243 131882 13251 13316 134063 13464 146 15254 1694 1773 1910 209 219 2453 2507 252827 2873 3031 326 3318 34297 3733 384409 384410 40 41557 42217 4459 452825 5227 523425 54201 5588 5654 580 5949 62672 655567 655568 6893 7706 779 7973 849143 8528 878 9837,497
103531 10410 10411 11875 1219 12260 1240 1301 13185 137765 13960 143 143699 150 1511 1514 1524 15337 16508 17360 1800 18218 190519 197 1976 2063 207698 213 2181 223 23269 2356 2528 2565 256508 2685 2709 284120 2851 333 36625 3743 376 3813 382 384 40028 40966 420825 42130 423 438 4558 4563 487 492464 507 518 5300 5422 5458 5508 551 5579 5588 5821 5891 6337 701 703 7153 7494 79 795 821 8276 8630 8670 88243 901 95958 96315 972 9957,172
101316 10923 11217 12694 1311 13389 143 153193 15821 1604 164109 164110 16724 17032 187 1880 2164 222703 23269 2352 2422 2440 24996 2507 25652 263 2659 2710 280392 296154 29785 314 332061 33232 3512 354 357 36880 376 3873 391 406322 420988 464 4682 4802 49427 507 5317 551755 5614 6087 6404 6457 667 6853 7625 7806 7870 79 80 8202 8239 9554,151
10177 11651 11913 1214 13713 1372 1594 16193 169373 1719 17604 177 1815 183 184 1849 189446 189447 191 2023 219631 26175 2683 2716 2871 304 311 312 314 315 3197 354 359 3648 3673 3892 3924 39293 393 394280 4071 41172 4176 423 434 445 4525 57234 591288 5943 6108 6226 63 65996 7206 76037 79 797 83732 878 913 9814,283
10365 104 1048 10544 106 1067 10785 11356 1207 12256 12307 1243 1301 1311 133344 135 143 150 15122 15290 15413 15414 15494 1604 1606 16345 16773 17360 17454 17562 18151 183 18435 1849 1894 2023 20690 21140 2178 224926 22590 227483 2279 22879 2373 2381 24057 251413 25868 2701 2709 2712 29182 299 3033 3059 309682 3114 315 317486 3189 326 34004 35021 354 376 379 38 381 382 387 38902 400 40032 40033 415 422 429 43 434 435 4434 448276 46261 4696 4699 4715 48848 49685 51898 529 55986 57 58887 605776 61175 63 6401 647 66322 682 6876 701 7138 72166 72398 7489 7678 7702 7789 79 79172 79908 8104 822 9404 9416 9576 970 9886,555
10133 10460 106 10649 10806 12283 12496 146608 1496 15537 1571 16152 168473 172 1792 180 181 181384 182202 191 1938 198 19943 2002 20028 2157 22465 2272 24703 2488 25307 260212 2688 2709 2710 2798 297617 3031 312 313 314 326 3278 328034 3283 33312 3449 347 35829 3647 36973 376 432 434 439 445 4696 4800 5086 51993 52563 5313 54853 54854 54855 67034 69 70214 70883 71663 71664 71665 71666 71667 7209 731 7844 7845 7870 79 792 84469 8689 8776 886 890 9062 92170 923,177
1033 1075 1095 1147 11664 1168 11913 1282 13843 1393 149541 1526 1615 168442 170752 172084 1736 17604 1773 1849 19038 19487 19768 2086 211 22514 2364 237 2482 26673 2712 3114 3150 320482 32599 3359 33782 34135 365 3954 40 4114 4445 448980 469 55297 56440 604 62574 631 6720 686 6904 7227 8257 826 8658 879 8940 9312 9597,130
104 109519 11015 1214 12734 12960 1337 1372 1448 144869 146 1460 1465 15587 1570 168256 1712 1719 17408 1849 189 197 199 223 23252 2352 251625 2526 2670 2685 283788 314 316 354 359 3710 376 382 38258 423 434 435 459351 5886 590706 616793 63 6448 663686 6893 70484 7206 72993 79 834 8437 878 8989 9100 92801 9677,455
101406 106 10611 10941 111858 112353 11913 1232 1250 12944 1336 1337 13397 15293 1535 1594 1602 164 16616 1712 17138 173 1736 1769 1773 18018 1827 183 18377 1856 193 2047 2074 210 226 23404 2352 2356 237 239 24329 25850 2609 261 2638 2685 2713 2769 2816 28169 28198 28716 28717 31373 3143 315 3180 3197 32181 326 3442 3526 36616 36625 376 38 382 394 40380 411 445 4775 4786 482 4885 4901 5200 5418 5624 5683 57234 5741 5743 5773 579 584 5953 5957 60 607 6189 6226 64 64330 6454 66 711 79 7956 797 81709 831 8437 861 8635 8916 901 913 93951 9438 95853 9814,248
10088 1033 104230 1048 105749 10630 1075 11491 117497 11773 1214 12518 1263 1279 1282 129547 130167 13287 1337 1372 13991 14166 15320 153825 15474 15492 168606 18077 18182 1849 191 194 2047 21004 2115 2164 2201 22947 23269 2350 2364 2541 2934 2957 2997 3027 309 3141 324120 33918 35001 354 376 39905 40258 425 426741 4424 462435 467316 4789 4808 483854 49154 507 508 5877 607 6211 63 651656 7244 727247 759 7625 768 7806 823 83699 85822 861 8614 8632 8998 941 9503 966 972,251
10072 1016 10189 10324 1093 1095 11352 11667 12657 1301 13104 1311 13221 13361 13411 1359 13644 13843 1395 142875 145 171170 172 172865 172866 17513 1777 180 19011 19392 1961 2074 210 212161 2164 21817 2191 219226 2193 2195 2214 2250 2252 2351 247 2583 259959 26309 26650 26903 2710 271989 2808 286780 2879 28857 29447 29684 299 299605 30550 30685 310 314 316 323 3324 3437 3539 356586 3577 375 376 381 3894 405 409 434 435 4492 45556 45557 45558 4579 4580 472913 4741 4789 479187 4795 49 4961 5154 516145 554127 56823 56855 572801 5951 60 607 6206 6224 62895 6401 676 70835 712570 7209 726 734298 743 7676 781745 7847 79 8239 85562 8989 901 9062 9246 941 96644 97574 997 998,465
101410 104 106 10624 10943 1237 1253 12861 1314 1337 14002 1442 1448 15357 15852 16670 178 1807 1849 1856 1896 1903 191 1945 1952 19768 2018 2086 2162 2166 218068 222 22951 2373 2541 262 2641 2670 2688 284859 284860 299 30429 320862 326 354 35675 359 359275 403 41 42 421697 426 4333 43687 4696 4715 4747 4934 4935 49517 5236 5862 60948 63 69 7194 7449 757 784 7875 79 80 8104 853833 879 9721,196
104 10539 1066 1107 1160 13467 1455 14678 151 16370 165964 18639 1897 198794 200317 2042 20914 2237 233161 23423 2364 2705 2871 29403 304 30948 3197 3218 328 3281 3445 354 364570 3701 379 38120 4074 4211 428 43 434 4937 55827 5621 634 64 686 762 7806 79 8202 8252 85702,269
10747 118 12960 1312 13397 13531 1357 1360 138983 145458 145467 1510 15490 1562 1565 157736 16963 1849 1856 18670 194 200 20214 204131 205 2060 2075 213 223 24162 2507 2540 26778 2685 2710 272197 2765 29033 2909 299 31 3262 3282 3367 354 3710 37182 37301 38258 3872 394 429 435 437574 4443 465780 46888 537057 574 5821 58251 63 6448 6893 69723 71406 7221 723949 72847 770 779 79 797 8020 8193 82201 85 859 876 879 9476,183
10076 102 105123 107503 11274 1153 1162 12132 12133 1215 123949 1243 12502 1280 13042 13177 132725 13535 13698 137466 13885 140417 145081 1524 16339 17270 175340 1773 178136 17888 183 1849 1856 19094 193 19768 2024 20287 2086 2147 215 2194 2286 23520 238897 238898 2541 26962 270034 273 27712 2803 3059 322619 3533 354 3540 38304 3872 391 3956 41 42 425 4280 429 434 435 44051 44375 460426 4658 4696 4854 528719 52948 5422 63844 66 69 7125 72242 748 762 797 822 82253 82292 8275 878 9273 941 9597 974,408
1048 10540 106 10909 11106 1168 1250 1337 1347 137732 142993 1455 1460 1464 14650 1468 1526 15355 16901 17061 1712 173 17589 18025 1845 1856 18678 1938 194 2082 2092 2174 2193 2286 24537 25332 26419 2656 2701 28381 296050 2971 299 3002 3033 3278 3283 3367 3490 3500 37 381 385 394 396254 4169 423 424 426 432 461625 46736 49330 505 5648 5650 5651 5652 565796 57 577480 5777 5883 6188 6238 63 631 634 652 6568 66145 6882 69 701 72743 7609 76369 777313 790831 822 8274 838 83873 84030 85305 8724 886 97 970 9752 9979,257
1 10104 104 10502 105545 1147 1214 1219 12331 13212 13362 13748 1385 1420 1447 16540 17540 17680 180176 1827 1849 19443 20596 2134 2163 222012 2711 28104 296767 323 3255 32867 331 33280 34834 360607 360608 360609 3647 3649 3756 381 432 434 435 4432 4452 450023 4513 48 4816 487 48887 4934 5113 5228 5317 5614 6073 63 6482 68046 6893 693553 7520 7632 821 82760 8487 8525 8526 8528 9029 906 9671 972,694
104 10489 12200 131662 13405 135 1442 1505 164923 172 18800 19837 209 2097 24755 2530 253346 2692 273 276938 29672 323 354 4333 4525 45337 5091 5116 5573 5765 580 597393 598 60 6189 63 637530 637531 637532 63762 6482 7488 754 771691 80 83 847,744
104 10515 1057 106 10805 113186 1147 1211 12194 12681 133 1347 135 138 13830 14633 1514 1570 15743 164992 1695 1773 1800 18196 1853 20912 2184 2336 256825 2656 2710 30041 305234 326 327463 3300 38 382 405 40851 4303 434 435 4429 4432 45017 4962 54156 5520 5623 58969 63 6524 70803 7447 7704 8200 8202 822 8380 849 85 8549 8550 901 9487,392
1168 119335 122028 12910 13194 133116 1367 136892 13927 145072 1752 1849 1856 201497 212196 21474 21788 23433 2701 2712 2934 2971 31 3109 3114 312 314 315 3193 323 394 412210 4653 47732 5106 5225 523299 66 683670 69184 7197 7804 79 9692,196
10416 10527 11483 11564 11740 124589 124590 1263 1301 1311 13357 13505 1371 13748 1403 1419 1422 14481 145695 146295 15495 1571 187200 1961 198 20346 21151 21256 213 2250 2364 24040 2469 250 2639 268520 2718 2729 27517 279 2855 28757 30454 30601 30617 3079 31959 333 34497 3540 358678 376 4127 42001 42344 434 435 43842 445 4492 4703 4775 4816 482 4828 492073 50684 507 5168 527 53591 54715 6044 6193 63 631 6497 6635 6986 7267 748 8248 839 90 93 93255 959 972,576
1021 10460 106 1121 11223 11731 14877 15096 15207 152713 15474 16526 1661 16716 1807 18289 18292 183 18433 18639 19043 194 1946 1976 209274 23269 2423 248386 2541 2565 25783 2650 2685 2710 3033 3114 31347 326 328 3281 33653 376 381 382 3890 41 41235 418 42 4334 446811 4696 527 5334 5411 547 5659 5743 582 5891 6893 7244 7295 748 757 7636 76447 7790 822 831 878 90011 90622 9157 9700,237
10269 1033 11 1214 12175 12266 126425 12694 1282 1301 1337 13411 140986 1518 15795 1685 17515 1849 21226 212315 2174 2203 22632 2298 23207 24347 252 267458 2709 28950 2937 2962 314 3141 328 354 359 376 3873 40 41 414633 41492 42 4244 42575 42594 428 434 435 4934 5566 5570 5839 6002 602 607 60720 623 684920 694 703 7062 7197 7209 725575 729 7398 754 7678 79 80 8409 877 8771 878 879 901 90242 98238 9867,585
104 10511 10916 11114 125724 13225 1346 134944 1370 1454 151 1515 15454 1563 1570 1571 16274 1662 1778 1799 1821 183313 185554 19188 19302 194 19584 2003 21017 227 230 2368 237 2631 2677 27912 28 284382 29702 299 31 3141 3208 32534 3276 3367 34134 3490 3555 356096 372 37445 37856 382 385 388304 391 401418 41877 428 429 434 4478 4501 45221 461 4682 496 529015 5411 5506 56662 571 5783 6108 63 6404 640985 6686 71178 7209 72619 7432 75032 768 77729 78165 79 8202 833 8437 86118 862 87422 91634 9642,220
10415 1048 106 1074 1075 10808 114 115020 1168 119414 120105 1214 1235 1240 1311 13927 151 152346 15264 1757 1856 18929 1945 198968 20191 2364 255078 2685 315 323 326 328 336666 3412 35930 365 382203 400 4487 469419 4987 5138 5624 5782 5985 60 6693 6893 701 7122 79 797 8257 878 8957 941 98 98827,353
1033 107703 1095 109527 1168 12259 14394 1442 1514 15279 1570 1571 16205 1659 1694 169899 18425 1863 1896 19188 19368 20287 2047 2074 2151 215149 223 223338 22805 23269 2356 251184 2565 2702 2716 272 274 2753 28458 299 31 33028 33141 33243 376 382 392 4164 43 431 449304 4809 4910 50708 5106 52468 5506 5577 5818 58401 5884 59111 60854 6457 6503 6505 6508 69235 7113 713 7402 759 77573 822 834 8871 8923 901 96376 968 972,248
1010 10119 1033 1044 106 10786 10852 109 11021 11050 1214 12228 1242 12501 1287 1320 1364 1370 1393 1395 14964 1499 1562 16096 16188 16205 16366 16613 183 184080 1849 1861 1935 2081 2086 2098 209995 21720 2194 223 22523 2335 23640 2372 250 2500 2685 2751 276219 28062 30683 326 328482 3289 332296 354 355 3583 381338 408198 409709 422 434 43533 4562 48 49 506263 529532 5362 5695 5696 58 586 5871 60 66979 6985 7068 729 7533 76055 768 78 7804 79 795 797 79957 79958 869 878 88338,110
10030 10112 104 106078 1095 11373 11651 12608 1301 135 1367 148 1625 1749 1827 1931 2130 21313 22966 2331 2484 2508 25664 257810 26705 2685 277927 29382 2943 306214 31 322 323 354 36033 3701 372 4169 428 4563 4565 46984 4736 48 4911 4937 507 50700 51 53535 546 5657 602 6101 6138 6482 666390 66771 7212 735 7678 80 811 823 83 8411 8882 9141 923 9266 93512 97 970,167
1010 108389 1263 1287 136033 1367 1372 14 14344 15936 1849 187 18927 2082 21164 219 22647 23269 2353 24888 251384 25480 268 2683 2710 316 3271 331 3539 354 376 38 3859 39905 41 41374 418 42 434 435 4379 4509 4570 464 4999 5225 530469 547 667 6695 6853 69231 6931 729 7494 75705 7788 7806 7870 79568 8380 9062 970,515
10189 10208 10255 10256 10278 10624 10630 1095 11070 11072 11074 11353 11598 117112 11901 1191 119645 119646 12259 1263 1278 12960 1336 13389 140831 144109 144529 146 14839 1514 1570 1571 1573 1807 1849 186550 1901 194 1945 2056 2074 210 212 215676 21746 2205 223 2254 2267 24040 24381 24658 24659 2469 24786 2541 2683 2685 2701 2710 2769 28 3020 3031 305714 3089 31 312 315 3218 333 33639 337 34613 35014 36163 3710 376 381 382 38258 385 392 406431 42111 42752 428 4288 43288 435 4466 449398 4698 4774 48057 4808 4816 48172 5070 5071 5106 51596 5332 537231 537233 557741 56828 5719 5724 57358 57448 5877 5910 61864 6382 6448 651151 66798 676 6893 6947 69913 711 7153 71681 7209 726 73307 73481 7412 7505 757023 759 7671 780 7878 8437 859 8647 8760 901 9031 9291 9442 9450 953 9867 997 998,199
103120 10317 104 105694 109930 11003 1163 11933 1214 122 124322 126062 1263 13032 1310 135 13991 142 15164 152620 153604 1659 1695 1710 17680 178 1935 1945 198714 2004 2035 20429 2134 215 2194 2200 2231 256451 26352 264490 2777 29622 29704 29731 3033 309 3141 323 3324 3359 34810 354 355 3662 3678 381 3867 391 399186 40 4049 426 431 46397 5581 5600 5722 60763 6200 63 6404 66 681 6887 6893 7197 729 729904 735 7595 779 7949 822 83 8515 859 8784 879 9506 9642 997 9977,333
104 1095 11582 117576 12027 128028 1296 1304 138 14385 14387 144566 1471 150365 1537 16281 165232 16983 17025 17270 1736 17408 17899 17900 180011 183 19571 19959 208740 2250 2507 254 2683 2881 28931 28966 2997 3031 30743 3114 31387 3158 326 331 3320 333 3412 354 392 432 4324 44024 4432 464 48466 49330 507 52040 58625 6105 6189 6531 66 7009 726 7408 7426 752 75265 757 7790 7791 781 877 878 8812 8868 901 98726,164
10255 10256 1033 104 1076 11400 123274 1282 1336 1359 13933 142864 146 1468 15248 155474 177 1813 1849 1891 1938 19959 201326 2018 209 2174 2364 243513 245 2507 2525 2530 2538 265359 2679 2713 27775 2797 2803 312 3141 3197 3255 3367 365 394 4090 41253 423 4244 432 4698 4808 4907 49614 5138 5502 57 57155 5727 584 60 60290 6156 64 65809 65940 66 6686 7519 757 79 8256 8257 8297 8356 8737 901 9721 98980 995,265
103665 1074 1080 109 11003 1104 118532 1192 1275 13129 1336 13672 14443 1445 146 14819 14897 150 1511 15155 1570 161822 16186 16213 1663 172 173 174 17532 177 187 18966 194 196 2074 20993 21212 21325 2187 22927 237 24040 2431 2469 25 265 267 2685 27005 274 284348 2905 299 31 311 3193 3324 3417 34454 34591 3540 372 37296 376609 3785 379 38 38304 3880 394 39507 4006 42324 43243 434 435 4383 4432 4587 459 487 4901 49746 50 5007 50192 505 52336 52337 52338 5235 53065 5347 551 55594 5581 578 57863 586 5985 60 61 622 6239 63 6462 650 68 70105 7124 713 7333 768 7897 79 79381 797 8248 846 8635 873,769
1 10126 10173 1040 10420 1076 111772 113750 114804 1152 1168 11684 11740 11965 12395 1240 12447 1290 1312 1313 133074 13465 13644 137062 1372 1419 1450 145725 1547 15610 160734 1627 16338 16787 1692 1719 1746 1757 180 183 1849 19055 1945 197558 198 19844 2027 2047 20761 215 2168 23472 23670 23889 239630 2465 24686 24755 2500 2507 26065 2641 2716 29552 3022 306 30719 310 312 31338 314 315 3158 3255 3275 3278 328 3281 329 331 3320 333730 35305 35318 360579 365 37586 38 381 382 415 417115 4202 428 430 431 434 435 43852 43875 44195 4432 4658 4934 5016 5064 5065 507088 51837 5313 5422 54304 5484 5507 57117 57927 58298 5877 5890 6104 63 676 681 6893 7194 7206 7209 734 75338 781 79 799 800 8060 80710 8379 8437 877 879 944 99 993 9995,1256
104 11596 11689 123545 13087 132 13497 14119 146 1579 1607 16790 183 19113 198 199 20662 2128 21848 2501 288367 2941 3033 30656 3088 322 32754 35659 3587 381 41 42 430 438 4404 5506 56950 603 60963 61292 63 66 74444 763 822 847 85484 8676 878 8985 959 9611,71
10045 103141 1033 105 1074 1075 1090 11168 1211 12705 1282 1302 1303 13302 146 1507 1508 151 15919 1710 172 173 1800 1856 1880 1883 1921 198 2040 2164 223386 2364 24202 24686 2525 2755 28532 293910 315 322136 323618 323619 328 3485 3647 36625 38070 391 39661 428 430 4432 464 48096 4934 5168 52411 5332 5526 552619 5614 59370 598 60 63 63210 6597 6742 681069 692601 704 708 71187 757 79 795 797 8052 8121 823 8257 8268 834 84659 85582 90218 9062 928 9488 95,248
1010 10269 10380 10490 1158 12175 12386 1263 1304 1357 1364 13945 1440 14650 14855 150 151 1524 1571 167021 16972 1705 17595 182928 195 2047 2062 2082 2163 21667 2174 22190 23033 23269 2352 2471 248582 2641 2642 2663 267204 2709 29731 31 310 312 3141 31475 315 37636 377 3791 3794 3868 41 423 434 435 438 44238 445 4699 49475 4987 4998 50210 50235 5065 5301 5508 55420 567817 579 581 6346 67903 7334 734 7448 75265 7533 759 76281 7747 79 821 8297 831 8437 85905 8635 8659 87 874 9244 951 9977,508
1006 10202 1042 1049 106 10625 114 11651 1214 1215 12204 12307 12447 1304 1311 1341 13531 1359 1367 13730 13814 139801 146 151 1517 1522 15714 157374 15876 16091 16539 1719 172583 173 173267 17737 18080 1856 2018 2023 210 2151 2164 2168 221 2267 230 2356 24167 2423 2465 2485 2525 25599 2688 27475 2798 2816 2937 29860 31311 314 315 3197 3218 322 325 32949 3367 339 344313 344314 344315 344316 354 3540 37635 379 382 38247 3880 392 39661 40 403 41218 423 4331 434 435 44029 44125 4434 4561 475626 4959 505 5395 55986 5719 5727 5862 5877 5986 61491 619 6531 658673 666 66820 6701 7038 70671 726 7365 754 756 7791 79 792 80 8020 812 8260 8563 8887 8912 901 9062 9228 9488 9506 9974,543
10107 10445 106 11667 1181 12296 12447 1336 1441 1622 1625 17 1773 1897 194 2002 21 2115 2122 2200 22572 24090 2499 2507 2627 26596 2670 315 316 34596 35424 3749 4070 41253 423 425 432 4443 4699 48 4914 5 5007 5052 5150 574 59498 5952 6169 64 64118 665 666 677716 7113 742684 757 79 793 7938 795 83174 84939 8812 914,202
106 1095 1168 1181 129717 1537 1726 178934 1792 1827 193814 195 1951 215886 23457 252 2663 2664 2709 2769 2837 31165 323 326 3271 33141 33813 347 3542 3701 3757 38 4022 429 4307 433447 4365 4696 50802 5091 5106 51354 5220 522298 522299 52837 5507 58 5986 6482 666453 7038 752 8306 8686 87 9236 97 970,998
102335 104 1048 10514 10817 11199 1214 1263 1265 129 13071 132 15207 1522 15592 16526 1714 183 1935 194 23263 2541 25652 264 2685 2896 299 3033 309 310 3114 31311 333 343 354 3540 359 4082 41 42 422 425186 434 4458 4559 5418 542247 57 57489 5826 588 60891 6125 62264 63 64 65 666 7217 7509 7870 80424 822 878 9151 950 9643,265
1048 107 11414 120297 12447 127 1296 1337 14002 14598 1593 16916 17774 18125 1856 194 2075 2076 21013 2200 222 231705 2413 27981 2890 30636 3345 34638 3579 3819 3862 41 423 424 4532 4747 4795 485220 488 51107 5422 5968 6051 64 6519 66 666 68 7443 762 797 831 8491 871 89253 941,861
100305 10269 10527 11751 12175 1223 1250 1263 130 141178 150 17056 1734 2174 2201 2355 24010 3141 3308 3412 3540 41 42 42130 423 426 428 44051 45544 4583 46620 46936 49202 5052 5371 538752 5581 56826 579 584 5877 5910 6051 6681 68165 762 770 99836,146
10415 1048 1075 108073 1105 113533 12064 12201 1243 1282 1308 1311 1349 1357 141849 142 14221 1443 153509 1562 156368 16524 16879 1710 17159 172249 1736 1772 1816 1849 1851 1923 193 2023 2024 206 207 218997 226232 2293 2336 2352 2364 2369 265240 265241 27665 2871 29864 304 3089 3141 315 3296 3359 357264 364360 3668 3709 381 428 429 434 43457 4808 490 4962 5 508 5129 5877 5943 60 6105 6115 63 631 64 65 66 6643 6701 71743 754521 7625 7677 79 80 825 8257 8292 83 858190 8673 903 91 9977,253
107962 109795 117350 1209 1243 12444 12447 1245 1263 1337 13439 1441 1442 1460 15043 1561 15916 16142 16654 1705 173 17768 18154 1845 1849 1851 1891 1945 2023 209 2251 24040 24089 252 2529 25776 2683 2712 27712 29273 3027 303185 312 3175 3274 333 34237 3540 359 3749 3859 393 4072 41253 424 426 451643 464 484448 49576 4999 508 5106 5113 5161 5411 5422 56626 59426 61543 65787 68810 6893 69 6985 713 762 7639 797 83 83141 8348 83565 8380 877 878 901 9273 941 9566,306
1010 103436 104 1048 114983 119535 12266 1234 126887 135 13500 1441 148 1712 171726 1746 196710 207286 227 24407 24660 2507 2541 263957 2683 2685 276 28 288398 288399 299 3078 3141 32173 322 323 3309 33298 375 38 426 42716 4502 457894 4747 4999 503 53275 53276 5621 5688 585 5877 61892 63 6482 685506 6994 6995 701 7203 784 797 80181 8202 833823 877 93512 9504 9586,112
11999 12960 1464 150 164605 166163 1745 17515 183 1849 19390 19443 19956 2082 2163 223 2282 2364 2685 309 31 326 3278 3710 38258 3880 394 434 435 45050 4513 51 5138 55619 56002 5777 6224 6238 63 6448 68156 686 6893 706 76523 770 7806 797 831 847 8882 901 959 97,462
1044 1057 106 1060 11531 1181 12671 1270 129526 13416 1367 14002 143 1442 1498 152138 156232 1625 169600 169601 177 1845 1851 187185 19379 19837 20552 2097 210 222 243 2519 265835 269468 27136 27669 3025 326 3336 347 355 3712 3771 400 428 42847 43299 4715 474 4747 48202 4934 5049 51786 5774 58 5968 63 67240 69 79 79394 800 8630 86696 901 90787 91223 9438 997,1268
10255 10256 1075 10786 10951 110399 114282 1301 1314 148 158 17897 1800 1804 1845 1849 1851 19764 2045 20595 206 219 230236 23273 2364 237 240122 2541 25814 26346 2663 2701 31 326 347 3540 386 41 418 42 422 428749 4492 4562 460 5106 52008 527 53349 5418 56626 5768 63 64 67384 6893 731 7379 7389 7616 773 7747 7938 797 8257 83 8865 901,111
1005 104 1042 105 1066 10794 112 112650 113209 11461 115 117528 11773 1321 13235 1367 14119 14132 14389 1444 15086 1514 1517 1719 1849 19896 19897 199263 2040 2198 242009 24743 2685 2878 295736 299 312 315 32549 376 381 382 38741 392 41 42 4211 424357 4316 434 435 45311 4670 5007 5049 5411 5507 5581 5727 60 6002 614187 6438 6448 7003 703 7791 7870 79 795 830 8437 859 877 878 89026 96 97,679
1016 104274 10822 11010 11044 115540 12124 12283 123000 123568 1245 125632 12694 127765 134 13466 14059 1453 145786 14915 15207 1524 15458 1617 16269 166924 1763 177 178410 183 184 187441 191 19344 1945 206 2074 21724 2530 2598 2705 2713 2716 28716 28717 30381 3114 312 314 315 322 3255 3271 3286 331 3412 3669 3749 376 37643 381 394 39486 409 41 418189 42 425 426 428 431966 432 434 5106 51673 5313 5507 55424 57 58 64 64714 6853 68842 6955 713 7555 788 79 79040 797 80 8148 8437 8573 857528 859 869 8811 904 941 9535 9947 997 9972 998,1957
10040 102 11298 12497 1285 1367 1448 146342 146974 146975 1502 151 15878 1606 16185 1744 177 1773 19147 195082 209 2097 2151 21805 2364 2423 24628 2565 26712 2683 2688 27987 2873 3033 310403 3240 338589 354 39 3939 399198 40 405 4091 41 41884 42 434 435 43932 46473 4984 5113 5506 5877 6093 6457 65213 6568 69157 72436 729 74 7411 754 756 757 7625 80 822 839 849 877 97032 9974,611
1 10119 101857 101858 1172 1174 1301 1313 1337 1357 1460 1464 151 154270 1547 1710 171529 1800 18287 19113 19309 19316 193880 194 1961 1983 20216 20429 209 210 21308 2181 2187 23269 2339 2344 2364 2440 2709 28169 28895 29034 304 30911 312 3234 3262 337 3494 376 382 3892 3938 41253 425 43 434 435 4355 435915 49502 5007 508 5113 527 5577 57 570 58 5845 61833 63 7194 726 729 79 8181 821 8239 8257 9453 9710,529
1007 10189 10398 1042 106 10707 1095 11694 11695 1263 133690 13531 135940 136890 1419 1581 1625 16301 1677 1694 172 177 17770 178 180 18425 19060 209 2128 2175 21784 23269 24488 24523 2538 2685 2705 2710 271822 2887 304 314 3141 316 323 323792 33131 3544 35566 370743 376 377944 382 38863 4048 41 42441 444 4691 4696 48 49 490 4937 505 507183 533471 547 570550 584 59695 6200 6382 64 6448 669844 674465 68691 6893 709949 7153 7177 7209 7431 7432 7449 77143 779 781 786200 7870 822 83863 85856 8631 8632 8647 877 878 9139 9260 99350,2201
10822 11003 12169 1240 1371 13927 14120 143 1442 151 1604 1605 1606 16091 187 194 2098 23267 23269 23813 25144 2525 2656 2688 2710 28717 309 315 337 34032 3744 376 38 391 39905 405 405772 406356 42130 434 435 463167 50 5068 5086 5727 608 63 6618 6853 6893 6930 694 762 7870 79 797 804922 80935 821360 859 9696 9944,484
106 108349 1168 118004 1181 119 11965 1216 12399 1302 1303 1337 13768 150 1514 1522 1563 1687 1713 1763 177 1824 188129 1894 1897 194 2018 20501 22038 223 23976 241 24667 24686 26104 2638 277 2979 299130 30062 3092 3175 323 328 34198 36580 375 37567 3876 40134 410 428 429 4562 46276 4723 475039 5 5106 5138 5434 54430 560779 567 57 58 580 598 6052 6077 61616 6177 63 6593 6819 6862 757 79 797 812 830 886 9041 915 959 96566 9868,289
101428 1048 106 10764 11124 114 115 11698 1245 1282 1287 1301 133154 1357 13769 143827 143828 144550 15235 15390 15488 160320 16404 16813 17409 1757 1778 1808 18086 1824 18787 1896 198 2023 2151 2174 2178 2264 23947 24986 2500 2540 2641 2642 26685 2683 3031 314 3141 3223 332 354 3540 3630 36880 37440 394 39744 39905 4054 43249 4855 4907 4994 5138 5440 5588 57 64 645007 6456 68 69 7113 7197 7244 7288 762 7806 7870 79 8252 826 86578 8704 8985 901 9062 91016 9273 96 97 972 9746 9891,276
104301 106 11187 11514 1152 1159 1168 1209 1216 1243 12597 12814 1301 1337 1422 146 14924 153530 159 1645 1903 193 1945 209 2245 22456 22612 2419 2437 254 27119 2723 27834 2881 2987 299 300442 3105 315 319490 3208 3255 3281 382 41 428 438 44839 45880 4682 48041 4908 5506 5507 5508 5581 5746 5747 6105 6130 6189 64 647 683 6857 69 703 708 7334 73930 75129 757 762 7870 79 8020 80977 8201 83 8437 8771 8883 9292 971,317
10134 1057 10748 11914 12960 13352 145092 148620 14972 15778 1593 1624 1627 16425 16813 1700 178 1849 195534 2018 2023 20230 20507 2100 21929 223 224720 2282 23269 2336 244 251395 254208 2685 2710 2769 29053 2952 299081 309 3262 3273 3274 3275 32810 32944 3367 353274 354 3710 376 37757 38004 38258 39905 4112 419544 422465 422467 42534 438 5016 507 5153 52538 530633 54930 5506 5691 57 57217 598 60 607 62342 6396 64062 6448 6853 6893 69 690002 6990 70 72482 7625 7770 7806 7870 793 795 797 80 83 847 87413 87457 901 9615,227
10173 1057 1075 118 12095 1227 12467 1263 1280 12960 1337 14024 15182 1526 1536 15461 1593 173 1800 1849 1891 18952 209 219350 223 223144 23269 23308 236358 2364 23976 2501 251667 2529 2614 2685 2701 27714 2890 3022 3037 31 31278 3141 315 325 3271 3272 3289 3320 345203 3498 35675 36433 3710 381 38258 3831 3873 402 41 41253 4127 42 42754 434 435 46184 46888 4699 48656 4934 5086 5106 5113 57956 5994 61 63 6382 6448 648764 655345 6893 755242 759 7608 7831 79 797 8223 8252 8255 8306 8495 859 8686 87057 91866 92802 9312 94706,579
10134 102170 1048 1095 1168 11834 12330 124011 124981 1296 130 1347 13769 1460 15137 16698 1694 1712 1735 17409 1849 18875 19060 19172 19366 2055 21782 2229 223 2251 2367 24128 250 2507 25079 2520 2656 2683 2685 2705 2724 274961 27657 2810 2941 299 30015 3027 3033 323 345786 3664 37479 38 40079 406999 41 42 426 429 437 4777 48352 4848 4937 49756 4986 50473 51895 54641 682457 6852 696764 7121 7425 75077 757 79 80 822 8801 901 913 944 959 96110 994,2804
10070 10119 10158 106 1095 114015 120844 12780 1282 131 1320 134 14534 1473 14965 151 1522 153969 15795 178 1849 194 199494 200235 2023 20442 205 20757 20769 20930 2098 2151 2335 2373 2381 24033 2469 262598 2685 2701 306212 315 326 3349 342524 3629 376 38052 3873 3874 3939 40 416458 4177 4181 422 434 449 460 49 49283 5594 6189 63 666 6893 700556 7009 70835 726 731 79 793221 797 80 8546 878 9453 9488 989,186
106 11168 118653 118654 121253 12402 12417 12714 1275 13129 13165 1320 14073 14421 1526 1613 16692 1710 17432 17964 1841 1849 199029 2007 2098 2229 2335 2360 2500 2604 2622 2624 2685 2709 27900 28230 31535 316 3167 326 327 3441 34679 353591 3744 377788 38 3868 3874 395042 39674 41 412 42 445 46146 4696 48 5115 5357 541336 574 577 586 59953 66250 6893 7047 7072 707539 7102 7124 71923 731 73513 7358 743 744967 758532 775 808940 808942 8645 872 878 8801 8871 913 93 9489,220
1005 102335 10527 11199 11441 1248 1263 1280 134 1370 13946 1442 14682 14767 151030 1562 15876 1798 19286 1935 20523 2063 209 23263 23273 2352 237 2507 2529 2615 3031 31 316 3190 3208 32757 3320 3411 3540 36711 3757 3966 4182 432 4368 447012 4695 47041 48 4896 5200 52080 5418 5663 5768 5777 5803 62857 63 634 666 6724 686 7403 7560 759 7603 7870 80 8047 822 8231 8348 869 953,196
10030 10514 106 1243 1311 13293 1357 138 14206 1562 161124 161125 1625 172 172035 1773 18900 1903 194 198 24026 2422 2638 26800 2979 3059 314 315 316 316779 32157 3300 333 3540 365 37479 376 420 4432 447262 456276 48 4916 4934 5028 52193 5261 5590 5777 58 598 60 6075 6157 6191 6193 666 67611 684212 69284 7405 743 74340 7533 7548 7553 7678 78 79 793726 797 822 841356 8573 86704 9109 92193 941 9488 97,106
1095 11647 1168 119 12204 122184 137035 13922 1460 1530 1622 16269 1729 187 2151 220110 220715 227 23255 235557 2469 2493 2565 2670 2688 2738 28450 30636 3073 30779 311 3117 314 319402 3197 323 323116 3320 33770 37037 37301 37849 391 403 4059 4065 423 429 43740 4475 4733 4910 5028 5422 568462 57 5727 573642 575 58 60 61292 6144 6893 729 773 79 822 83309 8573 886 901 915,98
102 1021 10210 1040 106 10659 11337 1136 1215 1287 13 1304 13125 13129 13244 13354 13758 139300 14050 14115 14160 1442 14581 1522 1524 15601 1689 1694 17283 17808 1807 18638 187 1902 191 19861 20112 20282 2045 2047 2081 2244 22448 22854 2423 246 2483 25280 27220 274 2811 30267 3031 326 337 354 355 35758 36831 3701 3710 4063 417127 42797 437 438 4434 4465 4509 4784 493 4934 5052 5114 5314 5381 555 5693 5882 593378 6059 6221 6701 67338 681 69 70 7075 7255 7527 757 768 79908 812 822 8243 825 826 8366 8630 989 99,121
1168 119865 12330 1282 13416 14126 14709 16098 1617 16790 1749 180107 1849 2042 21272 2201 2364 240986 25808 2709 27562 27809 2881 3141 323 354 3757 4127 482169 51470 665957 6719 68364 68365 7804 8083 8556 93512,258
10074 10076 1095 11069 11241 112940 11450 117 1214 124009 1245 124573 1304 130953 130954 133213 13470 13788 14077 142 1511 153014 1563 1593 17058 180 1821 1891 1892 1980 2162 22557 237 24527 2653 2685 2710 2713 27636 28716 28717 29784 3074 315 323 3276 347 35396 36625 3817 3890 393621 394 40191 402050 41 423 428 429 434 438 443 480 4871 4908 504 507 511 52866 5506 5584 5669 5671 58 596 6709 686 6893 69 7068 7678 79 79787 8517 8611 8989 9550 9746,891
104 104337 10443 1048 106 1075 12257 1243 1245 1290 1310 132162 1337 13405 13730 138 15133 155815 1570 1571 1594 1625 17064 1710 1712 1714 172567 178789 1797 180 18154 194 195 19765 20404 2047 2048 2056 2074 20985 2352 2376 2451 24660 24966 27798 286689 28828 29289 30270 3033 30601 307664 310 312 314 315 316 32125 327838 328 3328 3329 339990 340103 3428 351778 3539 35800 359 3701 381 382 385 393 3939 39958 4077 43042 437 442467 4432 46938 48 48161 49131 4934 4964 5 50467 5091 53350 5411 54125 54130 550109 5507 56679 56680 56682 56683 56684 5899 598 5992 60216 622 62810 63 66048 66445 6890 69 694 708 7209 73701 74489 7454 7806 7898 79 822 8437 847 8515 859 8684 8774 9062 9173 9182 97 9732 98335 9859 9860 989 99586 997 998,231
104662 1048 1108 112180 1127 1159 117035 12285 1243 1247 12934 12935 1367 14387 146537 14965 1563 157258 1593 160942 16219 1653 16621 1694 1710 1729 1849 194231 220 2381 246190 25079 253545 25721 26358 26359 2683 2685 2816 3033 3159 323 3281 3412 354 38304 392 393 4077 41 42 432 4365 5 5240 556948 5751 62634 63 6681 70144 74351 7879 795 80 822 8559 87188 9029 9560,204
109625 119363 126741 1359 1526 1529 1547 1637 16502 1719 17798 186967 1903 19261 193 2018 2092 2097 2286 2308 23493 2711 2873 29433 304 3101 314 3141 323 3276 354 359 376 38279 3872 391622 394 39486 3959 422 434 435 44 4432 445 46734 536529 57 60 6247 63 631 6482 65791 69068 732985 7465 76963 79 807752 822 8251 8291 873 8746 877 878 9327 9488 974 9895,555
1010 11823 1191 12335 1246 125927 12608 1263 12641 1287 13357 1357 14578 151 1517 1608 1627 1807 183 184 1856 189318 194 2081 214 2147 21521 21551 237 25332 2871 2890 292479 3032 304 3274 3275 3490 381 392 4217 423 432 434 4503 4659 5 50419 510570 5228 5467 55021 5506 5777 579 584 5985 61240 63532 653186 67954 6884 731 7470 7895 79 8275 8403 861 94118 9487 94937 9501 96714 9944 9958,72
104 105 107376 10822 11382 11651 1282 1299 1337 13681 143 155 15808 16468 1694 172598 172599 17766 177687 181 18152 187 194 20759 2147 215323 2250 241351 24621 25085 266 27542 303768 30854 3094 3096 323 356724 36367 377029 3873 41 42 46003 4774 4784 4934 5049 531983 5577 5628 598 5994 5997 6308 69172 738 75946 770 79 8294 8297 8630 891 92486 9266 93743 97,128
10273 1075 112329 1214 1227 124046 1243 1263 12948 1320 139675 1454 14819 1494 15303 1563 15746 158821 1659 1719 1740 177 1849 19021 19768 2018 20701 2086 212032 212033 227 2421 249 26396 2685 28418 284689 2997 32937 33017 3469 39444 41 42 4351 448188 47317 47690 48962 4978 5 5007 507 52860 5507 57294 5829 5831 6211 63715 63804 68150 7072 77 79 822 8923 9266 9416,264
103532 10631 11518 124327 13388 13711 138 1441 15687 1710 1716 172544 173 1839 18688 191 20032 20515 21178 2191 235787 237 246 24890 26639 2810 2823 2863 2903 30029 304414 323 326 3428 365532 381225 38868 41175 450903 470 471 5458 75415 762134 83 89492 950 96950 972 976,197
10334 10600 11078 11920 122143 12597 12960 13306 136104 1367 1573 1710 1849 2011 2069 20964 21714 22246 223 23139 24248 2470 2479 2685 2696 2777 28 29327 296386 30435 3165 333 347313 3540 36125 3710 38258 392 394 395022 4022 41 419937 42 42855 4389 47150 4828 507 5502 5506 5565 5600 5679 617003 6448 6893 701 731 757 768 79 807115 861 9273 9650 9669 970,295
10341 11274 118263 1183 1200 1214 130414 132 1337 139 1442 1524 17034 172828 1804 200 202 2035 215 219129 23269 2352 235906 2501 2507 2683 27190 2851 30371 3175 331 35750 35788 37539 37542 3956 40434 41511 42150 429 4432 47117 473552 4910 4934 4988 507808 5313 543 550533 602 618628 61926 6227 671 6968 7244 7251 79 7946 80735 8086 8141 822 8276 83222 85128 901 93985 970,106
11289 11606 11920 12960 1301 1304 138991 145524 15064 1573 157535 168807 1849 188295 1896 19352 194446 20507 216752 223 23269 2359 2685 27304 2873 31 323 3710 376 38258 392 4009 445 45714 473699 489659 523612 5466 559692 616970 6337 6448 6457 6482 648944 648945 6548 6893 731 7450 7560 7791 8020 83 87399 901 9467 96872 970,484
10070 100757 1095 12308 1232 1398 1475 150 1523 154180 155894 184228 1967 2151 216872 22779 228156 23025 2376 254756 2662 2663 2664 267 2709 2769 28562 30315 3058 31165 3165 323 326 331 37431 381 400 434 435 4404 460870 4845 507 50802 5095 513 5202 5384 5774 59597 6457 66280 6696 6947 752 7648 79 90 96969,385
10118 1105 112617 1188 123060 12320 127 1278 12782 1287 13032 1444 14633 14791 1568 1571 187 2164 2413 248549 2638 2683 2701 2764 28948 3033 32157 323 3276 337 4639 464 4780 48165 5693 5697 579 6330 6482 65287 6893 695721 7075 7494 822 8380 8397 92444,139
1021 103178 1048 110097 11579 11588 1160 12694 1282 133044 135414 13682 1462 1514 1526 1581 1593 1613 164604 1659 17140 17896 180153 1802 1803 1805 18362 194 1953 1961 2074 212 2350 2448 24707 2482 255545 2620 26481 2707 27289 3035 3036 309 312 314 3141 32 32291 32549 3412 353632 3647 37088 381 38300 38306 3867 3953 428 497640 497642 5 5007 50840 513 51630 5502 57635 5877 6226 63 6646 6934 7347 750 7668 77236 7898 79 7946 8268 9062 907 9324,159
10057 1008 1010 11265 12091 1216 12175 12283 12734 1282 1313 13302 1403 141914 1507 1508 1509 156946 1576 16060 16582 1714 17517 1758 17587 177 17711 1813 18241 192 193 20954 220148 2209 2349 2426 25222 2541 2565 257446 260 2685 279982 2805 2829 2881 29746 299 3027 3029 3031 30876 309 3180 350423 355385 35785 35786 3879 393 394 3956 398641 40719 426 4405 4443 4492 4562 4987 5671 577 579 6151 63 66 702 708921 729 7519 75845 770 79 7924 80 822 823 871 878 879 87946 88261 88431 8882 889 890,383
100698 1214 12330 14221 1511 16813 1736 2685 3190 323 326 3332 381590 400448 4118 4133 481341 513 52327 63483 6482 72562 727613 84355 853405 877,757
10364 1146 1214 1219 1240 1245 131327 1337 15073 1624 1625 1712 183 194 19455 20035 201954 2184 2250 2360 24181 24490 26605 3281 3296 331 3367 3490 37789 423 426 43 4453 4475 4572 498989 508312 5240 546131 56131 63 631 6475 657200 657201 707462 79 795 800 80395 8094 8386 859,80
1006 1033 106 10748 1095 10969 11301 117159 1181 1211 123077 1243 1245 12563 1265 13086 1336 1393 146 1460 150 1627 16795 169567 1705 170688 1807 183 1849 1883 194 1953 2001 20130 203878 208836 2266 22908 2341 25223 25378 26104 26888 285069 303225 312 3140 3196 3208 32291 323 3276 33749 3481 34937 3561 41 42 426 434 437 4447 4513 4539 4646 505 5064 507 5114 5429 553915 5849 6052 6156 62703 64 69 701 7159 7160 733400 758 768 772 7788 7854 79121 796193 81036 821 8939 9214 9669,226
1007 10134 104 11192 112617 11404 114606 11565 1168 117185 1214 12381 12738 13059 143 1442 148 151 1523 15412 15762 1604 1606 169893 1710 17582 17589 1851 185900 1867 18713 18857 19556 1983 20182 2039 20501 209 2100 2198 22192 226 22663 2282 230781 2369 2381 239 2605 2685 274 312355 3189 323 337 354 35828 362155 37936 37937 3876 40 4090 415674 424 4324 434 435 489557 489568 4934 507 55 55086 56 577136 5821 587370 6221 6482 6893 831 8547 8563 9203 956 970,599
1007 1033 109 1095 1111 1158 12322 13500 1367 1403 146 151 1622 1627 1714 1813 1849 201 2048 20908 2100 22011 24234 2493 2501 253784 257233 27736 2998 304021 3059 31165 3159 323 3309 332 333 354 356601 38 381 382 3896 423 432 4466 47505 487 50400 50473 5380 547 5500 5743 580 5803 58370 60 66 6818 68704 7519 775306 79 8039 821 822 823 83909 848 92939,98
10079 11694 11755 1216 12322 124463 12746 12982 1310 13192 1321 1364 1440 14821 151 1525 1526 1529 160498 16338 16813 1732 17770 1788 1812 191 191841 1938 1961 1968 20701 209 209098 213 2210 223734 22789 2352 23994 2410 24414 2469 25182 2538 2565 26600 2701 280 2809 2810 28507 299 315 34237 34840 34847 354 37151 37152 37345 396827 3982 402 405 426 432 434 435 44361 45489 4725 4808 49317 5049 5086 5115 52026 52112 5228 53901 55170 57412 577 580 6157 63 6305 72917 7425 7447 75124 768 7688 79 8202 823 8231 8437 850 8593 87321 877 886,513
1076 11957 11958 12814 132 13253 1352 13694 1516 1529 1622 1694 183 1845 19002 19934 2018 2074 2193 2250 24395 2465 26596 2797 291594 3094 311 3130 3278 32793 328 3281 33981 35424 394 4209 423 43427 4432 508 5166 5301 588 61292 62092 63662 7244 7347 79 8437 90 9161 9237 972 97329,59
104 1048 105 10605 10851 116683 1214 12960 1453 1460 1507 1508 1530 177 183 1849 186036 19466 19984 20822 20823 2086 20973 223 2335 237 257455 2685 2713 27845 27846 2914 30299 3159 3329 354 3710 374 3781 379 38258 4045 432 434 435 4460 46003 4739 480 4913 4994 50288 5228 530979 5610 582 64 6448 65 66 68068 6893 70484 758 79 826 838 8386 8487 862 9236 9491 95 97,603
101285 10334 104 11667 12074 1214 12643 12975 130012 1465 14934 1625 16269 179656 197 197532 199 19984 21447 2151 217121 22249 246922 249715 26901 30299 3031 30638 316 3218 331 354 38 40 427731 434 435 48 48041 4828 4910 544930 5507 5727 60 6457 672654 6893 7244 770 79 795 822 83803 8437 847 878 88767 901 941 99284,397
10091 1021 104 106 1060 106159 1075 11363 1219 1240 125233 130 135 13707 1443 151 15313 15870 170518 170519 1775 1807 1849 18585 1893 191 1910 193 2023 2097 22657 233 2347 2349 23513 23770 23809 2416 2423 2430 2508 2530 25348 2598 2683 2685 2688 2730 27519 2759 2764 2809 2810 29190 303196 3033 303837 303838 303839 3121 316 31742 3273 33203 33448 3345 353 37440 38 38283 38848 38893 39297 39300 39816 4159 434 44586 459722 474 47709 49497 5 5037 5041 5115 549 57 580 5945 5985 6013 607 6138 63095 650 667569 68057 68931 69891 69902 7097 738 757 790 79125 792 8020 822 843 852 8645 8647 8892 91048 9182,204
1016 104 106 10622 110075 1104 1163 117117 1181 1214 12322 124445 1250 12861 13298 1337 135195 14421 147575 14759 1511 1514 15207 1659 1719 173 1745 1757 1807 183 1849 1857 186 1883 1938 194 208060 208061 21398 2157 23881 23932 24471 24927 2528 2530 2540 25973 2611 2685 27158 27882 28716 28717 299 30810 3114 312957 313 314 3506 3507 36625 381 39905 40 40103 41642 43 432 434 435 50 5070 5086 5191 5886 5927 61603 63 64 6646 68145 686 6893 701 7450 75 7669 7788 7806 79 834 8437 873 877 8989,1264
1 1001 1048 105438 106 1095 11006 113552 11361 1168 12147 1243 1310 1311 1320 13500 13879 1442 146 1465 14812 1530 153843 161290 173 17524 193 19455 19895 19896 19897 2002 20154 20551 210757 2191 228033 2364 2372 246274 2507 25591 2570 2583 2685 2763 2924 3031 309 31 312 3141 3194 326 330 3367 350198 35675 36831 381 3831 3873 388098 394 41884 423021 434 435 4434 4492 480207 4934 50713 508 52478 53027 53828 541885 579 582 5845 603 604 606 6238 63 6348 6418 6551 68221 6893 69069 741 76018 7848 79 797 8009 808 8257 8630 86643 87749 886 9736,567
1010 10109 1033 1048 106 109664 11010 1104 1243 12682 1314 132 1336 1337 1357 13927 1442 14645 1526 1700 1710 1712 1736 177 17774 18124 1856 194 2023 206215 2074 209 210 2164 21724 2208 23269 2469 2712 2928 2978 3027 315 316 32226 3273 3280 3281 3300 3539 3664 37301 376 377 3908 40 422 4467 482 4907 50605 508 5095 5161 5346 543274 58 6087 6346 669551 672652 69 72137 759 7678 79 797 822 8437 8527 8528 874 8921 8989 901 9013 9062 9153 928 9416 94455,463
10204 104 10648 10649 1075 1095 10990 11131 11140 11565 120726 1214 126988 13397 138067 1385 142630 1442 14666 15094 15095 1518 1622 16715 1710 17680 1808 18392 1849 215 2164 23108 23269 2364 2530 261006 26239 2633 2651 2659 2685 2747 2816 302557 3027 31985 323 354 36296 365 38 3873 395999 40 4127 413172 428 434 435 4432 4503 464 49 508 50819 5168 5228 5251 606597 6189 63 64090 6448 6482 6852 69 694 6986 7124 7197 72245 726 734 784 8089 8141 821 822 823 8239 82406 8265 8336 879 90760 941 953 9721 992,920
102 10321 103892 1042 104215 1045 11441 11598 1189 11910 11964 12326 1265 128856 131376 13166 1320 1337 13389 13465 1382 13991 140342 14904 151 1571 1593 1622 1625 176585 177405 177406 183 184 1849 1918 1976 198 2060 2074 2098 2187 2250 22564 2335 234975 2352 237 25179 2530 2627 2685 2701 2879 29325 315 326 3283 35021 354 3540 37245 376 377 381 382 383 3874 39905 4022 403 41 42 427 434 43430 435 442691 4648 4696 4808 482 49 5064 507 5167 52080 5502 55983 577 5985 62514 63 6426 64330 6893 701 71085 7507 76769 7870 788476 788477 79 7900 797 79751 80 8437 8646 878 901 9273 9312 9692 997,645
103805 106 1070 109699 115525 11582 1181 1211 12609 131 13292 1337 1345 13879 154306 15512 160661 1617 1637 16787 172 173 18855 188632 191 1935 207 23269 2335 258067 2670 2685 3054 30766 311 3159 3202 326 3359 3367 34664 361 3668 3757 394 4059 434 4476 474 53811 6072 625340 6385 6451 6893 69 71459 7160 7215 7317 7870 79 810 869 8774 878,338
106 1075 11249 1194 119437 1216 1253 1257 12814 1304 1308 1314 13302 13303 1347 13530 136958 140674 1448 14485 1473 14850 1512 151414 1517 1526 15555 1570 1593 1647 16589 1685 16965 17302 1746 17609 177 17790 179 1807 181 1815 18332 18478 1869 187 20074 2056 20731 2115 2149 2163 22444 2250 22744 2282 2286 231 2352 2363 2364 237 2526 25799 2696 3033 31 312 31345 314 315 316 3165 3175 32601 3281 3300 3384 33873 3478 3494 37866 3831 3872 394 39683 40747 4215 426 428 429 43 432 434 435 43900 445 452 4678 4771 48 4809 482 4907 4936 4962 4998 50685 507 5145 5168 5170 5228 5581 5603 5733 5983 60556 63 646 6466 66 68204 68618 7047 7200 72695 74 7541 7616 768 7704 7790 7898 79 79069 793 7949 797 822 8437 855 8776 90171 9404 9650,1373
10045 10177 1048 10517 1171 117408 11947 12537 131 1337 13519 1444 1453 1460 1561 1679 1710 17620 177 177979 193 2040 20761 209906 2193 2363 2372 2572 2672 2711 275762 3141 3165 3166 321211 32610 3281 3283 3296 3324 33286 35948 394 395 4207 42567 434 4434 4871 5332 5454 57927 586 6226 63 638052 64 646045 69 6944 7162 7200 757 76872 7700 782867 79 795 81082 8190 859 8673 92144 9228 9422 9482 9576 970 9739 99515,750
10748 11425 118 11837 1216 1251 12960 13032 1320 13238 1364 1367 14633 1571 16468 1752 1824 1849 1897 1945 19573 20731 2098 21110 223 22952 2335 24316 249805 252 25790 266 2685 2692 2701 315 31923 322826 326 3282 332 354 3710 38258 3874 46884 46888 4998 501376 501377 505 51837 5224 579 5835 60519 6168 624315 63 6448 64681 6544 67328 67329 6893 737821 7449 7806 79 7946 800349 800354 800355 8505 878 886 926 928 92926 94071 959 9669,217
104 1095 11072 1163 1168 130 133 13909 145079 150718 151 15533 15539 1566 15895 16090 16173 16331 169567 1700 173 184182 191 1938 20619 21001 212182 23882 247 25223 25303 311 31598 317843 323 33556 339393 3469 3490 3644 36625 369947 369948 370431 4127 434 435 46823 483310 484332 510761 5161 5659 57251 581893 6571 676 7676 773175 79 791 795 797 8099 8202 8292 8454 92448 9245 9476,1022
1003 1048 1075 10888 1104 11913 124453 1257 12570 13042 13059 13119 1337 1359 1372 139121 150813 150814 150815 15095 16257 168151 16965 1740 1792 1851 187 1891 1893 191 194 19572 2079 21217 2164 2214 2286 231121 234562 2525 258711 258989 2701 2957 2988 3089 3114 316 319711 32881 329801 330 337 3412 34810 360363 394 39683 41420 434 435 44075 4562 464 4670 48 4800 49548 49750 5113 5614 5688 577 5882 598 5985 6051 6053 661756 703 7033 7047 7102 7206 7316 7450 79 822 83 842 843 84963 859 8686 9692,429
1048 10644 10747 11072 11074 1160 1181 11866 1211 1254 1336 1417 1441 147991 16033 1622 172751 173 1730 1792 1897 194 197133 2018 2372 2488 250 2688 2871 3027 304 3255 3305 357 379 3924 3969 4063 4065 41 41253 418889 423 425 4280 434 435 438 4459 49471 4959 507 5129 52766 5506 598 5985 602 6130 6270 64 64188 6853 71753 757 76471 7783 7790 792 797 808 850222 91,625
10045 1033 106 1095 109678 11514 1160 11920 123703 126346 1336 135 13644 1442 150 15007 1529 1622 16269 1710 1712 174188 176166 1763 177 18670 194 20095 20701 2074 2092 2105 2150 221796 2318 2507 25097 2712 27898 312 314 315 323 3281 337 3561 376 3908 40379 4043 4058 422 426 428 434 43884 4432 5007 5086 534721 5452 5507 597573 5983 602 6087 63 63176 640115 6551 67113 68125 69 72204 73606 757 76818 78555 79 797 8202 8657 9237 974 993,373
10648 1095 1154 1168 117105 11802 1200 125221 12775 14998 150 15137 1593 1617 167614 1714 1788 184 186 19111 211893 2385 2685 280 28106 2852 315314 323 357 38 3868 426 4496 5389 55886 6152 61927 61994 62017 6646 70835 740065 7532 7625 79 821 87 8773 8871 9245 970,135
10046 10133 10801 1147 1164 1209 12321 12322 12825 129773 1304 14023 14165 1440 148 151164 15717 164869 1714 177 18137 1827 18291 1842 18638 187 19660 2 2056 213 2209 230 23269 2655 2683 28 2871 28838 29825 304 31 314 3300 331 33421 354 355 3757 382 4169 422 427 429 4330 434 435 4368 52760 5313 55 56 56914 5699 57 60 6156 619 6332 665 68 701 716274 7194 7206 7374 76265 77180 7806 79 797 821 822 8573 8989 9180 959,673
1010 10309 104 10631 1066 1095 11849 1191 12234 131 13507 138 1442 151 151323 15137 1571 1613 1632 1638 170603 1839 1841 1856 19188 2071 209 240097 247799 2640 26596 2683 2685 2777 2873 2895 2896 299 300 31 31245 31247 317920 31825 3201 323 32702 328 34083 3437 35952 376 381 383 389390 40092 4305 434 435 445 4682 470 4736 4902 507 5113 529 5362 554379 5659 58043 591064 592017 592018 63 6404 646 647 6646 7113 734 743 757 784 8202 8282 8573 8645 86797 86798 86799 86800 86801 86802 8760 914 973 976 989 98933,574
10000 101424 10321 104 11384 1211 12605 1263 130675 135 1372 140355 150 1625 16250 16255 1746 183 18704 193 1995 20249 2130 2186 22203 23628 246749 2500 2530 2534 2572 2807 311 312 314 3197 337 3540 3781 423830 43165 434 527 554988 555058 570 6075 61740 63 7206 7595 79 7949 81107 8202 8256 877 9273 9467 959,70
105969 10967 1160 12246 123580 1320 1442 14839 171511 1849 1919 2018 2097 2098 23269 2335 23393 25078 25433 25904 2642 2685 27068 2769 281 299 301163 3022 3033 3141 315 3181 326 337 354 3540 3550 36745 3874 394 395028 425 431 49 4934 496404 5328 5424 54704 5565 557394 5877 602 6081 63 6893 69 701 704176 7209 781408 787636 79 795 797 8141 8195 822 830966 830967 83394 8437 878 901 9273 941,225
1 104 106 10662 10747 10769 11338 1134 1159 1160 1214 12471 129227 1313 13298 1337 134 135 1357 13965 14247 15390 162028 168572 16968 1710 173 17589 1760 1849 19441 1961 2001 2007 20072 201506 2023 2027 2047 2048 208360 21197 2164 2186 2213 223 2286 22944 23652 239 25293 25709 2631 267 2763 2769 2810 2924 31 32946 330896 3359 3367 34629 3498 355 357 36743 3701 373654 3772 381 3892 39 391 4006 41 416938 42 4202 426 42762 42790 44324 445 44536 44537 4475 45017 45289 4574 464 466362 46884 4789 483125 4897 49 4947 4958 4962 4999 5 504 508 5091 518 54393 54394 54395 5502 5506 5577 5695 5696 57 580 5803 5827 598 59977 602 63 65 6524 654 6574 6707 6857 6893 729 759 7677 770414 7791 78 797 8076 8380 8386 8415 855 85630 8573 878 879 886 8911 90488 9109 950 97 99139,438
104419 1048 1093 1095 11119 11532 1168 1282 12960 15493 1807 1849 1851 1961 20507 206 207245 2147 2200 223 234164 2360 2367 24898 2541 26123 2685 2710 2811 2838 31 322 323 3243 331822 331995 359600 3710 38258 396933 40254 4054 409 41957 426 432 4503 4513 473347 5100 51321 516173 516174 51765 5502 57 5839 5862 60281 608 63 64 6448 685849 6893 701 70618 71497 7244 73480 770 79 795 80 821 83 859 8781 8793 886 918 935 9488,181
0 1025 1075 1095 11598 1216 1301 1311 139573 1453 14934 151 15377 15488 17172 186967 1910 193 19352 2115 213 2157 2194 2359 25614 25763 263144 2709 28198 28716 29011 311 312 314 323 333 3412 35992 36625 37182 376 40379 418 424 434 4434 4492 461135 472323 477161 4956 4959 507 57 5821 587 6153 6482 656679 6986 701 79 8292 8379 88080 9400 953 9893 995,577
1008 104178 105112 106 1095 11216 118 1181 119160 1207 1282 130 1336 14877 149 151 1523 1561 15764 15857 1625 16269 169023 1700 1705 1729 177 1773 17916 1827 183 1849 1897 1915 194 19896 206 207 213 21788 22564 2525 2529 25732 2663 2664 2683 2685 2796 2863 28757 2931 30382 3042 31 31165 312 31255 323 326 331 333 3449 3500 354 3652 386 390367 393 394 4059 41 42 423 4268 432 4330 434 435 4414 442178 443411 445 4739 488 4910 4979 5052 507 50802 526 5300 5418 5422 5446 5472 554134 5577 570 578518 580509 5821 58555 613681 6152 63 666 7210 7244 7379 74056 742 752 758 76 763584 7660 768 7870 79 80 821 8632 878 9151 9351 945 9540 9721 9754,922
10074 1036 1164 11773 11799 11812 11913 1240 1301 13502 1359 142974 146 151302 1522 1570 169899 17402 177 181 185427 187 18742 1881 1893 1896 194 19455 19526 19837 2007 2097 213 21313 2267 2352 2440 248046 266454 2670 2701 2709 27122 27557 28897 28935 3114 314 32095 349 3534 35766 36785 37209 37493 382 3876 3880 437 4854 4910 49176 507 5085 5106 5506 551827 551828 607 60726 6701 681857 69 7122 72444 729 731 7560 7791 7806 7843 7881 79 793 8205 822 83573 8379 901 9153 9404 941 959 9710 990 9924 9977,330
101745 11383 11565 121013 1240 1301 134380 1511 15203 15325 1627 1722 17808 1807 18141 1845 1849 18837 1935 19768 1987 2018 20216 2086 209 2216 223 23308 2685 2688 268831 2798 2829 29189 29335 3147 32510 3441 354 3709 3928 400 40036 401888 41 42 4244 434 435 4404 44125 443072 4847 487 513 524169 539087 57 58 5821 6221 64 695054 701 727633 75843 7623 7788 80 822 823 826 831 901 923 950 989,463
1033 1048 1065 10822 11072 12169 12466 12563 1290 1296 129729 13287 13464 1359 141397 1417 1442 1444 146 150 1511 154865 1570 1574 1575 1620 1736 174 17604 180078 18185 1824 183 1856 1859 18893 1897 2034 2074 2107 21073 2187 2209 22543 2540 25430 2575 2710 273 314 316519 3324 3505 381 3879 41 42 423 429 434 4502 47624 487 50651 5422 5565 556545 5883 6052 64741 65378 69 701 7270 768 7806 7898 79 795 797 80 831 8377 8380 8492 859 878 879 886 9100 96 9669 97590 99102,123
1010 10134 10357 10436 106 1065 111834 11443 11857 11944 1219 1237 1263 1320 134511 1367 140093 14119 1420 145 1514 1524 1526 15458 1558 1617 1732 18108 184 1849 187 195 20141 2063 2074 2081 212617 2282 230 2353 2564 266595 267 2701 27941 2934 31 312 315 3223 3255 326 3296 33475 3470 354 365635 37 37833 3789 391 392 405460 4158 426 428 434 435 43713 455 458346 4725 4808 4809 5123 540004 556249 556605 5644 56813 577 605 658776 68189 708 7160 725450 733 7441 7450 752063 7668 78124 79 8399 8437 859 8631 8742 8746 901 90595 9504 970,2133
1442 1455 146 14956 1522 1546 183199 200 201 201088 2174 2186 2250 24469 25615 2579 2670 2685 2713 271324 273 27820 2851 299 3033 32654 33737 418 434 43923 4959 4989 51151 51776 53351 55797 580 5949 604764 61 6159 69 701 731304 743 7678 79 80 8187 822 878 8894 90 9312,117
10365 1075 10880 1243 1263 1313 1337 1340 137579 1421 14689 1496 1526 15414 1582 15945 1610 16829 170268 1705 173 177 17820 187 1901 2134 2166 23 23269 2352 2353 2364 250 2540 2541 26102 26614 268 2710 27987 3037 312 31279 3141 3281 3367 3469 35496 37757 39905 40730 434 4432 445 4515 4699 49129 4987 5 507 527724 534 5472 54817 5502 5672 582 586 5863 60 602 6052 608 63 669 6853 740444 757 762 7678 7870 7895 79 81256 8215 82794 8392 9062 94098 99,559
104 106 119839 131 1367 148 1576 167780 175821 1851 19260 2056 20651 2074 2360 2525 2574 268949 3109 3412 3449 3757 3880 405 41 418651 42 4211 437912 438 4432 4487 4502 504 5581 6093 68 7122 766 7804 7895 821 8256 83 831 848 85375 95 96 97 98 997 998,222
1007 1136 12141 12960 14057 14073 1445 15005 150960 15445 15446 17582 17808 1849 1853 1854 18600 187496 18801 19768 205 20507 2068 2086 21455 2189 223 2290 2373 249811 2583 2685 2730 2859 29278 2934 30178 34125 342101 370390 3710 376 381 382 38258 383 392 41 42 431 434 435 43505 44466 459274 5200 5405 5547 59981 6052 613045 63 6448 6557 6694 6893 7017 7515 765476 7663 795 822 83 8323 88307 9488 970,467
10148 102329 10290 10341 1066 1075 10902 112165 11602 11947 1243 131 13571 1440 146 146272 1561 15998 1617 16632 17302 175197 175198 1773 180 1926 194830 2128 222053 227 23269 23518 2356 2364 2507 26780 2712 2713 285987 292424 299 31 311 32574 3280 3281 34443 36084 361 38 382 3873 3907 396183 40 40539 41093 432 4324 434 435 4670 4795 4934 507 5167 52559 529 5313 5507 5883 606625 6096 6281 63 638 6497 666 671 6753 68154 743 7494 758 79 821 8292 83 847 8670 890 9453 9906,516
10380 104 1048 106 10931 113306 1290 133 1336 1337 13644 13694 13927 14012 14578 1460 148743 1505 1512 16341 166852 171925 172 1756 18899 19223 194 1945 2018 20292 20665 2074 2232 2250 228217 2315 235483 2381 2462 2507 25333 2622 273 2730 27881 2838 28452 29011 2928 299 3004 3027 30320 3069 309 31 315 316 31789 32999 33000 3329 339746 3542 376 3772 3904 3907 39216 394 395 40655 43750 4432 447530 4561 5065 5138 523111 523112 52410 5247 5429 5502 5862 5884 6052 607 61 63 6460 69022 7017 7200 729 736 7507 759 784 79 80 8065 823 826 8386 85 8573 89 8972 901 962 97 970 9799,357
106 1074 1095 1147 1168 11956 120726 1211 1243 12447 12819 13192 1357 1422 150 1514 1524 1526 1529 1617 17181 1733 181 1817 184 187 1897 1903 191 19351 19352 2074 215 218888 220 2200 23269 23638 2372 244469 24707 2530 26251 2685 2710 2777 28 314 32225 3243 326 3300 3449 376 377 381 3865 392202 39905 40 40851 41235 434 44077 44743 4558 4646 4661 488 4978 5271 5272 5411 54896 5502 561 5862 60123 6087 6089 61 6217 63 6462 6468 64826 64943 69 7197 7202 72066 750 770 7843 7870 79 797 820871 822 83 8443 879 888 8944 901 9062 90648 9416 9650 9867,3710
1048 10636 106807 106894 109214 114 114380 11465 115040 12135 1245 12681 13287 13331 1358 14548 15390 15714 15715 1625 1719 1736 179 1845 1849 1851 187 1883 191 193 1967 19956 20871 21627 2186 21982 2209 2286 23652 24348 2484 250 2546 257 2653 2711 27300 299 306775 307597 3101 311 314 316 326 32708 327124 3296 35502 3567 3757 376 3892 3928 3956 40080 41170 41263 4139 41541 4215 434 435 4447 49 4908 4985 51356 5303 55286 561827 5659 56626 57 5821 6024 605568 6123 6189 6191 63 64 65 69 6930 713 718441 77 79 80 8019 8121 822 83 862 923 9637 974,519
10321 10536 11074 112421 112884 12445 12466 1337 14409 146 1460 149475 15448 15488 1625 16386 177 180 1851 1856 191 194 19600 19605 196512 2002 201 20423 2074 2092 21 2115 21289 2151 2189 2216 228 23269 237 2491 2499 25822 25850 2674 2683 268603 2724 299 30498 316 318563 3278 3280 33392 3349 3519 3704 373040 376 38 381 382 4006 41 41697 426 4306 434 435 438 4432 48 4888 5200 527 546 5570 5654 580 607 607969 62976 63 666 6849 7179 750 753 759 768 795 8054 8215 82322 830 90 90928 971 9710 9886 9921,677
10269 106 1147 12175 12975 132 13802 14119 14294 15458 15594 1759 177 1807 18426 1945 206100 207 2174 24394 2540 2653 3033 311 3141 315 326 33822 3490 3618 37 376 38 41 411484 411485 42 4330 434 435 475598 49 5653 60 606080 623 63 66201 69633 751 79 79421 822 823 8989 9062 9735,548
1033 10451 10625 10772 10780 1095 1168 1232 1243 12540 129556 13389 134 150 15099 154270 16901 1709 1861 1903 2017 2074 2151 2209 2252 22543 2360 2526 2541 2648 275 309 33131 34341 3442 3500 353482 376 38 3802 382 38290 395 41 422 435 465819 57 573091 5884 5891 62151 64 6947 705 70835 740065 79 797 828 831 918,124
10354 106 107376 107840 109 1095 115733 11667 12563 132 1337 141 141233 141234 143 1442 14633 14708 151157 1604 1605 1606 162690 1729 17828 183 187 1903 215953 22741 23463 246 248104 2663 2664 2685 2730 2755 2871 31165 323 326 329 3359 335987 354 35675 35757 36616 3873 4136 49 50802 52760 54346 56245 574296 5777 58756 72179 742992 752 787 7870 7949 886 901 93 966 972 9736 997,209
104 104641 1048 106 10748 10913 1188 119 1243 125823 12657 13 13090 1310 1337 1346 1357 13991 14485 146 1514 1562 1712 1746 1770 19005 194 20145 2048 206398 2162 2248 2352 24070 268 290592 30415 3165 32371 3367 3386 3500 36198 38113 391829 394 400 4217 422 434 435 44301 4432 4587 4934 5138 529 54338 566 58631 58653 59131 5985 60675 607 60817 63 6753 6844 711 7449 77 79 8050 8200 8256 8296 8437 8581 888 913 928 959 9591 97 9739 9789,431
1016 106 1095 1140 1168 11925 1250 1282 1308 1320 13295 1347 146 1512 15132 1526 15795 1593 165136 18292 1845 1849 1903 194 20062 2081 2098 2128 2282 230674 2335 234875 236085 23658 247333 2500 2530 2564 26650 2685 268882 279540 279541 2796 2805 282594 282596 287880 3026 315698 326 34131 3669 3873 3874 394 422 426 434 435 458749 4863 50221 508856 5091 5288 560555 560556 59247 59248 598 6189 63 63649 64 66155 6753 6893 708145 720790 7678 78102 797 803251 838 8495 878 94 96,524
10160 10541 106 1243 12902 143 1471 1475 151 1623 164248 1705 1734 1759 1783 1807 18507 194 195 19634 20216 2115 213 220 22282 2250 231821 2465 2500 27943 310 312 326 3275 3324 3349 353286 354 36625 37493 377 395 41 41263 42 426 430 43504 4365 4513 45715 4653 47103 4910 4992 507 5095 5122 60 602 6073 63 6701 822 8256 86082 886 90 901 9151 970,211
101406 101725 1033 1048 11223 115 11913 120052 12090 122200 1243 1245 1246 1249 1320 1337 15963 162238 1655 167655 1705 1736 1849 19657 196921 20141 2018 20386 207 2098 222047 2335 23435 23528 2364 2495 2499 2500 25886 267573 2685 276 298313 31 311275 326 32699 3274 3319 33645 3367 34509 38052 3874 3954 40 40857 408773 4181 426 4319 5007 50197 5113 53920 57116 58 5831 64 6893 692116 7199 7531 787873 79 795 827 83320 83587 878 90622 907 9144 98,193
10269 10819 111 1153 1177 118659 12373 13244 13991 1444 148214 148215 1504 1593 16370 172 1745 1856 1891 2074 20934 2097 21321 22346 2327 2351 2352 254 27440 312 3141 315 3166 3208 3215 323 3545 3546 376 37601 382 38618 3892 3922 393 40543 41 41253 42 426 4460 4475 48 482 4934 4936 5114 5328 5543 6002 642 69 759 79 8299 842 8437 8762 886 9505 9567 9787 98 9857 996,106
10000 10410 106 110 11415 11967 1211 121529 12356 124 12402 1243 13 131 1336 13551 1358 1369 141380 143 1442 151 153589 153970 15460 155 155268 1594 1685 17302 1745 1767 183 184531 1856 19054 1919 200 2048 237 24000 2409 26196 274 2790 28169 29768 3027 302985 304133 314434 3320 34969 37002 383 386 40379 4043 426 429 4432 455 49169 4934 5 5167 5313 54713 54842 552 5849 5994 607 63 63762 651 6886 6890 69 7347 7555 760584 78340 8059 821 83061 8413 877 9017 9266 9482 9491 97 9936,224
1033 1095 11667 125247 1296 132 1364 1460 1579 1593 17491 1763 1773 1800 194 20897 210111 21459 22543 2372 2663 2664 2685 29069 299 31165 315 3159 323 3280 3318 3406 354 374 376 3956 41 4124 434 438 4558 4670 4698 485211 487 50802 50904 5148 521005 546 5980 602 64242 666 6947 740652 752 79 80 84644 9151 970,92
10067 10134 10308 103572 104 10421 1048 10512 1074 11424 11564 11694 11695 121354 1240 126732 12758 1312 1337 135 13503 13620 143 1452 14984 151 1563 15779 15852 17562 1759 1839 1849 1918 193079 193080 2023 224901 22766 2282 22856 2344 246285 2525 2701 28716 28717 28733 28986 299 30677 31 31066 3114 3189 32169 326 328 329 331 333 3386 354 3540 36129 36625 368992 3749 37980 391 392 3939 39980 428 43926 4546 47571 47572 4809 48117 4823 504 5113 52984 5303 53100 53275 54882 571855 5985 607 6109 63 6468 676 679 6893 6935 7238 726 731 7563 7815 826 84641 859 901 923 95683,1386
10040 1007 10330 106 1160 12055 1212 139602 1514 155808 165116 1745 17595 18258 1902 1910 19654 201 20282 2047 20499 209531 210 2168 220666 223845 2251 232626 2501 2688 2769 284410 289026 31 312 315 33448 33748 339525 341030 3490 355 3602 37 376 38 38012 382 3928 394 434 435 4355 44439 4678 470057 4789 508335 5115 5507 563527 5653 576653 6013 62809 63 6423 67034 701 703 7266 73294 733 759 762 7660 79 8437 85268 85787 859 8645 8877 901 9236 9476 97 971 97503,470
1007 1033 10706 1075 11157 1224 12776 1301 13220 14703 15957 1726 1800 1849 19380 19768 2023 2086 213 22824 2364 2410 26506 267 268 2709 3089 311 3148 3150 316 323592 326 3275 375 38 41 415 42 48881 5 50115 5041 5100 513 529 531 55683 59066 6052 63 703 7082 7239 743 7513 79 797 8257 826 8437 89119 932 9692 9817 99368,130
1021 10649 108069 1095 1237 1243 1321 1336 13362 13405 134960 1364 1448 14530 1488 1496 1581 166779 1803 1805 1883 1961 20282 207 2187 23269 24454 24455 24456 24781 2620 2710 299 30330 3190 323 332 36923 374774 376 381 382 392 40639 469273 48707 497 5 507 53771 54675 5522 5571 56365 599074 63 6542 67 676 7101 7206 72153 79 8379 842 843 877 9152 91805 9245 9671,101
10124 10132 11550 12044 1243 131 131256 13388 1685 1746 17515 1849 1910 19103 1961 19768 20650 2086 21081 2151 21743 223 2282 2485 2500 2688 31502 318 322 323 32555 32661 3345 33501 35188 3536 354 35946 370 38 40 40494 422 425 426 448643 493789 504 507 5087 5106 52584 5803 58305 598 60 61 63 6388 6482 6488 65 6524 676 6947 702 706 7228 731 738327 7449 75841 7767 797 877 8776 8899 91483 94 9488 9558 959,86
1048 11072 1145 1214 12269 1274 12960 13276 144854 1514 15807 1622 1730 1740 17897 1849 18970 1903 2092 223 22345 2372 24707 2500 2540 2685 2787 28506 2992 30150 30151 3080 312 314 325 3710 381 38258 407760 4158 431016 4502 4703 489436 53204 556163 5594 57504 60 6002 610941 6211 6448 651467 6893 7555 779 79 795 826 8380 878 9062,166
1008 10134 1033 104 1048 10822 110606 11328 1147 11598 118 1243 1245 1274 13 133686 135 1382 1440 1468 151 15155 1522 15594 1622 168400 16847 1735 1807 198800 20404 2088 209 220 2248 227 22808 22950 2341 2360 245 24519 2500 2526 2529 2638 2810 306681 31770 32 3278 36 3733 3737 3831 394 4043 425110 427 46638 474 4966 5119 5120 5224 5228 546 5565 55910 56238 56950 570 57358 57454 582 586 58939 602 61 6151 6421 6853 709228 72118 7398 78121 79 8182 8202 822 8380 851 871 877 89215 901 945 997 998,138
1290 143 1516 1562 1744 1755 177 194 2024 2074 22747 26154 2683 2685 299 3105 312 320855 3262 328 336319 3386 35496 355 3648 376 38 382 391 41 42 426 434 4994 5506 5999 61 63 6701 68872 701 7121 759 760 78347 79 826 828 9151 96110,388
1045 1057 10587 10748 1075 12774 1290 1291 1337 144616 1573 15916 1745 176442 183250 1849 187 19768 2086 214021 2200 2338 2364 26596 2683 2685 273 294459 299 307573 35424 36126 3647 37196 38 40 40927 437 44024 4563 5161 51636 5227 5385 550317 5725 67411 68 6852 6893 72424 726245 729 759 779 7898 79 821 8262 83537 878 98639,198
10341 1048 1146 11618 1257 1314 1315 13264 13529 16301 1757 17584 178 2027 2035 217402 2248 2250 2352 235773 2364 2462 24986 2501 2538 2701 2751 27842 3027 31 3281 33599 3367 3386 35639 38304 426 429 430 434 4513 4657 4888 4934 495 52195 527 5718 607 6462 6709 71260 733 758 7619 762 79 834979 8702 9506 9519,210
1010 102447 106 10625 107300 108223 1095 11010 1102 11081 1168 12398 1263 12785 1310 1321 13324 1336 13450 1364 1386 140996 147921 151 15576 1615 169369 169370 169371 169372 16968 174315 176731 180 1849 1902 196267 1980 2047 20677 2071 2076 2081 2086 2092 212 213 2151 2164 217082 2251 22881 24579 2462 2507 25892 26123 2659 2683 2685 270212 2716 2807 29832 30548 3078 311261 315 3158 323 32362 326 3275 328 3300 33366 33550 354 364503 376 38 40 40036 41 42 434 435 4559 4573 482 4964 507 5086 5357 55364 5557 5600 5614 5721 582 5839 6123 61392 6200 6241 6280 63 631 63913 642 6423 66668 6816 68789 69726 703 71743 7211 7532 76152 766 784 79 80 8020 8188 822 826 8407 843 8438 847 86225 877 878 879 8861 8871 901 9076 923 989,667
104 10544 10587 106 107 10754 10782 11115 11170 11383 1243 1257 13090 13397 13596 138 1441 145790 145791 149246 150 1514 1526 16968 16972 17964 184 189905 192 2097 2131 2151 221756 23518 2352 24000 2500 2820 299 29907 31 3141 316 326 3276 36743 3744 379 39153 39683 41 42 423 434 435 463 48 483333 493 4994 5007 5106 5138 52154 58 61178 7047 7102 795 826 83649 886 9506 9746 9773,567
1033 104 1048 1057 1095 11214 1245 12761 12960 13090 13689 1371 14050 1441 144450 145576 145577 145578 1460 1562 15956 16933 1759 17680 1773 181974 1849 18579 186 201966 20507 209 2186 2216 223 2250 23308 2364 2422 2485 2633 2683 2685 2712 2753 28990 29052 30636 30848 3150 3255 326 335224 347 354 37 3710 37194 3757 38258 3872 38913 39252 405 408794 42517 434 435 46040 49529 4994 5161 5227 527 5559 57 5882 60 6075 611309 6130 6197 63 6448 666 66909 670551 704 726 7625 7636 768 7767 793 795 7983 826 83 873 87409 877 901 9151 91880 970 9710 974 976,453
10246 1033 11072 11170 112617 11434 11441 11682 11815 12030 12627 13235 148 149070 184 1845 1849 1893 1903 2035 2047 205 2060 207 21166 2168 222154 222155 232198 23269 2338 268 2683 2685 29907 3025 311535 314 316 323 333 3539 3649 37301 3800 382 384 385 423 434 435 509 5577 602 631 6482 6544 664315 727859 764 776437 776438 7788 791 793 8252 834 8742 918 9182 919 920 9671,1107
1010 1011 104 106 10625 106524 10815 11829 12015 133 1337 135 138647 148 1569 15959 18550 1856 1885 197 199 20075 21485 227 22882 2372 2429 25089 276 3172 326 3540 368 421031 427 4432 44464 4962 50685 52120 536 5478 6123 66863 6955 7177 7262 7694 783 79 795 7955 8202 8287 8409 8418 86105 8871 94383,75
1036 106 1105 111663 11582 11596 1216 1249 1311 13284 133 13655 138 14247 1442 14467 1450 1492 150 152023 1593 1659 1719 172343 173 1746 20019 2056 207 2075 2171 219134 2231 2360 23848 23917 24621 261012 26123 2738 27767 315 32502 32576 3338 33729 36212 379 405 4068 41 41451 42 422363 423 429 434 44694 5067 507 5201 5380 5577 5624 5659 58 6002 602 603 6051 6075 6954 7153 731 734978 748 7513 76 79 8141 823 8231 8284 832 848 85254 891 900 9109 9476 9508 976,165
104 105687 1168 11913 1214 12575 12799 13653 1402 14182 147172 1535 15488 16250 16745 17026 1719 173 1740 1746 1827 184334 18483 1849 18674 18794 18993 18994 1936 197 2174 22364 2356 237 24329 2484 24856 2712 2714 293683 295544 30102 3089 312 314 315 3201 32231 323 32330 36152 376 381 382 383 3872 40 40036 40814 41 42 426 434 435 4429 4855 56 5669 57504 579 598 6052 60854 6087 6225 6226 63 63130 6533 68160 6885 6887 69 69233 701 711 72100 7721 79 797 80 81526 826 831 838 8917 901 91187 913 9814 9849 9858 997 998 999,604
104 1075 10943 11483 13261 14012 142 14723 14839 14983 15482 1560 16006 16581 17181 17803 1807 18297 19133 193476 197 19989 20676 20891 21827 2200 23212 232144 23544 2364 2500 2502 2507 254 2540 26065 2622 2633 2685 27327 2799 310 312 314 315 3254 3281 3539 3649 376 38 381 382 383 3967 40080 41997 43226 434 435 4492 4682 47706 527 542 54672 5506 5669 5695 5696 57 57252 59744 615 63 631 666 6840 6852 688 748 782023 79 795 8009 8276 8292 878 8801 8812 8868 8870 9151 9157 9236 9404 96809 97410,482
10000 10269 1033 10411 10827 10828 10829 10830 10831 10832 10833 10834 10880 10967 110 111 120784 1255 1263 1282 1371 140386 1419 14258 1460 1561 15898 163133 173 1733 18674 1869 187 1896 20157 20501 2134 2174 2187 22543 2282 231680 2364 23791 2423 2431 2540 2541 28716 28717 289264 29049 2914 299 311 3141 3159 3243 328 347 3485 3533 3539 354 3620 381 3868 38733 39814 4043 4054 423 426 42684 432 43288 435 44018 4547 47472 4777 4806 4809 4816 4907 4913 4961 4964 5148 527 5581 570 577 5836 604 634 666 686 7009 703 7244 735 7789 79 8061 821 822 8275 8696 9192 9715,276
10000 10134 10341 104 106 1095 11072 11219 11249 1127 11383 1311 13416 135195 136958 1442 1445 151 1570 15895 16341 1719 17808 1903 19264 1961 197 198 199 209 2128 2174 2277 230 2352 2381 2500 252819 26424 2653 27159 2798 29752 3058 3059 314 3141 315 31818 3197 3247 3278 3349 367 379260 38 382 393 41 42 4215 426 43 43900 4432 4487 4842 487 49803 4999 5100 5145 5509 5565 5828 6221 63 6524 6698 702 722013 73480 7639 7787 7881 79 790 791 802477 822 8630 8829 9173 9482 9710 9775,163
104 106 1095 1155 1158 116331 1168 1184 1187 12073 1245 1320 13465 1448 1460 146464 1537 154429 169193 17256 1732 1759 1760 18877 1903 194115 199 201 2163 2250 226413 226415 2356 25223 2873 2889 2957 30237 316 323 326 333359 3367 355 371362 3733 3880 3888 394 42 426 4271 428 429 430 434 46067 49 495590 4978 5086 510673 5224 5507 5588 57 57504 6009 60427 677423 69 702 711 713 7343 746617 762 775724 79 8005 808365 814 8437 847 8528 944,359
1 1016 10410 10415 10619 111328 111599 1122 114 1168 11786 12095 1214 122264 123312 126065 1296 12971 1301 13862 13977 140302 1460 1514 15642 15687 166847 1739 17515 1773 18674 1903 1945 197 1996 2027 206947 210 2147 2208 22326 230 2465 249 2493 2500 2507 25565 2624 2709 271372 272302 272978 2764 2769 27840 27898 2805 2811 2998 300 3197 3255 326 32645 328 3281 33149 342311 355 365711 381 386 4054 41 410310 410311 41333 426 434 438 4534 45605 4696 475645 4808 503972 5191 5227 525995 549201 55054 5507 580 62993 63 6305 659075 659076 659077 66 6893 7025 7159 718 72349 7244 7404 7560 7616 773 79 810 816 8262 85 852 86014 879 90 901 90555 918 9501 9506 9520 9524 95570 9647 972 976 98199,237
1033 104 1057 106 10790 1104 11565 11575 11651 1237 1240 1243 12513 12573 13019 1321 1336 138 13927 13945 14631 14633 150 151 17228 17818 1827 183 184 187 193 194 195 198 19872 1998 2063 20651 2157 2163 219 22044 2209 2213 2250 2279 232330 2364 2431 30426 3058 3114 3141 3142 3143 31446 315 327474 3283 3293 3301 333 3406 34445 34446 3490 3629 3648 365 3710 372266 376 382 384 3873 3908 392 394 395608 395613 39602 41 42 425 4288 4324 434 435 4389 4448 445 4487 45490 4916 4934 507 5091 5138 527161 529 5420 5495 57 577 58 6017 6073 61 6139 622 6221 63 63176 63307 63970 645 666 76128 7677 79 795 797 7984 8257 8379 847 8487 878 9005 94840 9506 95573,587
10133 10134 10649 1163 12322 12438 1252 1296 13830 146 14805 1574 1575 1576 16632 1736 1739 17808 18289 183 1845 1851 18893 1896 19027 20182 2063 2075 2076 209 2120 2200 2318 23269 261077 2622 2683 2685 2710 2769 299 30015 3114 312 314 3141 31868 32338 32547 3276 3324 33737 338 3539 37301 376 38 381 3819 38543 41 422 42416 426 42828 4289 432 434 435 435540 4503 476912 4981 5041 51113 5520 55578 5653 574 5884 598 608 6519 6533 666 69 71756 748 757 7636 767327 79 8065 812 822 8437 878 886 9204 9746 99494,691
1 104 10420 106 1083 112524 1194 1200 1216 13 1345 135 13758 1377 13927 14052 143 146 151 152815 152817 1604 1605 1606 16502 17005 1749 176439 1797 1800 182068 18567 1857 18821 1903 1995 20871 2150 230 243 2440 249 25947 27721 28622 2962 316 3701 3710 3733 379 3892 39661 403 4217 4280 429 43 4434 48 4816 4934 508 5175 52 52852 54569 5521 5600 5603 57 5775 5840 6087 6255 63 65778 65800 65801 65802 65811 65812 65813 681 6853 706 722743 7278 7347 7454 7470 759699 76 79 8202 84347 85201 8528 877 91012 91907 974,327
102 1039 1042 1057 109278 10992 114571 121929 1255 138984 14015 1517 17853 193 194 19499 2164 2186 23167 232283 232285 23269 24138 246136 24626 24707 2526 25810 2685 27733 29094 299 3104 32705 328 33232 3386 3512 352589 364835 392 393 39950 40080 45634 4670 492938 4937 503910 5086 50906 51925 53541 5467 5507 5614 57 60 6330 65503 68158 6849 6893 701 7520 7527 7704 79 80 843521 8437 8528 89669 8974 8985 923 9400 9416 9427 96695 976,202
10271 10280 103067 104 104163 1048 10659 10711 1076 111627 115496 115497 11582 11651 1243 1251 12593 12597 1280 1308 135 1393 14897 151 1511 16091 1625 16512 16540 17034 173 17600 17601 177 1773 1807 1845 1849 18526 186 1892 1897 19583 196931 19768 2003 20132 2092 21321 2134 2187 2201 22091 2282 2534 25430 2685 2713 2716 28 29832 3024 3031 3289 337 3490 354182 3813 3879 406738 4174 429 452494 457139 4653 46553 4677 474 490 5005 50164 5052 507 52112 527 5413 5534 5578 5603 57 602 6108 63 6332 66701 6853 687916 69 7450 748 75303 7616 7788 78 781 79 795 79997 8202 84208 861 87833 88200 93 9404 97291 9754 989,476
102654 1048 1209 12533 132 1337 13416 1357 1421 14612 15488 1570 16096 17737 183 1853 1856 18862 1891 20242 213 2151 220150 2250 23146 2352 2372 2500 2712 28547 2871 304 314 315 325963 35654 3789 382 386459 393 4091 40974 432 434 4432 44517 4910 5049 50652 536868 56286 60 609 6226 63 6457 667347 68073 701 7898 79 797 8029 822 8487 901 9266 95455 9677 9707 9736,176
1095 11651 123147 12331 143185 1441 1496 16683 196365 2002 2664 31165 323 3276 331 33365 378632 42123 429 434 435 448854 452122 452124 5381 55747 567553 6482 693553 724031 744637 79 811779 8528 8535,722
10321 1042 10527 106 11384 118921 12413 125600 132 1337 13466 137481 13874 14443 191 19364 2074 212882 2130 2201 23087 2410 2583 2896 30440 311 3141 31770 3412 347 3540 36163 4058 43189 478299 48210 4828 5052 508 529453 5422 5429 566988 59722 6382 6931 7120 7122 729 7334 79 8089 830 8437 9273 9836,96
1048 1075 1163 12495 12910 14193 164332 17302 1775 1809 18323 194 2023 20870 2323 2364 2493 2530 29178 312 314 323 372 392 40332 429987 434 4587 51470 5654 6069 61561 6172 6240 669 7806 8257 8292 8390 886 9245,57
1005 10251 10278 10282 104541 106 1065 10884 10950 112826 11518 1154 11575 11913 120602 12490 12960 1336 13388 13528 1526 15746 160312 1610 1613 173 173735 17475 1763 177 177687 177688 177689 177690 183 1849 194 20507 2060 20745 212 223 2231 2248 2437 24676 24890 2565 2683 2685 30133 3033 3114 326 329 3320 33760 3596 367 3710 381 38258 40 403 41 42 423 428 433973 4404 490 507 5106 5122 5227 5228 52902 5301 5458 5522 57 5718 5821 60 6002 634 634797 6448 6857 69087 693532 693533 701 7244 738 7494 757 791 80 822 8268 83610 8501 8635 8645 8646 874 879 8812 9871 9977,408
104447 106 1066 10806 10931 1152 11773 1214 12608 1263 127737 12975 13526 14801 14819 1511 1517 16238 16242 177 1819 1849 191178 194446 196893 1986 2018 2320 2373 23742 23841 239520 2437 24395 24523 24822 2507 2683 2685 2688 2701 2871 299 29933 30292 3089 315 323 326 3332 336 33667 3367 354 36409 37953 38 381 38119 382 4006 415402 434 435 4459 4513 4699 5007 5071 5200 523612 527 54149 5507 56388 56390 5763 5899 60 6189 63 631 6361 6482 6646 68005 735 76 7631 78691 79 80 800 8054 8082 8437 8632 901 9138 9266,1449
1033 10605 10967 11113 11115 112594 1159 12119 12322 127404 1288 1296 132 1336 1337 1357 13927 1442 1454 1514 15207 16186 1694 17056 1719 1892 1897 1903 1919 197 19779 198 1991 2005 20569 206 208971 214382 2151 227 2275 23247 2373 2507 2530 2575 2685 2769 2777 284616 28984 30454 3114 319533 322 33586 3412 36791 37740 37765 382 3873 3892 394 39524 4211 42855 432 434 43953 4432 4448 4503 4934 4964 507 5161 5206 5272 53134 53135 549956 5502 5506 5577 5659 57 5848 60 6153 6157 6177 63 6805 74122 7625 7728 79 79169 80 8256 834 8414 8487 859 861 886 941 95 97 99,269
106 1067 108127 108128 10865 11446 1163 11959 12064 1237 1243 12704 1290 1296 1312 13388 1382 14505 14839 150688 1561 15939 1622 16366 1697 1710 1712 1749 18152 20263 2097 23269 2372 2500 2526 2540 2710 27220 2783 28441 292774 292775 3114 312 314 315 3159 3190 3197 3208 326 34478 376 38 3815 38615 3868 3888 40801 4090 4215 4217 4276 434 4444 4561 45921 4698 48512 487 5 5237 526522 551 5621 5624 5684 5719 5910 59312 6382 6383 64 660 66069 667 6853 6854 68811 74157 7520 7806 784 7898 79 792 80 822 8220 879 9062 9151 9193 9510 970 9775,357
1005 1016 1033 10443 10473 1070 1093 1095 10951 111493 11331 113869 1181 12402 125127 12563 12564 126625 12975 13287 13644 13830 147755 1523 15454 15765 1712 1713 1714 1719 17294 1740 1849 187 191 203074 2056 2074 208 209 2164 217369 223 22851 23274 237 2493 26065 2683 293286 2934 29658 309 30937 312 3141 315 323 332143 335792 36374 37636 38091 40544 423 434 435 4502 454592 4752 4823 48702 4910 4964 50311 520504 5235 5452 5522 5766 586946 5877 58945 6004 6009 6210 62809 6423 68437 6908 711 7595 7601 7735 79 8412 8414 8437 851 96682 9867,425
1033 10357 104 113 11667 118260 11965 1200 12057 12353 12474 1263 127748 132232 1343 135 1448 146 14839 150659 152186 1524 1617 17604 177 17853 1849 19341 197532 1976 200194 20233 209 2174 21984 2213 22609 23131 23463 2364 23728 2529 274 2797 2816 291830 299 300188 301792 3359 33681 3449 351370 354 37879 3844 40 4009 41661 4176 434 435 4561 46527 468 4691 4901 4902 508 5167 535531 5429 5663 566757 584 60769 61492 63 6306 63063 6440 67116 67117 7126 7135 7365 759 784 7895 80 800 8202 8257 878 8939 89849 9438 974 986 994 997 998,618
101750 106 10705 10874 114 11585 119568 12532 1263 1282 1304 13237 141441 14293 1455 14778 1496 14982 14983 150 15474 16528 175814 183 1849 1903 193467 195569 19924 2034 205 205228 2128 2163 222337 222338 23333 237 24165 2507 2526 2622 2641 2642 2707 2881 293690 2937 296306 302469 31129 31161 3140 3146 315 3196 323 326 354 355 379 381 405 4057 409 41814 4217 432 4404 445 45714 4689 4794 48 48002 4828 4910 4937 4961 50210 505 53659 570 5773 602 6191 6211 6221 6226 63 63208 6448 68 686 68810 70782 7244 73973 757 77576 7870 7910 8052 8691 9312 97,228
1021 10599 11752 12960 1336 13528 13946 14651 160585 1729 173 1824 1849 187 18835 1903 19212 1946 1953 20522 2074 209 2132 2168 223 2295 23048 2416 246 24739 2526 2540 2541 2638 2683 2685 269 26919 26979 2710 312 315 3159 323 3272 3515 354 3710 37953 38 382 38258 384 385 4061 40875 42752 434 4475 45714 4625 47812 5113 51882 5459 599376 599537 60154 60245 61 615492 6448 671882 6853 6893 69174 73620 758 77710 7788 787 789 79 795 83 8619 86336 8645 901 9062 9721 9745,281
100071 100072 1057 10971 115917 125692 1336 1337 138874 16138 1653 1773 18034 18952 1897 1967 20979 21758 2528 2639 28295 35 35144 38 422 4280 434 435 44 445 44671 4680 4808 5065 5115 527 5506 5565 5588 5726 5883 608 67208 7009 71095 7200 79 797 812 838 839 8397 886 8972 900 9271 93 941 9442 959 9608 9690 9692,458
10255 10256 104 1042 1057 106676 10871 11115 11274 11664 119 1214 1301 1337 1347 143 154746 1746 1759 177 1799 18425 19188 194 197613 19768 199538 20280 207 2086 20876 214148 2151 2174 21824 223 2335 2352 2364 25 2530 25540 2683 2709 27146 273 280506 29785 312 3141 328 34102 3490 34994 354 372 38 3873 40080 4267 43 432 434 435 4699 4908 49506 502490 502491 51352 5138 52540 5272 5507 5581 5877 587739 5897 5985 63 632146 6457 6701 67966 7616 770 773 79 80978 8256 8257 8379 838 83837 8437 879 941 945 95 9608 9754,731
113335 113336 1219 1237 1240 13962 14877 173 17417 1903 201750 21232 21233 22174 2240 22786 230 24627 2579 2764 28015 28047 29239 2937 3109 33794 34222 353 354 368971 3733 38 393687 394 408998 4091 41 42 43699 4698 4888 502025 5113 5200 5225 52298 5235 5402 5492 5663 5843 6051 6147 64 65060 69 6983 708 726 7374 7441 7510 76634 7946 80 846 8518 901 9506 970 97758 997,160
1044 10454 10927 11217 1152 12701 12720 1282 129231 13 13192 1343 14538 1518 15241 1536 15957 16281 163 1705 1735 1759 17850 17867 18973 1910 194 1991 2187 2245 22727 2329 233 2335 237 2583 26596 2721 27556 2878 28893 299 303 3080 3114 312 3296 337 3459 35424 3647 376 3762 382 3868 3908 40080 4033 4056 423 428 432 434 435 459 463 4723 487 488 4962 49728 52744 543 551 5577 5588 564261 5672 5727 6142 63 6450 6462 6817 69263 71705 7209 7244 729 737 762 7685 770 831 8395 8437 862 8670 8725 8801 91 9253 9476 9511,514
10119 103645 1057 1191 1263 1285 1288 134 13416 13537 1407 14116 1498 16965 1778 1788 182137 182141 186604 1910 1967 19752 215946 216262 2184 21954 225732 230887 2364 2515 2564 2678 306 3239 34674 35252 35493 362673 36797 42217 434 43433 435 54464 545 546 609 6361 6578 711 736 7465 7560 759 7911 7913 80899 9200 9649 971 98 9836,360
1000 10036 1010 102735 109 11015 11064 11243 11860 1214 1232 1245 13384 135 13985 1403 14195 1442 14514 1454 150 1522 156181 16142 1659 1709 1752 1759 1760 178 17920 18163 18787 201 2194 2251 227 2360 2373 2423 2462 25616 2564 2565 25907 261695 2683 27714 28716 299 31 314080 315 3166 32219 3276 33640 353 37301 37586 379 425 427 428 4448 44939 46795 49065 4934 494345 5 507 5127 51410 5200 5247 5332 5347 5358 5890 60508 608 6189 6211 6238 63239 6975 6986 7474 7616 791 797 81718 81832 8297 831 83595 8409 8525 8526 861 869 8887 8921 9013 972 9726 9971,271
10321 1033 104885 11170 115 1288 1313 13169 132 13292 1346 13932 143 1442 1453 16968 16972 16975 172 17427 18376 18985 19143 2018 207 20849 2217 25322 2730 290977 2930 304 31 3114 325254 3276 381 3873 391 5191 602580 606 6697 6782 75 7870 81832 8474 8573 8989 9000 9287 9434 9504 959 972,276
10027 12343 123471 1243 1252 13136 1337 1421 151 1515 1517 154914 1705 172 18571 1868 1897 191 193 20421 2093 210 2110 22409 231201 2335 2364 237 2465 25075 25687 25763 269697 2732 2873 2924 30333 315 33551 337 347 354 401949 4123 425207 428 4331 452 507 508 5106 51797 52255 547 5547 59078 63 63212 647865 6893 701576 728292 735 7677 784 811 8257 8413 8437 901 90196 9977,207
10624 11034 114396 1301 1310 13292 1336 1367 1372 1441 149883 1623 165757 172 1746 1804 182908 1903 20049 203596 2327 2344 2364 2500 25075 261176 2683 2777 311 314 354 3566 357 38 380093 40 415185 423 429 434 435 44361 4570 4575 4712 4907 5250 527 53622 550177 57 5727 5916 60355 6052 61114 64504 6659 67972 67974 717337 7194 7206 7663 770 7723 7898 79 797 8257 84299 8505 8573 879 9357 950 9511 989,433
1095 11196 1168 12733 130164 13530 1372 18289 18481 21568 22143 23269 2417 2924 293973 296479 2971 30326 30904 323 325 32664 3738 382 385 4319 5509 577666 6104 7206 757593 795 8528,84
106 110706 1147 1168 11920 1200 1216 1243 14162 149795 1537 1562 1571 159878 170497 1710 1719 1794 180 1807 183230 183240 183917 1857 189909 193 19300 197 2018 20701 2074 2150 22195 223104 22955 24344 2440 2507 25964 26618 2769 2783 290755 3058 311 314 314845 315201 323 3255 328 3437 3721 376 393 3972 39986 417949 423 426 428 5808 6009 61 6130 63 64 666 686 6934 708 70954 71915 7288 7510 79 795 810300 8197 8306 860 90794,173
1008 1016 104 1048 105 1095 11415 11602 11990 12394 12725 1279 13294 1448 14772 14877 1539 1624 1637 1710 1756 18353 1845 19371 19372 194 19461 2063 23986 2415 25223 25626 2747 2962 3033 323 3324 3367 350932 3701 376 42762 433973 435242 435243 445 498372 5458 547007 547008 5507 551201 551202 57 58 5808 587145 5883 61 6157 63 64 65538 65540 7121 7325 759 7616 773925 777 79 792442 792464 822 847 8512 8940 97,307
1033 10460 10536 11117 11773 11836 11910 1243 1263 13388 13473 1351 13529 1357 138070 1382 14119 14120 1421 1440 148 14915 1524 15757 17333 18018 18075 1824 1849 1850 1901 19110 195 196 19626 205 20501 2089 209 2117 2260 2357 237 2388 246 24707 2485 2493 2514 25799 26492 26849 2694 2701 2713 2730 2807 28339 28716 28717 299 3031 30534 3089 312 314 315 32306 331 3647 381 41 42 4305 434 435 43897 44075 448755 45157 4520 4696 46962 4854 5037 5071 50801 52703 5964 598 6 608 6096 63 64215 7413 7519 757 79 8013 8276 831 834 861 8776 88200 8910 9048 9062 9066 9236 9721 9856 993,507
10255 10256 104 1048 10662 124631 1248 1252 12756 135 141207 1821 183 200 2002 21011 2168 216907 22041 2248 228046 2282 243905 253957 2685 27020 27104 312 32882 33352 3540 3813 382 3831 384 385 40149 417238 43254 47472 486193 4959 504 507 51171 54931 56829 6051 63 71061 763 781418 79 8200 8202 878 903 92365,90
1021 104 10497 10870 11015 113 122896 1243 124740 1253 12959 12982 1358 139 143 1440 1442 15163 15279 1604 1608 16968 17006 192 194 19550 19705 20035 207 2081 215 2164 2317 2352 2361 2381 243259 266 3054 3065 3114 315917 3165 32187 323 3255 3281 3283 3325 3349 3361 36708 385 391 393 4022 4065 4090 425 428 432 434 4447 4502 4503 4994 5 5114 5243 55 5614 57 598 600513 60433 61398 6310 64 6453 6854 738 76 7625 768 826 84285 8581 8849 8957 91 9487 9746,183
1003 1007 101322 104 104709 109628 11751 11958 1214 135 140099 14249 1442 14476 1460 1515 1517 1625 1719 1897 19340 19681 2002 20282 2036 2048 20576 2063 2086 209 2201 223 243 24539 248519 2501 25809 25881 26097 26201 27734 2803 28294 28795 28935 2931 2963 299 30162 3033 3141 316 32865 359 36163 36374 36694 379 3879 392 4040 423 449825 47739 48 4870 490 4934 4935 5049 5080 5106 5449 5577 5626 5718 5790 57947 584 5985 60015 6002 618291 6193 621 6423 6448 648 6581 68397 731 738 7504 759 78446 7850 78516 79034 7949 80 8099 812 822 8231 83 843 851 877 878 8834 901 9138 9336 9357 968 9977,187
10070 10349 104600 104941 106 1066 1095 11823 11996 12283 12538 12762 1313 132 1320 1367 136739 140790 1526 1694 1712 18446 1849 194 209 2092 2098 2335 23577 2501 2685 274 27845 297344 3141 323 326 3293 3412 353 36580 36625 371901 3737 37870 38 38101 3874 39390 40 4069 420569 423 425 432 4559 4587 4809 4861 48640 4921 527715 545830 5727 5808 5877 5891 597761 63 64 6448 6450 64903 6501 66 66657 6681 6893 707559 707826 7244 725704 7295 741957 770351 774367 7819 7820 79 797 809499 8270 8535 85994 8767 877 878 8921 94 9861,110
10124 10177 102 104 10445 106 1095 11414 1159 1168 116897 12330 12540 1257 127429 127842 12827 131 1419 146 14948 150 1514 1530 1537 15915 1735 177239 1807 1824 1827 191 1910 194 205 2162 21848 2191 2336 2372 2417 252 2530 2583 2674 27573 27666 2816 299 3027 3141 318307 323 32333 32394 326 3289 337 34844 3789 3938 41 4169 4177 423 43084 43085 438 4432 474615 474616 4775 500076 500077 500078 505 507 5092 50981 5565 574 57678 58 5877 5893 60369 608661 6156 63 63483 6352 6482 686 717239 736136 7412 79 8676 8823 8871 9276 928 93685 9442 9650 9656 97834,389
104 10515 112617 113758 124291 12540 135 1367 139 1582 1625 176929 207 235031 2565 25658 25767 2656 28895 289009 3026 3027 3109 316 323 33778 358983 361395 3704 3709 3865 3872 434 435 48 507 563 567411 5743 63 6388 6451 6482 694590 702 7347 7631 7804 795 8215 9545 959 95931,535
10115 1033 1048 10517 106 11248 1175 11913 1243 1245 132 1372 1393 146 1576 159 1622 164498 169182 169821 172 17604 177 1804 183 1887 2074 21459 21824 22862 2364 238905 28065 2896 299 3026 3027 312 314 3148 3281 3359 3399 362217 382 3868 40994 4169 428 429 4356 4375 440142 4698 48903 4981 5064 5086 5161 55965 560059 58 60 601 62993 63 6332 64242 666 686930 68980 69 7182 7206 7441 766 78608 79 8257 878 90813 94178 959,327
10134 1042 10822 1095 1163 1168 12002 12204 1245 1252 13042 1367 13922 14390 150 1530 1571 15742 171446 1849 1903 2027 2033 209 2092 21605 220110 22281 2286 24037 2469 2489 2710 274777 2777 28724 30676 3114 322203 323 332 3497 350693 381 4211 434 435 4999 524840 5507 574781 574900 57898 582 62672 63 64826 667148 6858 6893 69 6931 7033 715116 7196 79 7946 79540 797202 8010 8525 8526 8527 86763 87959 923 9312 985,550
10255 10256 10365 110450 11216 1159 117112 11823 119442 119758 1243 12517 134 1357 142453 143204 17681 1773 17788 1827 1849 1892 190212 1910 1919 1952 20908 21255 2250 23151 23810 2416 24820 2534 2688 27589 3027 31114 3141 3280 32865 354 3540 38 3862 39198 42441 428 4653 49185 507 5115 5224 5429 63 64 666 8005 8645 86998 970,404
10349 1066 1095 11366 11483 1207 1214 12221 1382 1403 142 15363 16063 1739 1757 205525 22334 2352 2500 25595 256217 2662 2663 2664 2685 2701 28343 31165 315 323 355 410754 410829 422 423 428 4288 429 434 435 456623 4689 4913 4915 50802 5113 5227 5502 5506 579 5891 5914 637254 637255 68967 7347 735 74 7494 752 7619 7770 7783 784 788 78934 79 831 84404 85543 85544 874,590
106 1095 1108 11465 121453 12184 1224 1227 1228 12656 129266 130695 1311 13718 13953 14484 148 1648 1824 18299 194894 1980 205 22199 22218 225 2292 22923 2351 2538 258263 2807 28716 29191 3027 31756 323 326 3300 33530 354 411524 411525 42 422 4373 4480 4570 48167 4907 5227 55797 5583 5590 5703 5724 5804 5903 63 822 88080 966,176
101479 106 10650 10843 109304 11231 11913 1243 13090 141946 1460 15357 16142 1744 17604 18025 1809 1856 1873 194 2027 21171 23269 2343 2372 24058 2407 2467 25024 2507 257898 26104 265890 2685 3141 323 3255 3359 3379 3386 341960 3520 354 360 376 38 394 4077 41 42 45088 45181 46136 4675 48171 5106 5375 57 58 5877 5997 6123 63 640697 6482 6524 667 68 7011 71269 8287 848989 87044 9151 9260 97 971 98961,162
1090 1095 10977 110 1252 1275 1288 1290 1337 1496 1514 15458 1582 16098 169567 1746 182503 18837 188387 190922 190923 19256 193527 1945 20165 20701 2074 215674 2437 25056 2507 25223 2530 2646 2811 2879 2881 309 31051 312 323 35800 382104 404 4305 43515 4575 5 53270 5355 5507 561 5698 6189 6704 748112 757 79 795 797 8386 8437 846121 859 917 9253 959 971 9891,107
106 1105 1211 121627 1240 125068 12734 1311 13343 13465 1372 1422 1498 14998 1571 1637 16698 1694 1849 188671 19153 19812 220 221068 221069 232 2344 248394 2555 2608 2685 28994 2941 30386 337 341606 354 372 37744 38 4513 4699 5037 520 5442 551 5830 600441 6011 61517 62553 6308 6696 6930 6975 7206 72459 7403 79 79674 812 8294 8450 9019,93
10212 104 10460 10515 106 1076 11010 111459 1320 13280 1369 13814 14225 14293 14718 1571 1617 167 17583 177 17850 1849 18586 194 19522 20062 20305 205 20701 2074 2098 22133 2232 2335 2558 2598 266562 2685 275 299 29988 315807 326 333 33880 36374 371031 3756 379 3874 428 44104 4492 4581 46217 49 496409 50901 5581 58648 6011 66981 6893 702 708 708056 708058 711 71681 746866 7569 843655 878 8791 8871 9711,354
1 106 11015 11366 114 1162 118767 1240 12496 13 13133 13134 14247 144274 151 157564 172107 175308 1851 1938 201 205 210884 2187 223 2248 22578 236 25184 2565 261972 27077 27078 30656 31435 3255 326 32701 367 4090 4181 4260 445 46 474 48464 49 504 507 527 5301 5303 534459 551 5547 5718 6193 6448 711 7433 7494 751484 8463 879 941 990 997 998,110
10185 104 10476 108181 11971 12050 12204 13161 135 14385 1454 1563 1593 172836 1733 1857 1938 1945 1983 221396 221397 2462 259744 2683 268899 299 338 338332 392 429 44125 4432 48179 488844 4934 50 5168 53281 57947 620 69 702 72672 7347 7348 76 79 79526 8632 8647 88165 901 91 92302,87
1067 1200 12340 1243 1325 1328 1460 1571 15778 1594 1719 1813 1870 1891 1923 194 2018 2023 204057 204058 20488 207 207171 2086 2201 227 2372 256437 261576 2712 27412 28 29353 2987 3059 315 3280 3367 33672 355006 359 361030 3733 37404 376 38733 387990 394 41253 432 4355 4405 44405 445 45659 4573 481996 5 50 54959 5547 55582 55708 5579 58 5805 595620 61388 67034 6772 6789 6893 69 6952 79 8003 8528 8581 8657 8870 92624 970 9774 97803 988,55
10173 1048 1080 11178 112617 1219 1240 1282 1385 1421 146 1460 15182 1561 1757 1824 1845 1851 18963 194 197 20701 20849 21026 23423 2364 2541 25593 25594 26949 2729 2730 277 2855 299 3037 31 315 323 3278 3349 381 392 4127 42395 4703 49089 4936 5663 5890 6002 609 63 6482 69 695357 76296 770 780 79 81050 8379 8960 90 9266,292
1045 1048 10888 114 11944 12960 130 13292 1336 138467 1448 145630 145633 14965 14979 151 1523 15248 1546 157529 168946 1736 1744 17538 17680 1773 1845 1849 187 1897 19934 20354 20507 2069 207594 2097 215179 216813 222972 223 23269 245 25075 26634 2685 2710 27252 2798 31 3114 312 320130 330 357 3710 376 379 38004 38258 394 397716 39905 40 41 414875 427642 432 4324 438 445814 463383 46430 4670 4738 51474 516468 5222 5228 54790 5507 58608 62391 634 64 6448 66 664876 6853 6854 6893 738 7609 770 7806 786774 7870 79 83 851664 8573 874 9746,339
10371 10372 104 1048 106 10884 1095 11805 12960 12982 129856 1304 135 144952 145486 146 150 1525 17040 1712 172984 1849 18771 1894 1983 2075 2081 209 212 21459 223 24686 2507 25223 2540 2611 2685 287644 29335 300 311393 326 328 331 34957 355 3704 3709 3710 37126 37334 376 376049 38 3802 381 38258 39950 42 423 4271 434 435 44448 445869 449968 4693 4698 4703 489592 5086 5117 566994 5808 5886 60308 60310 603276 6087 6448 6893 701151 7197 723 729 7441 768 797586 826 850638 901 92165 96799,1199
102349 10528 10645 11965 12343 1306 1308 1320 1395 1398 14119 15166 161312 16469 178 1849 1951 2042 2098 20990 213 219178 2254 2335 2364 249790 252 2538 26846 2685 28 326 32931 32949 32978 337 37118 37119 3721 38 3874 411665 434 435 445 46261 4862 49 504 5086 5375 55650 5730 60288 63 644032 6524 6893 7639 79 7983 8302 8379 878 881 8957 98229 99605,539
1026 10536 106527 114 117383 1243 12447 12540 13 13048 134 135716 1360 1417 1442 1498 151 1536 15876 1686 16879 1705 1712 17379 180 19092 19271 19379 205800 235563 2462 2465 250 252237 2560 26550 268 299 31 3136 314358 314360 315 3172 32072 3280 32910 3300 3367 36284 3775 379 393 397476 4015 40379 4169 422 423 42441 428 440917 4432 4695 47117 4742 484912 49441 53431 5784 5986 6157 63 6384 6385 666 67796 6844 69 7802 79 795 822 8437 903 9563 9801,143
10269 1048 106 109595 109596 11651 11904 1214 12175 1304 131940 1320 1336 1367 139801 1712 1745 1763 17853 1849 19134 193 194 19596 2002 2047 206691 2098 2168 2174 2186 219790 2209 22628 2335 2364 2379 24383 251099 25510 2683 2685 274 297360 311 311173 31549 3159 326 32698 3271 33366 337901 36240 375825 382 3874 392 41 434 435 438 465909 46675 4861 49 498001 507 5170 566371 57608 579175 582981 6177 6448 6701 67141 6757 67630 6893 731 748 7494 756 757 7791 79 8020 8239 8443 878 879 944 9471,675
106 12025 1237 12694 14119 1446 16501 1710 1849 18502 18549 1856 19625 209 21459 230 2344 2364 24739 2583 2665 2685 2688 299 31164 3141 326 3281 3422 354 365 373878 3789 408 41 42 45957 470 4857 49 507 5200 527 5402 5522 5540 6081 60954 68073 6948 7209 72989 7387 7398 7501 792 812 8257 846 8586 861 901,457
1016 106 1095 11582 1168 11714 1263 13465 1367 1405 148302 149672 150367 151 1526 1527 1849 187686 194376 19768 20317 20538 2086 209 21671 220 2266 23054 237 238074 24202 2526 254 2730 2881 29302 2957 3078 3150 31742 318 326 32820 3300 331 333 339 3579 37572 395 40 41 414266 42 434 435 445 460 4699 485781 5086 5092 5100 53126 551 57480 664 67931 69335 757 79 822 8437 852125 852126 862 8647 9305 9359 94106 9422 9453 96284 98097,508
104 105 1076 10772 10780 112617 114 1164 117 1214 12167 12175 12948 1320 13287 13647 1367 13777 14114 141420 14182 14401 151 1514 18167 184 1849 190406 19461 20180 2098 2168 2174 22026 2269 230 2335 237 24202 242084 24672 24866 2500 2507 2611 2683 2685 27158 274 27738 28498 29836 299 3033 3089 314 3141 323 326 3338 33475 336948 34274 3485 3486 34897 3498 354 373811 379 382 38213 383516 3874 400179 402 41 41728 42 434 435 4563 46194 46878 49 493356 49353 494969 505 51411 514643 53565 574 5832 590337 6024 6238 6482 681 6893 695906 7244 72918 735 7436 7450 759 7704 772 7723 7835 79 794528 794531 794532 795 822 83 834 8376 8423 878 8841 9105 9503 96 97 98234,621
10 101181 101182 101183 1048 106 112701 11389 1140 11630 118 12335 1282 132 1337 13991 143 1465 1561 1593 165964 17896 196 20287 2047 20648 2168 22766 2350 23736 2469 250 2538 25826 25827 2730 2751 28795 2963 299 31 311 314 315 33164 33888 3536 3540 35441 367 37273 382 391 4016 405 411 42612 427 428 4318 44064 44193 5008 5594 6426 79 8054 8238 82480 8344 8437 91 9489 9572 9783,145
102 10342 1040 1048 112617 12447 1301 1372 142395 150283 1517 177 1824 18713 20985 213 2151 2154 223558 23269 2364 2371 245278 25027 2709 2716 272 27987 28795 288439 2924 2940 2963 2997 30395 311 323 333 34079 35243 3581 376 385 3923 394 4181 4433 4670 48768 488 4907 49989 5064 508 5205 54951 5610 577424 62186 63 6337 6482 651914 695870 7206 7288 736 75 79 80 8208 8231 8379 8642 877 9156 93333 941 945 97017,427
1033 104 106 10649 110181 1104 1145 1146 1168 11920 1214 1310 135925 151 1514 15207 1637 1714 18108 183447 18584 20101 2023 211 21501 2200 235638 24822 2530 256905 26385 26470 2785 29011 2934 29746 314 315 323 32469 3437 37301 38 381 392 398681 40 409 42535 4383 4715 47406 4747 5 5057 507 516527 5200 5266 5404 5507 61370 63 64 6401 65 726 729 73414 759158 762 770 779 79 797 821 834 8348 840 8463 8495 861 9146 9198 941 9643 97 972 9721 976,328
1048 10487 106 1095 11074 11450 11465 1168 12447 13017 1336 13503 13620 13898 139 1393 14186 1441 1455 151 151039 15137 1529 1537 15525 165367 170705 1719 173 1761 1827 183 18310 1856 1891 1893 191 198 2018 2042 2149 2151 220 23395 2356 25682 2611 268425 27200 276372 27935 281963 2842 2896 29066 2929 299 31 323 323238 326 3300 33131 337 3437 3648 375 38 381 39282 394 39576 3972 40 40756 409 41104 42061 423 428 4429 4432 4595 490 4907 5014 507 508 5127 53656 5388 5422 5429 58 595707 598 60 602204 6198 62049 63 631 66778 66788 6886 6893 6934 709 733844 742 743 759 79 8039 804393 812 8148 822 8231 8521 854412 861 8647 8972 970,325
10070 1042 106 107 11667 1211 12307 1321 13397 157022 15827 15857 173 1804 18223 18332 1856 21272 2157 22041 22738 23371 23685 2526 2810 2881 2957 29825 3105 3192 3193 323 376 381 3813 382 385 39234 400 42692 460967 4677 4738 4809 487 48745 4999 507 546 5507 551 55704 55986 56397 57 5884 5886 604 63 631 63130 64040 6482 668707 702 7121 7194 7344 75279 757 7679 78 7802 79 8437 85675 879 8998 93058 93512 971 9886,304
10536 107962 11006 11274 1143 114803 11667 121263 125477 12888 129623 130477 132 13222 13384 13500 13596 1385 13927 1442 1450 14709 1517 16943 17034 17454 1763 180 183 19189 193434 1961 2061 20699 209782 2209 221694 2317 23269 2372 2437 2467 252575 253458 25916 2685 2813 28169 287058 2871 304 31 3159 320929 330 343899 34624 347 35675 360568 3928 4015 4043 41076 434 435 443 45 4597 464 4934 5 5049 505 508 5200 521 52541 53654 5424 5565 57 574 58 582 5821 63 6893 69 7209 7405 7407 748 75504 77434 77435 79 800 801 8141 831 8322 8437 859 8790 9156 9266 9563 9675 9747 989,607
100815 105606 106 10746 10748 1076 10916 11006 1147 12024 121325 12256 1301 1336 1337 13644 1367 1419 146 1763 189294 1991 2074 2082 2327 2338 240941 2469 247763 249878 3109 312 315 331 34004 354 3540 366479 379 40 455 4715 482115 487483 4972 4984 5064 50858 51392 56389 570 601021 63392 67228 7197 729 757 76792 7804 784 7898 79 833470 8437 879 8914,81
10278 10525 10748 111 12257 1237 1286 1304 1308 13946 14132 142 14399 150 1562 1625 18077 1935 2115 215 2286 23274 2465 2507 2683 2685 27363 2738 289021 299 31 316 328 33421 354 359242 3644 42597 433091 4404 458562 48 48218 4847 5056 5371 548779 5577 56498 5768 577 63 6394 65816 66 66864 67523 69491 69524 768 768436 7806 78102 79 797683 8353 861 869 93 970,107
104 10533 10574 10680 1075 10884 11120 11339 11360 11401 1200 12273 1301 135 1357 13656 15708 1576 15915 1662 168600 1708 17112 1763 1919 1926 195 2023 20663 207 20701 2074 213 217220 2198 2251 23087 23167 23419 23423 2364 237 2423 2424 2434 2565 27 2710 275362 281956 299 29939 301625 305008 305009 305010 31 315 323190 3271 3324 33578 339 34857 381 38190 3831 39532 40 4181 428 434 4436 45873 461923 5007 5066 53388 54392 5581 5653 5727 57390 6062 6197 63 64 647 69 6968 731 7310 732057 7507 7527 7679 79 795 80 8257 83 8376 8437 84691 84692 86038 8835 8894 8939 91 93 97 9711 9956,283
10067 103687 104829 10983 116504 1308 13287 1359 1395 14268 15132 1851 187 188353 188799 19183 194 1978 2018 20356 20722 2201 221993 2266 23269 23445 2540 256424 2710 2730 2769 2787 2873 2924 2928 29825 3027 312 314 3141 315 317207 3193 3490 3578 3865 3891 3969 39905 40332 423 42601 4562 48161 50668 507 5071 508228 524 52928 58013 58015 5821 598 6051 61297 6221 63 6657 6664 6853 7194 7200 734 7616 76168 765 7671 7870 79 8 851 859 879 8888 9062 9535 9671,365
104 106 1095 112513 112514 11514 1160 1243 12537 1254 12570 127882 13130 131807 13451 139801 1442 1517 1561 1571 1579 1582 173 17383 17427 1807 1880 1903 19134 197 2048 2056 210111 214445 2166 2168 2186 23269 2360 2372 24346 24384 2642 2663 2664 2730 2871 2890 28935 2928 30101 3033 304 31045 31165 312 314 323 3264 34987 3652 376 3772 382 3861 394 396865 41239 418149 41878 423 425 426 43504 4432 4492 45144 4525 4587 4854 48902 4937 508 50802 521005 5328 538 5425 5502 551 57 582 5943 61 63 64 65162 66 66468 6657 72037 73500 740621 75 752 79 7910 822 8386 8632 9237 944 9460 97,333
10045 10071 10076 106 10625 109276 1311 1320 138 14119 142639 143 14831 151 15629 1604 164881 1710 1849 1851 19455 197 2086 215 2151 2157 2168 2335 2343 23810 29325 326 3281 3283 34010 347 3478 38 382 392 403 423 443607 46227 49869 5 5113 5502 5506 56828 57566 609921 611216 63 65351 6893 69022 729 731 772 79 8443 86503 886 93 94031 959 970 9977,179
104 10644 1066 1214 1248 1291 1296 130 135 15704 16207 17025 1719 173697 18025 1853 1861 187184 1883 193 194 198 20172 2074 20939 213 219760 2209 2250 2352 2534 25644 26056 26086 2688 2692 2701 2711 2769 28716 28717 2879 29933 306 308 3089 31 313621 3478 3508 354 36625 381 3831 38609 393 40 4116 4202 423 425 426 434 43479 4809 49930 5071 5138 51680 54470 576 5840 59600 598 602 61 6157 6531 702 703 748 7589 7616 797011 815 8268 852499 874 878 8989 9066 925 93 9450 9711 9746,165
10433 1075 11098 1181 1184 135820 1441 1443 148 151 1547 16159 16961 1734 189335 20927 22165 2250 2359 240658 2469 2796 2836 34007 353195 384 437 44679 508 5113 522166 532702 551 6525 6701 71431 743 795 80 8319 8737 9669 9977,58
1048 106 10644 11064 1121 115357 11965 12050 120939 12174 12297 12496 1252 1263 1275 12762 129734 1358 13656 1496 1510 1524 1625 1712 17604 1804 187 191 19364 20216 203549 2061 20701 2074 2081 209 212 2150 220 2200 23269 24078 2437 2488 250868 2646 26596 2685 2688 27562 2769 27796 2881 310 31442 326 328036 33131 3359 354 35424 38 384757 403 41 42 422 423 428 431 44747 45600 4570 4699 49 4934 5 5123 54546 551 60202 6075 6191 634 6852 686 6934 757 758371 7783 792 830 84903 859 8989 96657,174
104 10445 105828 106 1075 10943 1104 110584 11460 1181 1243 12605 1282 1291 135 1367 13889 14184 14917 150 1563 17166 1800 183 18367 1845 1849 185581 1897 189972 1935 194 19872 2036 20548 20759 2116 21433 219290 2194 2209 221697 2352 2357 2364 23698 240081 240082 2484 26596 2685 269386 2755 27712 2804 2816 2826 2903 2997 30635 308365 309 315 31819 322 323 3281 3320 3398 34196 3498 354 37041 3712 3873 425 428 43172 4404 44301 444242 448166 4559 4639 48 4828 4864 5138 524929 5309 5429 5444 5446 5557 58312 60051 605 607 63691 64 69 7348 74242 759 7648 76537 773 79 8152 8257 826 8397 861 8632 8684 8972 923 9354 959 97 974 976,212
1 10204 104 106 1095 11404 1214 12657 13058 137407 1446 144777 148060 15009 15408 1561 15870 18151 223290 225894 25223 2685 2709 2713 27145 27256 2728 2962 299 3031 31908 3278 331 33879 3534 3583 3648 40 4324 445 507 5074 573155 5785 5808 59017 601 608 63 6456 68596 6893 69 7003 703 784 79 795337 795348 9287 9977,118
106 10766 1093 1095 11006 11280 11503 120066 1214 1219 13502 13814 1582 16345 183 18486 1849 201 22084 230 23168 242562 24520 247 2485 2500 2710 284181 28568 2937 299 3078 31062 323 326 33421 337629 345057 349508 349509 354 359 376 379 382 40127 4071 4176 426834 434 482 4927 4986 5109 56922 56923 590 6103 63 6880 6987 726 79819 878 8894 911 923 971 988,221
10277 1048 10931 116 127285 1290 13136 1320 132100 1389 14002 1448 1571 16716 174598 177 180 1800 1849 18789 1903 198 20897 2098 222 23142 2335 23463 2352 2364 2685 2799 28716 28717 299 309 31198 32333 326 3308 331402 33563 345032 36625 3733 375223 375225 376 3874 423 4670 4747 49 5091 5161 527 59248 5968 60 6893 7209 7443 748 7625 766418 79 797155 797156 800 8257 85221 8528 878 901 9256,1235
11404 1154 1164 1214 1243 1263 127383 1357 1453 158673 1736 1759 178789 17896 1799 187 20021 2214 23269 2360 241148 242759 25438 2685 2710 285973 304463 31 34393 3662 37126 372 376 391 40 426 4324 45764 492842 508 5091 57262 5884 6313 6853 6893 7806 9066 923 995,110
10766 11241 11280 11623 117 11833 13212 1466 14679 1522 15485 162501 1659 17164 18108 1821 183 2086 24504 2469 2564 262406 2805 2812 285874 2934 323 37025 391 4043 41468 4488 4696 49756 4992 510764 5227 5280 5678 603 6081 61994 6311 6358 64194 7866 8306 874 915 9245 970 972,78
1021 1036 1073 11879 1243 1245 1295 1594 1622 195 198768 20501 205868 209 2164 21824 230711 2416 2564 27812 2816 305199 314140 328 330 3412 34591 347 3527 355 36993 38 391 393 405 423 464 4855 4868 4889 4937 5246 58 583579 63 6893 695 729 731 738 7507 768 777 789 834 8645 9388,119
10134 10321 10717 10751 114097 115 11913 12490 12533 1263 127002 14119 151 1514 15807 170145 1745 1747 1754 17589 18973 194 19740 205 207 209 20968 211843 213 23564 24767 2641 2642 2685 2774 288213 2896 2939 2987 30397 312 314 332313 333 34079 3539 3540 35439 38 381 392 426 44104 4809 48352 488 4950 498410 507 5182 52144 5388 6092 6226 63 6332 6450 651 679364 6893 701 714526 714528 73435 7664 7787 79 797 80 812160 8129 8239 83 84534 8806 8871 9062 9273 9540 971,156
1033 105 1095 109598 1168 11920 1253 133984 1367 1448 14819 177 187 2147 2250 23269 23761 246 2526 2710 2765 29658 322 323 3490 34926 354632 3712 376 377 38 394 39905 41372 430 432 4937 50225 50288 570182 58788 63 6853 7789 7870 79 9678,326
1048 106 10622 1075 11543 1171 1200 1300 150 1524 18437 20651 207 21157 2151 21578 2163 2186 2201 2232 2352 2357 2364 2469 2685 2851 3037 30373 3141 315375 316513 3281 333 33729 34115 35992 429 432 434 435 4657 48468 488 4934 49972 5114 5138 5380 5409 5507 552194 58 58539 5877 63 69 7209 724912 7347 762 7678 7685 798350 798351 80234 812 8292 830 8398 848 8492 8750 88243 923 959 968 97,784
10134 1040 11535 11582 1214 12309 1232 1243 1313 13297 13467 1367 1421 1633 1896 20806 209 212 2175 221556 223 23308 2423 252724 26687 28101 29015 3109 34530 347 3539 354 38 39466 400 4005 41 42 4404 48 4929 4994 5301 567861 68679 7177 759 7804 79492 826 847 8632 914 93901 9438 9649 9651,108
1021 104 10692 1275 130 135 14153 17140 1758 178535 183 187 193527 19353 19919 19920 202253 206 207 213 2251 227748 2529 2620 26596 2710 273 276337 276342 2764 2881 3114 320263 3256 332 3515 3539 38 3801 381 38581 40 445063 463899 49 5114 51617 54346 5882 654 6893 768 784 7930 806 831 8673 9062 925 970,139
102102 107 108159 11031 11113 11168 118340 1245 1248 133117 1336 134879 13590 13982 14339 146 150 151 1624 1807 18526 1881 1882 194 205 20908 212233 2128 22571 23140 2318 23269 2360 23658 237 246 24786 2507 2881 29767 313 317297 32031 32212 326 3276 3324 3412 34210 34237 3443 354 3701 378218 3873 392 394 39661 4211 434 435 50484 5074 5135 5161 5219 60 6075 6226 6681 673040 696910 696911 71097 7194 744911 7505 79 80 8047 83503 85046 8613 8913 9076 9244 9351 98639 995,582
1033 1042 1075 11913 1224 12447 12563 1263 1290 1337 1397 15137 1524 154050 1622 173 1733 181 183 1856 187 1897 19705 19717 20053 2007 20745 213 21605 2364 2423 2500 2674 2710 27304 287484 30601 312 314 315 339 3490 365 36736 376 381 382 394 40092 41492 415 4217 427 4572 46444 4696 4934 5 507 5086 5301 53171 5328 5329 5443 5452 5507 5565 60 6106 6278 63 6886 69 703 70601 7394 7449 74500 748 7494 7519 7721 7843 79 7900 797 8306 8358 8437 8462 859 8632 877 879 91,296
100182 10411 10415 1048 10587 106 108547 1095 113298 11680 1183 1200 1238 13011 1311 13389 1357 142983 1443 1448 14949 1514 1617 16425 17902 19294 193 194 19640 200851 22037 230 2380 2479 2500 2565 2639 2641 2656 267380 26901 2710 27683 3089 30968 3176 326 3329 3349 3412 3536 354 381 3812 40 43004 434 439 44 4554 5095 5100 51347 52005 5240 527 529 5326 5624 577 61750 6221 6448 6568 66 6654 666 673427 71537 7311 76 762 768 77502 79 795 80 819 822 826 8272 857806 9017 9062 93 9327 934,201
1036 106 108844 1095 1105 11515 1168 12698 1297 1301 132 1393 1442 1453 148865 148866 14958 15043 151 1526 15795 16006 16359 17586 1763 183323 192226 1967 202378 2134 2151 220354 22661 2352 2364 237 2424 245125 2465 250 2508 2526 2530 25747 26557 2670 26998 27791 2878 2937 3033 315 3191 323 3271 3276 335969 353899 3542 3567 363 3664 37570 38 3894 3989 41 42 4217 434 435 44051 44445 4677 47472 48407 49135 505 5138 5225 5228 555 5565 5577 5653 56830 57 579552 58032 59728 6157 638445 6410 6457 66909 69 6934 711 713 7164 75744 7678 80 822 8239 838 85875 860 861 89677 9153 941 9503 9504 996,605
104 1057 106 1076 113141 11936 12999 13166 13317 1357 140811 140812 14132 1442 1455 1462 150901 15140 1523 1571 1714 173 1821 183 193 1935 19810 20428 2047 2074 2164 2168 21686 220144 2216 2356 29732 2978 299 30330 326 328 3349 34703 3498 3527 3539 354 35408 355405 376 3813 382 3873 394 40 4006 428 43027 488 4934 5138 5266 535813 5588 60 61 63 6404 6931 7003 70253 72008 748 77735 79 795 797 8193 859 8737 8895 9029 916 9253 96020,288
1 10206 102640 104408 10748 11029 11030 115540 115542 118659 121431 1243 127458 1301 13465 136 13991 1506 15447 172 177 1771 181 187 197 2074 2163 219 227 2352 2465 247228 247229 2525 267 2764 30095 315 31900 32209 328 3366 338961 376 382 38618 4271 431928 431930 482 491945 5 5586 570 5735 60 6051 6337 64330 6694 73005 752 762 7629 771 82054 837263 8437 8573 94106 9650 970,203
1021 106 10624 10749 1075 1095 110898 11248 1219 1304 13802 139793 14052 151 15137 16568 1685 169567 1714 177 18037 181 1845 187 19509 20024 2038 2074 213 2146 2157 2364 2423 25223 26639 2710 2712 2997 30502 323 3279 33087 347 3539 367 42 4202 429 431 4476 449 460 4699 48 50610 5065 51 5388 588351 6007 62327 63 631 64487 6931 7003 7194 738 7470 759 788 79 797 80 802320 8492 879 8882 8972 928 9733,337
10076 10158 10251 10550 106 10644 10705 11109 1147 120112 1216 12741 12959 131268 1327 1337 1343 13998 1442 144985 146 1526 17285 173 178202 2075 210 211 21459 2286 2327 23360 2373 24112 24660 299 3027 309 31 3121 315 354 3710 38364 3862 3868 3873 3925 426 445 4535 4587 463 4689 4698 475237 4855 4934 4935 5086 5247 535803 5884 5886 6087 63 646 70703 731 735 7441 757 770 784 8704 8778 9453,233
10624 1214 1245 12944 13366 14633 148596 1511 1523 15570 1688 1773 183 1902 2047 2074 2168 2282 22950 233 249 2500 2540 2685 2713 291944 2946 29864 29907 312 313 315 316 327129 35350 354 36055 382 3865 395550 427 43929 4404 45605 4678 48 486 50052 508 5086 540736 54975 5594 57 574 5886 6024 6090 613 63 66 750 7721 780 79 8054 8239 839 861 877 8841 8984 913 9438 9783,657
1048 1057 1095 11072 117591 1184 1209 1214 12275 12722 12885 134097 13730 1406 14265 143 1442 14446 14819 1594 161938 1719 172 1730 17376 1807 1827 1849 1857 19831 2151 2162 22805 22879 22919 25 25358 25524 2685 286345 28685 2879 300960 3094 3114 316 3172 3218 3317 3338 354 3757 37953 38008 3859 3876 393 393354 39494 402 41 42 423 434 435 4405 4478 4793 487789 49201 4963 497 504 508 513 5303 5411 5429 551 554472 555 56805 58590 586 60 62046 63 66269 68146 6893 731 7541 76466 7790 7791 79 791 8119 85384 869 872 886 9027 9292 93 93509 94 970 979,746
104 106 109130 1095 11219 1153 11586 11963 12497 125680 125681 13016 1313 14144 146 14645 146896 1536 15486 16724 17266 17586 17808 1813 18152 1849 19103 196328 2018 22161 2286 23438 2352 24850 2500 2507 25538 26104 2620 2637 26596 300 31068 315 326 328847 3359 34237 35391 354 35862 37681 391 39950 41 41394 42 422579 4250 43 4432 45598 48352 5225 5502 55704 5581 5742 57635 5808 6214 63 64 666 68 69208 70835 7194 735 74268 7788 7790 784 78984 80 817567 8194 822 8256 85919 86696 90798 9136 9503 9504 95126 959 9643 96480 9731 9867,252
10173 10460 106 10790 1095 11441 1168 11968 1237 13106 13180 1340 134275 134276 135942 13927 141 1442 146 14959 150 153295 1593 168440 1692 1732 17515 18052 184 1849 18674 1892 19172 194 194836 1953 19562 19689 197 198 2018 205987 20701 20939 217740 2232 22944 23020 23034 23443 2352 23594 2394 24181 2500 25799 2655 26783 2820 3027 3029 30652 319086 326 327 34131 3519 354 3540 3542 3644 3757 37716 378041 39 41 4127 42 42045 423 434 4534 46946 505 5086 52310 52701 52703 5272 5502 5509 573732 60675 608 6284 676 68180 687211 7519 76503 770 7821 79 81914 8398 8479 85431 85432 86167 8654 8724 90 900 9062 92710 93 941 942 9591 97640 9904,259
10005 106 11404 12307 1248 1263 127745 127746 140745 14110 14218 14292 1454 1462 1526 1619 16191 172454 17604 18185 1827 1856 1935 194 19466 19753 215 2252 22634 227 2352 268 2685 2851 2858 2941 309 31 31126 3141 3359 337 3386 3701 376 3908 391 40879 429 42992 43922 4695 4789 4934 4935 4999 5049 5091 5106 529 547491 55287 5624 56845 5890 63 6452 6488 6893 73699 7678 78 79 795 823 8292 8395 861 8630 8870 89768 9039 94676 9488 9503 9509 959 97178,146
1033 1075 1107 11913 1214 1263 1276 132183 13843 1393 1442 146 16361 1719 172690 1739 19821 19823 218648 2216 2360 2364 25868 26104 29770 3027 3141 3197 3278 331 37 3710 381 3969 40 42752 50217 507557 5301 575 5762 5763 5877 63270 649738 688203 688311 6893 74 7450 7489 795 797 886,158
1033 10806 113740 115544 12204 1245 12694 1282 12868 13306 13470 1421 15007 151 1517 1659 1744 1763 17822 183 183406 1845 1849 1851 18567 194 2074 2081 21236 2151 2168 24337 2462 248602 248603 248604 25079 2570 26154 2683 26891 2751 2753 277131 31 312 314 3273 343 3495 37306 375 3924 393184 39352 40036 4043 41 41409 42 4211 422 434 444121 45194 4696 47135 479662 49156 5113 5167 529131 5422 546306 56950 57 5718 598 6121 62810 63 64 65483 68 68000 68478 687548 70352 737 76532 8029 8045 8088 826 8292 8437 859 901 9138 9746 9775 9880,266
10134 104 1095 11331 115647 119900 12322 1282 1296 1367 151 1569 1598 1705 17679 1849 187107 1976 1980 2002 20287 2056 209 219 226938 2282 239 2479 250 2641 266349 2685 2701 286415 29881 3027 3033 31 3105 3109 323 349431 349432 349434 3498 354415 3596 3630 37757 3818 3862 3879 40 402 404901 41 42 434 435 44591 46810 4696 485 491985 504 5127 5301 5581 5654 567637 5722 5761 576121 5821 6193 624752 63 63252 64 64916 65 6524 66 6857 6887 7629 7631 7804 79 822 901 90555 918 96223 9692 9746,779
10340 1095 109920 11003 1214 1263 12650 1337 13411 13947 1524 16186 16785 17021 17056 1710 1732 179 1805 181 1853 1856 187 191773 191774 191775 192 193 194 19556 1961 1980 2001 2023 208796 21588 2160 22044 2282 2440 2485 2507 2512 2557 2685 3014 31199 323 32634 3280 34897 356198 360 38 3868 393 41 42 4404 457554 4594 469382 4808 48492 507 564093 5657 5688 57 5777 607 63 6482 676 69 729 7677 793 797 80,393
102182 104 105969 11168 120053 120668 130727 13086 1312 1320 135 136078 14210 1460 1462 14677 14772 151 16142 1622 16716 183 1849 18577 1910 207 2098 213 214 215 2335 2465 25179 2525 2685 28547 2871 28716 28717 2997 30381 304 3130 315 326 330303 330304 33707 347 3500 35070 3652 379 3874 392 3980 4211 4215 422 423 4330 445 45619 465397 465400 46553 47568 4995 5 5127 5200 5272 5275 527994 54149 5506 5581 558313 6221 631 6568 66265 6686 6893 69069 69292 7116 725418 726 731 7454 759896 79 8082 822 8296 83939 8630 878 8917 95499 9560,308
10021 10072 103141 104 1044 10446 11796 11888 12343 1245 12540 135 1377 14435 1454 1517 17100 1744 1749 1794 194 1967 210719 21307 227 2639 2711 2730 28716 28717 289816 289819 2928 29918 30234 31 32679 334687 33578 3534 36625 389062 39522 405 4077 40908 434 435 4572 4908 5065 507 5091 53654 5565 5624 5663 5942 602 63 64 67335 69156 7347 7353 738 757 79 797 8202 821 838 89981 916 9287 9292 959,549
104 1275 12762 1301 1364 1385 1419 148620 1496 1565 1763 179860 187 20216 2148 2265 229023 23269 2364 2437 2440 2526 2709 2710 2879 32425 325 331549 34661 36690 376 38004 391 39905 4867 4898 51827 5266 618872 6853 699039 7068 752 759 7616 7678 7870 915,243
10124 10185 1243 12707 131 1311 14772 1714 172 1734 17818 18425 1845 186 1903 194 203114 2151 2352 23640 23809 24576 2816 28717 314 315 318 323 3324 3490 3647 36625 42130 425 425313 434 4513 47120 4764 4937 56436 574 63 64 671 729 7403 770 79 80809 83 9351 9944,63
10258 10387 10644 115 1168 11947 120783 13090 1352 1372 144308 15125 1524 1591 1617 1733 1801 183 184 18425 18674 2003 2074 2120 2250 23308 24132 24340 26744 27568 2777 2778 29341 310 312 315 318062 3500 359 376 381 382 393 447599 468 5106 57 579153 5808 5886 588813 59851 6087 63 7153 7206 7513 7721 79 862 878 8781 886,1820
104 11459 1159 116 117 1181 1184 1214 12380 1296 1337 13681 143777 1442 1511 15125 1570 16486 1710 17104 1807 18587 19057 19248 192942 194 197 20036 2018 20249 2025 206289 20978 2130 22159 22318 2251 2339 2381 24346 2484 252 261745 271417 3027 31742 3223 32430 326 3324 33283 33299 354 35421 35853 38304 38514 400084 422 42596 426 428 43104 432 4489 4492 4689 4809 4994 5016 5086 5114 51229 5228 53480 5371 5418 54218 5599 56 57 5761 5880 5886 59749 5977 5980 60 6177 64 658462 660291 6893 701 731294 757 8200 826 848 859 8648 87523 90555 918 9746 9977,409
10625 114 11759 1188 1310 1367 14061 1417 14438 150 151 15207 1523 153237 15399 15717 15744 1625 1694 17033 1746 17772 17788 178292 181 1824 184 187 1897 191 19322 194 194255 201374 210 2151 218 22783 22920 23748 251345 27733 28413 2871 2873 2881 2924 3007 3027 304 3080 3089 3114 316 3209 3218 3243 3253 326 3300 3442 34660 34794 354 400 40851 41 42 426 434 435 4404 4488 4501 460 48 48534 488 4910 49696 507 5120 5122 5540 55866 5659 594667 6051 6095 61 611 6189 6195 6277 6278 63 64 64062 6457 7197 7494 757 7806 79 8193 822 8252 842 8430 871 874 879 88831 901 923 9389 94294 959 9956,854
104 1075 11010 1154 11684 1282 132892 1337 1367 1453 155092 1569 16526 1763 17774 18248 183 1849 20088 2048 2200 22483 225460 229264 2364 26453 2683 2685 31 3132 326 333 347 351825 354 3540 363 368554 38 410577 434 435 4581 46577 4907 51372 52893 52894 53590 5369 5616 58765 6052 60640 6123 6284 634 6423 7211 7353 763 8379 878 886 93161 9491 9666 970,463
1067 10794 122379 12813 12960 1304 1312 134 1382 142 1442 145286 14819 17302 183 184 1849 194 2023 223 2250 230 2541 26705 2685 301749 3146 3281 338447 34873 354 3710 38258 38290 393 4127 43 4563 480 490 4935 507 5167 5247 527 5509 614394 6281 63 631 6448 648961 648962 6893 6968 7435 772 79 797 823 83 86 93 9814,113
105 106 106612 1075 1095 112 112632 1160 1181 1296 1337 14115 142218 143 1448 1536 1594 16448 165277 1746 1747 1749 1761 177260 18040 18638 187 191 192152 2004 2007 2075 2076 2097 2130 21307 21860 227 2357 2361 2364 23881 24358 2530 2541 261167 2622 272 274 3033 3037 323 326 327213 3309 3421 347 354 3540 35992 3819 38419 39138 3914 39306 41 4127 420022 426 434 438 44847 4498 46671 47445 48267 48529 49227 49432 4981 5122 512967 517 5237 5372 5422 5693 5697 579 58 603 6081 61 6105 6123 63 6373 6519 69 701 7179 79 816 821 822 859 9006 9236 93099 95432 959,529
10536 1057 10624 11717 1296 12960 146 1517 1527 1571 1593 177747 1849 186 19837 2080 2126 2134 223 2417 25395 260 26294 2685 273889 2871 304 3114 312 33355 3367 354 3710 3721 376 381 382 38258 39666 418 44740 4937 4959 5052 5088 5113 51597 52188 52760 533748 53535 5405 5452 54882 5581 57 5775 63 6389 6448 6893 7194 7251 72754 731 735 7631 7677 7804 7932 795 797 85769 879 9138 9775 98609 9977,206
104 104014 1095 11115 1159 1168 126235 1301 131588 13302 13485 13655 147931 15536 162291 166 168276 169567 1752 17600 17601 17680 18801 1910 198 1980 20262 2027 2128 21829 2357 2364 247 25223 2529 25508 2663 2685 2825 29518 2980 299844 3002 3027 311190 31165 3189 323 35413 35812 3652 4006 41534 4211 432 434 435 4448 4453 4558 45716 46397 4653 47213 47339 49541 50030 5010 501541 507 51837 5228 527 552781 5540 563592 57215 5821 6106 63 631 6359 6543 65781 6654 676 6853 68811 7202 7660 78663 79 8257 8379 8386 876 879 901 92494 9287,824
104521 106 127356 1320 1345 135931 14113 143480 16138 172 1849 20074 2098 2250 2335 23524 2507 25075 25077 2528 26056 2611 2685 284752 28740 3027 3058 30593 311 326 3281 3367 340602 3469 36104 3757 381 3874 392525 394 40370 40371 4076 411 423 425 426 434 435 443 444433 4475 45496 49 5186 574481 59248 598 6157 63 631 6411 6413 646 6462 6893 704 768 7854 79 795 797 878 879 901,517
10030 1076 109 11168 11441 11652 117350 1181 12175 12285 12309 12738 13 1367 144486 1524 15682 1617 1739 179066 184 1849 186 19 1903 2174 221437 22951 2335 23846 2469 28 28042 299 3033 31 31108 3141 316 33448 3359 33737 3540 379 38 3984 408560 41 418 42 43034 4404 4425 4539 4572 4573 466345 48 482 48856 49939 5052 5603 56771 57 5774 7788 7806 78118 79 8193 822 8325 8605 9273 929 9524 970,2011
10090 106 1076 11251 11389 11514 12331 12388 1297 1625 1658 172 18037 1807 18108 18417 18478 18606 191 2115 2121 2128 2146 21858 2187 2430 24686 250512 2507 2638 2642 27305 2758 2816 2975 30486 30905 311 316 31996 3208 323 328 3329 33830 34120 3478 36374 373 375 3794 391 394 429 434 4566 4689 48 4888 4908 5092 5106 52193 5458 546 547 5688 57296 5768 582 60 61 6157 63 63365 6462 6482 683 693553 7231 731728 731729 76 7648 76508 784 79 79907 8057 8239 834 83447 8448 8647 8916 8948 9109 9504 97,244
109 11030 1159 1265 12960 13349 1442 144791 1460 15204 17816 1849 18990 19956 212951 2163 223 23269 2345 2567 2685 271346 271391 271411 29403 3111 326 360 3710 38258 392676 4006 4094 42752 428 434 435 48088 4871 4934 4992 5066 508 5273 5522 6448 657077 657078 67979 6893 75211 757 8141 8276 8460 9069 918 92969 9606,420
1010 1033 109058 11214 11624 11773 12167 12593 1260 1263 13820 13830 13927 1440 146 15099 1568 172 177 1773 18893 1896 1897 1952 20625 2063 207 21130 2120 213 2132 2134 215 21578 22357 2252 2267 2335 2351 2355 2429 2469 24820 2540 2611 26376 2710 2863 3280 33299 354 37301 381 3868 38741 3879 39142 39143 392 393 3939 394 41646 4330 433689 434 435 44104 4777 49 4934 5006 5113 5434 5520 5600 570 5727 6002 60120 63 6703 6904 6934 704 711 752 798673 8380 8403 853976 901 9138 914 928 9669,678
102302 106 12045 120972 1215 12257 12648 1296 1341 1343 1419 1433 1442 150 1505 1522 15875 1608 173 183 1849 186 18878 18971 191 19768 2002 20432 204747 2074 20779 2086 213403 213939 213940 21433 22126 2286 234403 234703 263350 2659 269746 30426 312 326 3273 3282 3293 3367 34210 353 354 3876 40051 41 41758 42 420 428 4318 49865 50 5129 51793 5214 5218 525 5313 5422 551224 5581 57 5983 60 629810 64 6524 68145 6916 70672 70673 715221 76773 77 784 79 815 8192 8193 842 843 847 8630 9138 9488 970 9977,267
102802 103433 10473 11582 11932 1219 13431 13606 13644 1367 141 1442 154262 1561 1571 1604 1705 1773 2018 2335 233779 24414 24489 250 252 261086 267636 2685 2798 3037 309 340954 37345 382198 3880 394 40 4033 41 4118 43330 438 4574 49 495 5 505 51646 520973 5507 5621 6221 6383 64 6568 66048 7596 76032 7641 7663 79 797 808 831 8437 8448 876 878 879 8865 9023 9237 93 9503 9696,215
1005 10364 1154 11783 131 1311 14166 14612 1475 14818 14819 150 15660 162703 1671 16785 1719 178 1807 181723 1945 20326 20613 20615 20651 213 2151 2155 2162 2174 2286 23308 237 24217 245 249 250 2613 28432 3059 31 3141 314906 3190 32407 326 3281 3487 354 3701 370240 394 405 41 42 422 434 437 443 4661 46686 468 474119 478925 51894 52820 5297 58 6109 63 654045 66 671 6897 69 7004 703 726 737 7575 7592 7678 79 795 80458 816 8256 85214 941 9410 9885,142
1033 104 1048 1075 12286 12343 12997 135 1357 13806 139 14100 14778 15413 15458 15772 17680 183133 18425 18426 1897 2074 209 2114 2164 220 221771 2364 247149 2615 2879 296101 299 3005 3027 305 31 311 3255 3281 3320 34317 3443 35 3508 3527 36271 372 376 377 379 382 4006 40138 41 435 438 49954 4998 5 5106 5169 5224 5251 5303 5581 598 6105 6130 63 64 6694 67250 7334 7347 7721 79 7962 797 822 8380 9000 941 972 98881,305
1001 104 1048 106 1066 1076 1216 1243 12563 12960 13529 13644 1438 14805 151 16972 1705 1798 18040 1849 18704 1903 193 1952 200051 20506 20507 2074 2081 2092 21627 2174 225245 233 2462 2851 299 311 314 316 326 3318 33321 337 3485 3486 354 35441 3629 3710 376 38 383 3939 40 4006 4077 41827 427 4389 4653 48 49 49330 4934 4999 508 5086 52686 5313 5659 5666 5697 58 585009 5884 5886 6519 688948 6893 737 79 795 8245 83 8525 8526 87402 959 9593,620
10134 10255 10256 1095 1147 1163 118048 12402 12733 13804 13949 14516 1460 1514 15488 1659 1705 1842 1980 2097 213 2146 21521 2194 2231 2253 22822 236 2423 2469 2710 2753 28 2941 310 312 314 323 3662 376 39 394 39980 423 4498 460 5052 54052 560685 5722 6087 6089 63 71924 7881 808 8342 886 901 9062 9483 9504 9615 972,148
10189 1033 106 11170 11373 11673 1181 13777 1442 1448 1456 147971 148693 149437 149438 1593 172 18410 188892 19074 194 196442 206 20883 2098 21691 2285 2286 23534 2364 2540 255709 2783 2799 286957 311 316 3255 3320 3367 3490 37761 3785 382338 385735 3872 4043 426 4558 5065 53126 5348 5467 5588 58 602 6153 6757 69 708 7379 759 770 79 8437 86762 918 920,67
1005 10282 1036 10548 106 106428 11072 114 1160 11698 11855 1191 11956 124 13120 13531 13819 13820 14583 14713 1571 16159 17334 17408 17740 18082 1851 187 19133 19491 19753 2047 205540 2081 2115 213 2163 22572 22952 23274 237 23771 24175 2424 24625 2484 25799 278595 29189 300871 3033 3114 316 3255 326 3308 333 3342 3359 339 34135 34597 34749 34996 3508 354 3540 367100 369 3701 381 3939 4006 4275 435 443 45330 4561 4573 460626 4849 4998 507 50854 513 5234 5389 54149 5477 5506 5581 5594 5724 5768 6024 605 63 634 6450 6582 6694 68677 70485 7113 71536 7210 7520 76 7870 79 7965 80 812 822 83 831 8402 8418 8561 8632 8670 8801 8989 913 9190 9273 9377 9611 9786 989 9946 997 9977,364
1033 104 10536 10786 122969 12398 1245 13237 135 1465 150 161432 1625 16386 168274 1705 173 1746 1758 17962 1801 1824 18297 18395 18606 19509 199 2093 21164 21325 21328 22297 2352 241720 2465 2655 267 2683 3023 3027 30557 31 316 326 326840 3332 33642 34747 354 357454 359 3862 3872 39797 4040 41 42 426 429 434 43472 438 4404 444124 45989 48 518 5422 57 5862 63 648135 6551 6553 6635 666 68641 701 7047 7102 752 7677 795 797 8202 8255 8466 8495 849728 878 9136 9151 9746,361
103178 10527 1067 1214 132 133448 135967 1372 143 1440 14839 14870 16339 1740 1746 1773 1792 183 1857 2023 208206 2166 23352 23839 24054 24202 248172 2500 2530 2683 2710 2730 2733 27983 3114 3197 33047 3367 3390 3667 38 394 4696 4809 49839 5041 508 51630 55023 5579 597287 60 631 65187 7206 7209 72459 7365 7402 7507 7640 7866 7870 79 8437 8702 871 87469 878 88917 900 9182 9312 96 970,209
1005 1042 106 10648 10659 10705 1076 11006 111197 1154 11626 11652 1214 126077 131 146 146372 14839 1515 1524 155 1617 162949 17451 180 184 1845 19371 19372 20725 2086 2115 2352 23811 251619 2685 277083 281 2881 29011 2971 312 315 318 3182 3278 33039 3359 33657 346764 35682 359 365262 367 375 376 3888 393 402724 40326 40648 40797 4164 432 434 435 4432 445 46504 4689 49 5091 524359 5565 5698 57 6077 6081 6101 6189 63 63264 64 6403 784 79 7900 795 81122 83 8437 878 89721 9233 9597 9805,3265
1048 1065 1243 13101 1312 1337 1466 148 1593 1626 16999 17228 1759 1849 192 1946 19509 2002 2199 23321 2430 2528 263486 263487 2683 2816 29812 299 3027 3058 3171 326 3367 376 38 381 382 39 393 41 42 43 4432 4747 5086 5452 546094 5569 5743 60 605542 609 63 6377 6818 6882 7311 74849 762 793 795 7956 80 8419 971 9775,201
1 115644 118884 124874 125992 128259 1306 1311 1524 1617 1740 17788 184 188907 2525 2683 2701 3031 3141 3147 3255 333 3540 381 387 41 42 42115 45158 5074 5113 63762 71832 729 7424 768 79 83 8306 87 904 907,1807
1 104090 10514 10968 110900 112457 11532 11682 1187 1216 12321 12354 1246 1312 1337 1364 13771 14050 14323 14436 1450 147400 150 1517 1524 1617 16207 16832 170249 1708 1738 1758 177 18005 181 1838 18973 19170 194 20082 20086 2025 209 21029 2181 223 22950 23165 23255 23269 244985 2499 2507 2541 25964 2683 2753 283288 28716 28717 28761 29268 3007 3027 30454 3255 3326 3338 34237 36625 38 3831 3876 3879 391076 4065 41 41860 42 4462 4475 4725 4808 487 488 508 5138 5201 529 5422 5570 565919 5891 602 6087 6101 6108 6156 6226 63 687630 69 701 731 7379 748 7631 770 7870 797 7983 80 821 823 8242 8415 8838 9237 94 959 9885 992,844
102223 107 10822 11625 12728 12738 1367 14002 1421 1442 1529 162017 1723 177255 1800 18410 184882 19532 207 20708 222 23269 2851 314852 322742 3277 3320 3819 3831 4181 434 445 4747 4934 5663 574 5968 63 6456 79 795 8141 8276 8589 886 90 9260 9416 9476 96964 9746 9871,1236
10202 104 106878 12175 1243 13345 1336 13465 135 1466 150746 1511 1514 151815 17151 1719 1759 177 1813 186159 1903 19212 194 199329 2174 2338 25973 2653 313 314 3141 326 354 40 4077 424 434 5091 5106 5138 535127 55433 5547 5653 5821 5831 58327 5877 60 6225 63 64922 6857 7519 7783 7806 8437 93051,259
10134 1016 10199 103805 1048 106 1095 11582 1216 1243 13528 1362 1522 1536 1582 1617 1710 181 188632 197 19919 19920 210 2201 22499 2251 22987 23266 23269 236 2384 24240 24394 2440 2538 25401 2662 2663 2664 26650 2685 2710 27898 299 3074 31165 315 3175 32210 323 326 33469 34017 340954 3428 3527 37151 376 4169 42260 426 4288 429 4432 4453 452215 499851 507 50802 509 51647 53660 55170 5621 565 57733 58 582 582519 607 61 61328 6157 624 62530 62727 6418 6456 646 66555 683 6853 6893 695 731 742 752 757 779 7806 79 793 7956 87022 878 8948 916 928 934 9680 972 9859 988,348
100933 10460 106 1095 117294 118060 1181 12283 1243 1250 1263 12738 12739 12774 12814 1282 12984 13042 13101 1337 13388 14023 1421 143293 14926 14998 15207 15853 164923 16715 172 1897 1946 2023 2047 20939 210 2134 21479 2160 22879 2423 24334 2451 2685 2701 274 28966 2934 2946 298639 299 3027 3031 3114 3159 323 326 3367 337 3441 355 3577 3620 38 3873 3879 392 40127 4043 41 4152 42 4207 42441 43017 434 435 4559 4653 4854 5086 5161 532344 54184 56855 56858 602 608 608108 633368 6482 648355 66 69 6947 710667 72271 735 73873 74060 743 7666 768 7790 7791 79 791677 797 80 822 8262 831 8397 8581 877 8774 878 8851 901 9153 94 976 9977,706
102200 106 1075 1159 11651 1177 120052 124410 12755 1301 13011 138096 144467 150521 15224 1523 1569 158232 1712 17989 18299 19390 20964 21583 2163 22151 22195 22281 225320 2364 25068 25196 25972 2657 2690 2758 276 27972 285181 2979 30601 31567 3158 31676 3172 31995 323 3281 3283 32893 33974 34281 3460 355 3555 35985 376 3789 38 393 4025 403 4202 4404 4582 4696 474 4794 4998 501740 502 505 516655 527 5581 5763 5884 5997 608 608607 623 63 641 64307 6440 6451 6482 651 68 69 7003 702607 702608 7504 7531 7678 779 7806 79 797 8130 8239 8257 8379 85 9051 90970 92667 9545,242
10321 106 10822 1095 11217 11445 11691 116921 11811 12416 13011 13615 1367 13702 14100 1442 1515 155 1570 1571 16238 164 16640 168197 17404 17589 1771 1816 187 2 2047 2086 20988 25079 26744 2778 3092 323 3276 3489 3540 3581 359 35927 376 4015 4217 423 428 434 435 4432 4562 468353 468354 46893 488 499180 4992 5 50 505 50914 50915 50916 50917 5247 5577 57 577 61 62387 6893 69 701 703 7072 72566 734 7361 768 79 795 80 807119 8437 859 878 9127 91332 93 941 9416 99,570
101 106 10832 112492 114 114040 1214 12175 1227 1228 12473 1283 131 131000 140532 146823 1511 165 1657 174908 176086 178 179312 1813 1857 198755 198756 201 20166 2174 2202 2250 237 237145 250 2685 2751 2763 2764 29066 2998 3084 315 326 3278 3281 3332 33388 33917 3772 38 40580 415 43 434 47472 4794 48355 48836 505 51672 5182 5384 55921 57252 6002 642 647 6724 6893 731 76 76106 762 763 7783 79 8297 878 976,564
106 107552 1121 11565 12721 12897 1320 1337 13830 14459 1524 15852 1622 1808 1849 18684 206522 2098 2174 2335 2352 2356 24107 2466 26008 2685 279691 2807 294216 294904 3032 3255 3256 326 38 38051 381 3874 404706 415577 4183 426 43965 4502 4914 4934 5007 507 5113 511830 5200 539540 5448 5703 58 5803 631 64 660429 6893 7432 7783 784 79 7900 800 822 834 8767 8774 878 9173 9956,98
10070 10134 10749 120185 12064 12301 12302 12303 1245 12758 12975 1304 1337 1372 1524 15338 15742 1617 17012 17608 183 184 1857 189 1935 19364 197 2018 2074 20758 2082 22326 228075 23443 24229 2440 24986 2500 250512 295253 3027 309 312 330 33863 34457 379 381 382 392 393 428 4404 4562 48 514480 5328 5423 5506 55410 57 5777 5822 6238 626110 63 6446 69 7206 756 759 762 79 83 8362 8380 84141 85189 87 901 923 9536 989,2337
1033 106 11069 11406 118 1181 1183 1214 131 13349 1345 13718 137412 14805 150 1524 1649 1735 18162 18435 1849 19768 2074 2075 2086 2244 2408 2462 256468 267 2670 2769 27906 2796 2963 2971 312 313 32395 3241 326 34286 34443 38 3812 3873 40 40779 41 42 422 442 44671 44886 4502 4739 4789 48085 486 487852 48881 4991 50210 516 5200 5418 5884 5886 6089 65030 6862 68816 7197 762 7669 797 80 81258 8492 8512 876 879 8989 91 913 945 9692,334
10070 102 10255 10256 104 106 106432 107 11191 112 1147 11610 11793 1243 1282 132 132336 1347 138 14165 150 15032 151 15462 15474 16269 173 187 18844 1945 19489 19560 198 2014 20253 2261 2372 2500 2540 2710 279218 28716 28717 29796 309 31 323 3278 3281 3283 337 35880 36625 3744 37445 381 392 41 41253 42 42068 428 43178 434 435 4432 45518 4789 480092 50823 512478 512479 5506 55572 57 5862 5954 602032 6051 6098 63 64840 655875 67356 69 70329 7197 7244 7450 748 7806 79 8515 862 878 9066 9289 968 972 99,523
10045 101500 10592 106 1147 11965 12331 1243 12888 12960 131 13261 13281 133 13324 1372 14161 1442 144869 148 150 151 1522 15325 1570 1624 16818 173778 179010 1845 1849 1851 1856 189254 2018 2023 20373 2085 223 2232 2352 2373 245 2500 26555 2685 2751 284 314 315 316440 323 326 33064 3337 341629 35675 3710 3815 382 38258 39 394 40 434 435 464 473360 49012 4934 4935 4941 501376 5091 530380 5372 545388 6002 6448 647090 647091 6482 671 675240 6893 7005 7206 7284 72993 7358 748 760039 762 7625 79 795 797 80 8222 8630 9330 9450 9453 9488 98371,704
1005 10132 102 104 1076 1134 1163 11694 118 1282 13388 14176 1695 17015 17770 1783 1849 20282 206215 2086 2123 2151 2200 2352 2540 274 2851 28716 28717 29602 29603 299 3141 315 33589 3411 35319 3535 36541 38 416990 5 5161 5886 594812 594813 6151 63 6701 6888 6975 7202 7203 74008 7788 8193 8297 8366 8379 8630 877 8989,110
10134 10539 106 10625 10973 1214 12447 131933 14429 1511 158895 1625 1629 1821 1867 1935 2151 2157 2201 2372 2528 25456 2683 2685 2688 2879 302387 3031 316 3271 3318 3377 35391 37080 378641 394 396427 41 42 427186 438 4434 4730 48 4847 504 54889 5877 607 6886 6893 711 7164 743 759 79 795 8239 8871 90016 901 9560 9775,1502
104615 1048 10649 1066 107085 10971 11223 1245 13032 1305 1310 132 134 135323 13535 14119 14354 1440 14435 148007 14998 15164 1517 1526 15465 1705 17788 18567 187 19331 2014 206 212 22380 23269 2372 23852 2508 2540 25614 2710 2946 297929 3033 304 315 3255 3274 3390 34115 344672 3539 354 35800 381 3813 39905 400 41 4113 42 4241 4271 434 435 48 5066 5168 5442 5522 55588 5603 60197 603 605 61 63032 63883 678289 6800 6853 70269 7197 72625 743 757 7870 79129 822 823 8403 871 879 92006 9237 9442,612
100223 10392 1048 1065 1095 114691 128895 128961 13059 13699 141 14120 1422 1442 1450 146885 1514 151409 151410 1523 1536 1571 16540 1747 179625 18426 1845 1849 1851 2201 23151 23269 23438 2352 23870 25080 27542 2820 2851 29658 3033 31 322 3223 323 32701 37 376 37765 40502 41 429 4404 4828 4845 4987 499301 508 512576 5722 572890 5775 6009 606 607 6166 61701 64090 7790 7821 7883 79 80 8141 822 8231 8777 92924 93 941 942 95073 9813 9867 9977 9979,113
10074 10436 1048 11006 110565 1240 12466 12782 1296 1306 1308 1345 13499 13500 13819 147417 15039 1517 1624 172 1745 1807 18185 1845 18925 193973 19596 2063 20701 20891 2110 211029 213937 2352 2360 2479 2583 262273 2685 2712 2924 30395 30694 307594 31 3254 3255 325852 3280 330 3300 331 353743 38 385005 3851 3888 40 432 434 435 4424 4561 459 48 48674 4932 4994 506419 5422 546 582 63 6742 6893 7028 70656 731 7563 76846 79 822 83 83211 849 877 8812 8940 9031 9151 997,487
10000 10251 103820 104 1095 11270 116 117 11920 1212 1240 1367 138 1454 1517 1523 154316 15555 16134 1637 17737 183 1849 1919 19768 20133 2086 213 215 22281 227 2350 24127 24128 2423 246616 246617 24984 25692 2730 28464 2868 29376 29553 29681 297571 32219 339 354 3789 38 392 40 4009 4076 4077 422 423 4432 46194 4699 4934 50458 507 51064 512 51934 5421 5695 60 602 6306 6404 653159 676 68014 748 7581 788 7949 8200 822 83206 8684 9136 99631,168
10258 1040 10967 11010 1168 1216 12821 12891 13016 13388 1514 1617 1773 1788 1849 200 20501 2174 21962 2335 2338 2656 2683 2701 271324 274531 276 2829 2879 2881 30463 30656 31 310 3141 315 323 331 342029 354 366422 409 41 42 452 4724 505 51513 5404 54901 5502 55732 582 587 605 6081 6284 63414 711 7177 7255 735 757 7783 798 8314 859 878 9739 997,169
102776 1048 1095 1168 1235 1263 12960 1312 1442 144863 15064 15460 16167 181 1849 18896 1903 191859 197 2086 2163 223 226556 2372 2641 2642 2685 26862 27085 2896 3058 323 33686 342985 3710 3743 38258 41383 4276 434 435 46904 4736 488054 490 49036 4934 507 5247 55092 5565 577119 5983 6014 616930 618620 6448 645671 645672 666 6893 69 690127 700667 703 7062 708 751 762 795 8297 83 830 94 9416 9650 968,535
10119 101522 102 104 107394 11274 11704 1200 12090 12793 12960 1305 13441 1393 144484 146 15244 155 17320 1735 1849 18670 194 19657 197 2025 207 208803 21 2160 2171 223 2331 2373 2440 24539 2565 2650 2670 2685 2738 27881 2807 28969 2939 303734 309 31 314 3208 331 3367 359 3710 38118 38258 3863 394 39666 39923 425 434 435 4572 464 4723 48 48055 4870 5227 5243 5506 554 56475 5671 6077 61 6240 6306 6448 6568 71779 7443 7456 7595 760 763 765 766452 7802 7804 784 7898 79 795 797 871 8771 8881 901 9100 9236 934 941 993 996,402
1033 1115 116 120116 12259 12474 1279 13528 1359 138474 14778 151 1571 1602 1759 1849 18783 19309 209 213 2132 2134 21715 2176 2395 25779 2683 269 26979 2738 28251 2838 28966 312 3272 3412 3701 3710 376 38 434 47812 4808 4822 496 5 5113 513995 5357 5683 58942 5983 631 6462 6581 66699 6848 69 731 75748 7642 7788 781 792 79205 7949 83 8645 88080 91620 9745 9944,107
1009 102208 102209 10448 1048 106 1114 11830 11836 12204 1245 126854 12694 1337 14353 1450 1524 164633 1657 18208 19060 191 194 2018 20531 21966 2208 2250 2364 2432 25250 2751 2810 2977 30216 3027 31554 31807 326 3281 3282 3367 37088 3873 392 393 394 4094 41 42 431 434 435 4434 4828 4843 5016 50347 5122 5138 53610 5509 552 5581 571 5746 5747 58157 5821 6077 6106 61906 63 631 6876 6934 733 746625 79 795441 795449 8378 888 8882 94138,625
1 104 10649 1168 11794 1243 131252 13808 14119 15207 163480 165831 1710 1712 182856 2056 2184 23594 23740 2500 2685 278724 3114 322 323 3276 33626 3540 3739 38 3876 392 393 4127 44051 4653 4907 4908 5091 5138 527 57 61560 61561 63 64 66 679240 6857 6893 74581 7728 78 79 855 8774 89119 901 9182 9273 9276 9608,539
104 1076 11277 1147 1160 11864 12077 1291 13465 135 13804 161919 16219 1797 18425 1845 19381 1945 208850 2250 2352 2417 25982 2663 2777 27820 315387 33192 36062 37866 40127 41 42 428 434 435 4808 5411 5506 5581 574 5980 61738 63 666 69027 731 7636 79 7938 7983 8260 8293 8437 85 858 877 901 90276 93 9440 9504,475
1 1010 102432 106 10795 1095 115271 11602 12447 1245 1282 129192 1311 1441 151 15795 169567 1712 1716 172 177 181 18567 187 19896 19897 2047 2074 2168 2213 25223 27576 279181 2957 311 314 315676 315677 323 3359 34131 3749 376 382 394 395 4158 434 44987 451752 47949 48840 505 52310 525845 5425 5547 57091 5983 60930 6211 6482 673575 673576 704 711216 729 78 79 797 8031 814 82825 842953 847216 87142 88370 88632 9121 9501,434
1048 106 10706 111149 1163 118382 119816 1214 12204 122200 1301 1305 1320 132335 132336 132337 13454 1358 1372 143792 144771 149334 1517 1522 15928 1622 1624 164072 1694 17181 1800 1849 1855 193 19752 20049 2047 2098 2166 2168 2187 22018 2286 232469 2327 2335 23664 2417 2469 24888 2500 2538 2685 2712 28251 300490 309 31 312 313 314 326 33366 3367 3412 3540 35665 3647 382 3874 400 4054 41263 426 443 452 4747 4809 4861 49 49111 507 5095 52120 52123 52359 56130 5624 57 60 645 6462 6893 699956 7122 7206 79 800 803486 804502 8086 826 859 876 877 878 8984 90130 9019 91 9273 9476 95734,180
1010 104 106 1066 1075 10888 1093 1095 111381 113726 115367 11971 1263 12960 129666 129668 130 1320 13261 13636 1440 14946 1512 1608 16191 1632 16484 16557 1659 167456 1712 17402 1773 177782 1781 1849 1897 206635 209 2098 21049 2151 21884 2202 223 22783 2335 2352 2413 2525 2564 26315 2655 2685 271 2753 2928 323 3253 326 3305 3367 3412 347 3710 38258 3831 385067 385068 385069 3874 400892 409 41266 434 435 435644 44595 44603 4550 46879 49 4910 50 5123 5153 521115 54790 551 563868 57 605 6081 62362 63 6308 636055 6448 6457 6462 654800 663458 664955 684734 6893 6920 717433 7200 7362 7413 74611 74909 787685 787846 79 795 797 8071 822 83 83877 8564 869 878 8920 8942 901 93369 96413 99,554
10271 1095 1159 116309 1243 1311 143 1562 1604 1710 1745 1757 1800 18985 2061 2128 2286 23269 2364 2662 2663 2664 2665 2668 27545 2796 29 316 323 32733 3276 36914 3701 3817 393 427 429 434 44357 459296 5 50610 5147 5403 5411 5581 5653 5884 5886 5983 607 6097 6108 6147 653010 66217 734 752 7619 766504 776366 79 8378 95540 99,342
1006 105926 1074 1075 107814 116104 1168 1181 13927 1444 16331 1773 1897 2164 2305 2364 2688 271 2713 274 2878 312295 3159 3223 323 354 3620 368413 37027 37029 37068 391 428 464 50072 519084 56058 5614 5886 61560 61561 6893 689752 7003 7150 7450 7668 81685 822 830 8379 8380 8454 8724 88073,747
104442 10880 1095 109664 11003 11050 11168 11384 114479 1164 1168 1172 11872 1194 1225 12274 1243 1251 1263 12794 129393 129412 13500 13673 13730 13927 1448 151 15130 15390 1546 15460 16131 16968 16972 16975 17138 18357 1839 1856 195 1961 1980 209 212 2130 2134 2151 21605 2352 23583 2437 2440 2500 2538 2670 2709 27516 2787 28716 28717 2896 29327 314 315 316 32634 3280 333 336567 3539 3540 365490 365491 36625 37301 379 38264 405 422 429 43 434 4573 46194 46558 5063 552 5565 5688 574697 5884 588501 60 602 629775 647 66820 6931 706 729 729098 737 7507 76 7609 770 777 79 797 8380 87156 886 8886 92135 9273 9400,402
104 10536 106 10983 113 11384 1147 11514 11575 116 11649 117 1200 12071 12198 1263 1275 1282 12959 12960 134 135 1367 1419 1441 146738 148216 151104 15381 1659 173 17585 177 181 1824 1849 2002 2047 206997 2074 2130 215 2168 22256 223 2266 22947 23269 23404 2507 251601 26596 2685 27493 299 3033 31 311 3114 312 314 326 334836 33873 33875 34556 3490 3540 3583 36528 3664 36712 3710 3757 3817 382 38258 394 40127 4068 428 429223 465068 479440 5 513 529 5418 5442 5502 554422 5587 56826 5725 577 579926 599186 604 607010 607011 615345 6255 6394 6448 6686 6893 69810 739 74622 75 759 79 791 79382 79624 822 8239 8256 854632 8635 8838 9273 9644 98,522
10087 10088 10089 10090 10134 10443 1048 11081 112671 1159 1160 1243 1304 135515 1359 13644 13689 1448 150 15151 1524 15546 17270 1745 18165 1856 1891 19600 2060 2071 209 22248 22789 232480 24008 2437 2469 248546 2501 2538 2540 2565 2694 2829 31 312 31354 328 3386 34990 355 37953 38 41253 415 422 423 4305 46382 49131 5052 507 5070 546 5507 576 5821 598 6294 6568 667200 6886 744 757 77499 79 795 836 8437 8802 887 94482 9885 994,114
1033 11602 1209 1301 1382 1421 1430 15452 1617 1714 1800 1804 18483 1926 21236 2152 2254 22543 227 2327 2352 2364 250 2530 2683 26902 281113 312 314 315 3170 368 375 376 381 382 383 43 4559 5049 5326 5452 58 63 6375 64 666 7806 79 797 8061 8257 966 9710 9733 9753,216
1 103199 11118 11514 117862 124474 128890 13770 1382 15207 1694 1705 17604 183 184 1845 18886 19600 2005 20680 20701 215033 21595 21668 2216 23020 2364 2538 2730 2814 28968 30647 3114 315 3540 365 36581 379 41 4185 42 428 445 4498 4808 4929 4941 5114 51410 5313 57 58 6130 6313 69833 7197 7404 7784 79 80 81257 8515 941 9436 96770,163
103664 1090 1105 11325 1200 1214 12326 1282 1287 1290 12999 1304 131 143 1442 14663 151215 1522 16036 1604 1622 1729 1799 1800 1845 1849 186 1910 19101 194 19627 20076 205 206726 209 2179 22608 2469 2507 25972 2640 270406 2715 2816 29001 299 30228 31 315 316 321315 3272 3298 3320 3515 356941 361635 376 381 382 383 3862 3969 41394 4184 4217 434 435 44359 44360 4446 44561 44818 46574 4967 497 5220 5321 53578 5413 54352 5452 6024 6051 63 69 690 706 7177 735 750 7507 79 80 80661 8099 843850 855 878 8834 9236 9327 9329 971 9820 9891 99822,461
10443 1045 10510 10649 1080 117623 122519 12257 1282 130089 1337 13804 1518 15207 15853 15875 1712 1745 1746 1849 1851 187 1892 19768 2086 226 2282 2360 23746 2685 27419 28 3114 315032 35628 393 394 4043 405503 426 432 434 435 4478 4503 4795 49614 5113 598 605 63 64 6733 6887 6890 705583 743 79 815 821 825108 901 9727 9956,473
1006 101 1025 103697 10415 1048 106 113 116417 11867 1243 1311 1336 1382 13892 1421 1507 1508 152890 15309 173 180 1969 1972 1973 2023 2056 206 207 21259 2361 237 23905 24040 2440 2530 261 2611 26714 2683 2685 27158 272781 2729 2797 3034 31 312 314 315 32610 328 3540 376 3789 394 40340 4056 422 422441 423 434 435 4444 4809 504 505 508 50985 52024 5507 61488 62092 63 648 6514 664332 666 7244 748 74916 759 788352 79 822 8398 86 8673 90 90472 923 9506 959 966,516
102575 104 1042 106 11064 111311 114 11651 1224 12960 1301 14359 144450 14831 14904 151 151530 1537 1573 16091 165405 177 1849 1892 1935 1945 198 19890 2002 20423 2168 223 23380 2500 2668 2685 27842 284133 30636 314 315 32599 326 3281 3283 3329 3710 376 382 38258 397762 434 4870 5007 507 5167 5170 52331 5452 5507 5890 5986 610721 6189 63 64 6448 6893 706 788 79 8683 8972 9355 9416 9476 98719 9902,503
1048 11682 13180 13537 150 1514 1522 1524 15292 1571 1617 1719 184 2023 2174 223829 2352 23946 264423 2851 3141 33194 3367 342492 353 354 356690 376 382 393822 4112 4447 449226 484832 4936 51 5507 5509 5955 5956 5985 6089 6753 733 7678 79 8437 9237,2125
10124 106 11289 11575 1337 138991 1442 14549 1714 17613 1807 18346 1896 19843 2086 2164 216752 2209 223 23269 247545 2526 270207 27846 299 3159 32007 326 3281 33501 35319 354 376 4009 4118 4432 49 50 50983 5228 5614 67630 6853 729 788853 79 80 84062 9351 9977,113
1033 10514 106 1095 11064 11219 113 1153 12167 121781 121785 1240 1245 124926 12734 1301 1302 1310 138 13827 14759 1518 15488 1594 160028 1622 17357 17402 179420 1807 183 191401 1980 20558 206215 2081 2157 246 2526 2541 267628 2709 299 308314 310 315 323 325 3371 3406 34486 347 35149 3539 3577 3789 402 41466 428 434 445 488631 488632 505 5138 515291 527 54487 5653 5889 5890 59795 60 6002 6073 67004 69 75388 759 762 79 8101 81946 8755 8989 9062 9138 9410 972,122
120589 1282 1301 1367 151 1511 1524 1849 21459 216948 23476 25354 2687 2777 28742 301 30463 306206 30636 328 38 3868 4383 45597 46941 4698 4715 5116 5968 5999 6197 6401 6690 67180 676 7244 7441 7443 750468 76 80 808 84860 9505 9568 9861,426
151 1514 1562 17026 1736 17808 194446 200900 213 23269 2469 24707 24708 310 3141 323 3358 37254 38008 381 41 42 516438 523540 55866 5877 6482 69284 704 78889 79 822 8437 8573 9062 9236,206
103702 10502 107733 1095 1146 1168 119767 13115 1320 1336 134 1382 14057 1442 14747 151 152333 1536 15459 1556 169567 1710 188142 189073 194 2047 205 2098 2110 21302 2151 2168 2216 226868 24924 25223 275532 2798 299 300 304933 323 331 3367 337 355 3644 36712 3736 3737 375 382 3831 423 434 437 442999 4448 44993 450 459 46512 5122 5247 5404 5581 5588 561790 561791 561792 7028 7179 774 79 8202 8297 844985 859 8823 90787 919 922,342
1065 11502 1168 123872 13130 13132 13194 1320 1345 136882 1372 14061 1523 15757 1656 1849 18857 19214 193 2098 213 2251 227710 22791 22924 2335 25608 2685 30330 30388 3114 32211 323 3230 326 328 381 382 3874 3966 40134 42253 429 4460 44694 546604 548 5688 59247 59248 59446 6062 6089 61682 6305 6646 68563 6893 696406 697085 7200 7206 75 7712 7747 79 797 80 822 86217 878 89147 9476 9567 968,521
104 1048 10542 112122 11217 11608 11920 11923 12204 1257 126015 1310 1311 138 14166 1460 15164 1560 15921 16972 1705 1712 17238 173 1816 18185 18392 1849 195 1952 197856 208749 209 2092 23594 2364 24083 2710 3008 31 310 314255 32663 3309 3359 34749 3518 355 365 393 394 41 41263 42 423 434 435 44978 504 5041 5113 5138 518925 53610 5443 566 57 57308 57542 5988 60 607 61 614 62646 63 6305 64 65 6524 69463 7179 762 770 79 797 80 822119 84363 8487 859 861 87 87344 901 9144 91640 9266 9475 9650 972,544
1032 106 12678 12750 12947 1320 14737 1512 1517 15184 178331 181777 1824 1849 1853 188128 2027 203372 2098 2188 2279 2335 241285 2423 2484 26313 2672 2685 2706 28716 28717 28874 2924 315 326 3281 35900 3874 391 392 4288 4373 4492 4579 4580 4682 49 505 507 5095 527 59247 59248 6494 6893 703 725203 739 7791 8379 878 8921 9266 93 9416,194
104 106 10648 10748 1075 116649 12093 1243 1314 135 135012 14191 1465 148043 148996 148997 15415 160401 1608 1714 1756 1757 180 188408 1903 194 1995 2042 2047 214 2279 2356 2364 2500 2534 27577 2873 29785 3037 309 31 32269 326 3262 3264 33313 33366 338490 338491 354008 383752 38590 411228 42092 423 428 4288 434 435 43956 445 4492 462944 502086 50347 50708 5106 5113 5170 527 5411 54401 5507 566 56614 57 58672 60426 607 63 676 71681 72214 7449 79 7903 793 8202 8291 8293 838 8437 8495 8776 93 941 9545 976 997,617
10269 10497 1057 114 1162 12175 12532 13048 1337 151 1537 1627 1710 17809 18025 192 19466 20072 2056 2057 206 2086 2100 2128 2174 2659 2685 2925 3114 3141 3255 326 3289 3290 3526 368145 38 425 428 434 435 48345 487 4870 4964 551 5882 589160 60 6130 623 625431 64 6524 6854 6893 6934 7202 7590 762 824 825 826 8260 827 829 830 831 9692 9811 99945,759
104 106714 11564 1245 12960 1337 1345 135 1359 14166 1454 146201 147698 1496 15488 15507 15508 15509 1659 173 183 185753 19572 20507 215 2159 2231 227 22951 24472 268 2683 28716 28717 3141 3324 3390 361 36625 3710 372 3868 391 414588 414589 445 490 507 5565 5877 60 6313 638 6724 701309 7033 748 779 810 8287 9029 9608,136
10255 10256 11759 119443 119762 1337 134360 1460 1524 15895 1617 184 193319 19956 2002 20292 21255 2352 26154 2716 271846 2816 28271 29732 3540 41235 426 42716 437 4994 50983 5113 5249 52833 5422 55176 57214 79 826 877 9151 9482 9488,1772
1010 10269 10321 1048 10491 10587 1076 10822 10888 10984 113342 11565 1282 141365 1444 1524 15393 15807 16191 16370 1651 17809 1796 181 182079 1856 187 19188 19595 2151 22037 2209 227 2317 23269 23393 2529 25356 2541 26104 2685 2710 2716 27718 28900 3033 31 3141 3221 328 33980 34237 365 37567 381 3873 40658 41 42 423 4276 434 4503 463240 46941 4934 5422 5506 5565 5577 5821 5884 5999 6002 602 60405 6377 65147 6690 6893 731 735095 7533 7636 76370 7770 78 7870 79 822 8386 848 849 8762 88912 9453,500
1033 106 11459 1153 1240 12813 13042 1312 13287 138 1452 146 150 164821 16716 1723 17402 178232 18152 1856 18712 18715 191 193 194 209843 2130 2151 2157 220 23371 2352 2356 2357 2407 24743 250 2540 2683 2755 2769 28716 28717 2873 2962 3141 315 3281 3324 354 364478 3721 3749 376 38133 392 39724 443 4502 46276 4809 482 4901 4934 496877 5052 510339 5138 527 5456 5877 5951 60 6044 6108 66691 678 69 729 731 7450 759 7625 769 78915 79 877 9139 9140 9404 98701 9949,118
108342 1168 1243 12540 130749 133571 1347 13922 1561 1707 172 187 19188 194 1952 20070 2023 219226 219227 226 2469 256945 2710 27167 3027 32698 32826 3412 376 39480 4639 4935 533548 5477 5808 5989 607 63 634 65 718727 718728 75843 7806 797 823 85400 9312 9919,163
104 105743 10717 1075 118 119 126908 14363 1460 1518 157925 1698 1712 17589 1761 192193 194 197 20488 235 2363 2364 2372 2507 2859 3022 3032 3349 3367 394 440326 4432 4446 4475 4723 5821 5826 584 58484 59107 5983 628 652407 66048 66182 66791 69 69115 708 79 99586,365
103377 11389 1168 11682 1219 12517 12960 145298 145300 15536 1659 16698 17896 1823 1825 1849 20070 200831 20581 2115 223 2231 22763 22950 23274 2339 23963 2441 2632 2685 2753 29825 306397 314 32599 32660 3276 333244 3449 3476 34810 34957 355 3710 3789 38258 400 410 4180 429 43340 434 435 4458 4502 507 5113 52878 546125 5543 5581 5661 5985 614533 63 64 6448 662491 662492 662493 6893 7403 757 77 79403 7949 9029 9505 959 95903 971,709
1093 1162 11910 1215 1320 1522 15996 1659 16632 173 1763 183 18495 2098 22564 23284 242183 242184 2462 2659 2753 2769 2816 2881 299 30012 31 314 3223 323 328 341530 354 3540 3637 367335 37 3792 38 3924 40080 4043 409 42 434 435 444121 479662 4987 507 50863 51360 51406 52123 529131 5454 546306 56950 59247 59248 6081 609 6121 61447 625347 643109 6468 65483 69 6985 729567 737 759 76036 784 79 8029 82982 847 8557 877 878 8948 89828 91 9273 968,528
1005 10566 106 11251 113 11404 11808 1214 124493 125017 12975 13276 137399 137400 141542 1419 14507 1473 1523 15292 15502 1694 1719 17532 1763 1827 1856 1903 1926 2007 2011 2047 2069 210418 21605 2203 23331 23518 2381 2479 2685 2710 278623 278624 28085 2816 2929 30193 3061 3130 314 318025 3198 326 331 345798 35326 37017 3733 37366 376 38 381 399826 40 402 41 42 4404 440864 4501 4573 4613 46935 473827 48702 49131 50906 5227 547 57 602 6221 6377 6893 7209 7211 73017 7678 7729 7806 787 79 795 821 8528 9236 9252 93 9694,130
1016 1021 10443 1093 11170 1168 11913 1226 1336 1367 13718 13927 1714 171809 17808 188094 194 213 21605 2252 2253 2336 24040 2538 2540 2541 2638 2670 2688 2692 284204 28716 28717 2873 3109 312 314 316 323 3539 3540 36625 37705 38 405 41 41180 42 45158 4730 4808 507 513207 520401 6052 61723 62077 6230 62709 64513 69794 7533 79 8059 822 838 886 9237 9273 97 9956,206
100488 10134 1095 1147 115516 116479 1214 13966 1571 191963 1921 194 224348 2701 271374 271375 28568 28948 3059 3114 323 3249 3367 35602 376 393 4076 428 4927 5624 569429 569430 5989 63 637247 64 6448 733 784 81449 878 88723 90 901 918 95 9746,109
10257 1033 106 10794 114 12002 120231 1304 13388 13389 1367 15034 150640 151 1517 1526 153510 15742 1759 177 1799 1849 1856 185656 2060 2168 22543 232837 2360 24539 25744 2685 2798 281822 2871 3037 326 3324 354 3596 372 3764 377 3802 38613 392 392476 40524 4123 426 43 434 435 4870 496219 508 52032 5659 5886 6077 6115 6382 6732 68237 6893 69 69090 704 735 743 748 749 7555 766 768 7788 7791 780 79 80 8020 819 901 9095 941 959 98871 98872 9956,615
10133 106 112617 142 1453 1514 1719 1757 18185 1849 1897 193 2701 312 315 323 326 354 36625 38 4699 5113 6482 69 735 7678 7790 79 970,60
104 106 12064 1382 1442 150 1514 1732 1746 177 1804 1827 191 1935 2023 2168 2209 276 311 312 323 326 3367 365 367 3789 394 41 434 435 438 4498 4678 5049 60 608 6189 634 702 711 762 7678 7783 79 795 797 869 8742 879 968 970 9867 9977,627
106 1232 1237 12447 1282 1357 150 1759 1799 18185 183 195 197 213 2372 2469 2685 2805 3114 3158 3175 326 3281 3324 3498 3876 393 403 423 434 4503 4513 4699 4908 4934 507 5127 5138 5429 5621 6105 63 64 66 6882 69 701 7244 7255 79 838 847 869 90 91 9236 9266,202
10748 1075 1243 13302 1622 177 17808 1935 197 198 2161 2250 2352 2364 271 2798 28 2979 3037 31 312 314 3147 3255 3367 38 3880 41 42 429 434 4404 4941 5138 5422 5603 57 5821 6157 63 703 770 79 795 797 8193 822 8257 8379 861 9062,243
10134 106 10649 107 1214 1301 1367 13804 1524 1529 1593 16006 1763 1827 1845 2063 209 2232 2248 2469 2565 26596 2683 2709 28 3031 31 316 323 326 328 347 35424 379 38 381 391 4043 4077 460 48 486 487 488 497 513 5571 57 5877 676 711 7631 795 821,109
10134 11680 1243 1320 1524 1526 184 191 2002 207 2187 2373 2437 2928 3868 434 435 4573 4988 5138 5313 57 582 5943 602 666 6681 748 855 859 901 94 9505 9746,402
106 1168 11773 1188 12960 1337 14002 1460 1571 1622 1625 1712 1714 1746 17680 1849 1961 2082 2128 222 223 2440 2528 2642 2685 2941 3027 3033 31 3114 312 315 323 3367 355 36625 3710 376 38258 3873 38741 392 394 41 41263 42 423 425 428 434 435 4747 490 4935 5016 5106 5577 58 5968 61 63 6448 6893 69 706 729 731 7898 79 797 8020 8141 822 9416 959 97,1426
1042 1057 1184 14915 1524 1571 1617 1807 184 1849 1856 1870 2086 214 2250 2352 2423 2530 3271 3281 3359 3449 3500 3652 3701 3710 376 382 394 41 42 4211 4217 423 4492 482 4910 4929 5 5507 5579 63 631 6893 79 795 80 8255 8437 901,1527
10133 106 1095 1275 13101 1337 1705 172 177 1845 1849 1851 237 24898 2688 2709 3033 315 323 326 3271 3441 347 41 42 4808 5506 6893 701 713 758 784 80 90555 918 9416,257
1045 106 1336 1359 1514 177 194 19837 205 2074 2163 2501 2642 2653 2712 311 312 314 315 3159 3320 376 38 381 3873 3888 4862 5659 63 666 79 797 822 9062,200
10189 106 1075 1095 11773 1181 12174 1314 1370 1453 1625 172 1773 2250 2364 24064 271 2723 299 3114 3141 315 3187 323 326 3789 38741 4280 505 5113 5506 5877 6002 63 6451 758 822 989,137
10173 10622 1067 11920 1211 12259 1282 130 1301 1314 1357 1370 1442 1712 1745 181 187 193 1938 207 212 2250 2352 2500 2685 2709 3701 40 41 4181 42 426 431 434 4498 4696 5247 527 5571 5581 58 6284 63 666 6893 69 706 795 861,267
1048 11412 12095 1211 1308 1357 1385 14839 1522 1571 15875 1712 1773 201 2201 2685 3141 323 394 41 4127 42 4696 504 5086 5170 5821 5839 6524 7153 731 757 79 8437 872,190
1 106 109 1216 12813 131 132 1357 138 1452 1524 1617 1705 1740 184 1849 187 197 2025 2540 2622 2683 2685 2711 274 28 28716 28717 3114 315 3256 3449 379 4076 4090 41 42 426 428 4502 4587 4808 488 5065 507 5506 579 580 5989 6211 64 6448 6854 708 738 759 877 9237 97,2054
1160 1310 133 1442 1454 146 150 1622 1710 20382 2061 213 227 2351 2357 2525 311 3114 314 3278 376 381 382 394 40127 41 434 438 4934 5 5049 507 5091 5100 5168 5250 5422 5452 598 61 706 7325 759 79 8005 8239 826 8437 8923 9416 971,257
1076 1095 1219 1240 1248 146 1546 1570 1622 1849 19768 2086 209 23308 25223 2962 314 315 323 3281 3300 376 38 382 41 434 435 438 4432 4870 507 5422 5506 5727 5808 60 64 6482 6887 701 79 822 876 877 879 918 9775,395
106 11651 1320 142 145 1465 1505 1536 1710 1783 1849 194 2074 2098 2335 2360 268 2683 2685 3027 3031 326 3873 3874 394 41 423 425 428 445 49 5 505 5123 58 5985 60 6051 6893 701 7179 8437 878 959 9650,316
1095 114 1304 131 1441 151 1524 1849 19443 1961 2201 250 25223 267 2683 2685 2688 2777 2962 381 392 434 435 5808 5839 6701 7177 757 762 7791 83 878 901 904,384
1007 104 1048 106 10622 1067 1075 114 11575 118 13 1301 13048 1311 1320 14050 1421 146 151 1523 1581 1624 1627 1746 1761 181 18185 18425 1849 1856 1923 1938 1942 195 199 2002 205 20701 2081 2098 2151 21605 2164 2184 2191 2201 223 230 2335 2356 2359 24523 2685 2709 2751 2881 299 3059 311 312 314 315 3165 3255 3256 326 3277 3309 3329 3367 3490 376 3874 394 4181 427 43 432 434 435 4432 445 4670 4999 5065 5066 5091 5113 5122 5228 538 5405 5835 64 646 6462 65 6893 706 7206 7209 729 79 8292 831 8379 838 8437 85 8774 878 90 926 95 959 976,553
106 1074 11651 1290 12975 133 1337 1421 146 1659 1710 18425 1849 1851 1856 1893 191 1919 194 2018 2047 205 2074 2209 223 2730 3033 3114 3147 3218 326 328 3324 3328 3737 376 392 393 41 42 437 4698 50 5052 5695 5696 607 6893 69 7160 7194 7334 735 79 80 822 83 879 972,331
1095 11015 1301 1419 1421 148 169567 1757 2042 2166 220 2250 2352 25223 2709 271 2713 3189 323 38 42 428 445 4492 487 507 508 5114 5588 703 768 831 8676,120
1057 106 1095 11694 12257 131 134 13927 1417 1442 1524 1659 1800 210 2164 23269 2352 25223 2668 2896 2931 2962 299 316 326 3276 3324 379 381 4934 5 507 5247 5614 5808 5840 7609 815 8397 8989 901 928 9505,178
106 112617 1282 12960 1304 1320 1367 14132 1526 1561 1710 1816 1849 1856 191 207 2098 2163 2201 2335 2685 2688 313 314 315 3159 323 325 326 328 332 3412 354 3710 38 38258 3868 3874 4043 4181 4404 5045 507 5227 5313 5522 6482 6681 6857 6893 69 7507 7791 79 792 795 80 878 970,348
1033 104 1048 1067 10748 1095 11170 1159 1177 1214 1243 1290 13059 1357 13730 1444 14615 1464 1511 1593 1757 1807 1851 187 198 2023 2081 2128 2191 2250 2352 23658 237 2663 2664 2685 2730 2755 2816 31165 315 323 3367 392 394 425 432 434 4432 4653 4934 4999 5007 507 50802 513 5228 546 5502 551 5614 57 60 608 66 6893 694 709 752 762 79 8255 8380 878 90 91 926 990,671
106 1243 1301 1403 150 1714 1856 20382 2164 2186 2216 2356 266 268 2723 3165 326 3278 3281 3283 434 435 464 507 5614 5763 7209 79 823 886 953 9650 97 99,395
1016 104 1048 1095 12540 1263 131 1357 13804 1393 1421 1517 1730 177 186 1896 1903 1935 194 213 2250 2282 2351 2357 2423 24539 2507 2659 26596 2701 323 3256 3308 3539 354 41 42 43 4696 4994 5 507 5086 5588 60 63 64 762 79 797 8202 826 834 8380 90 9237 925 9503 9504 9956,314
106 12322 1280 12959 12960 12975 1367 13730 1386 151 1570 1813 1849 1856 187 191 2014 2040 2086 2151 2194 223 2670 2685 2710 3033 315 3308 3367 337 3412 3710 38258 40 40127 41263 423 426 434 435 4689 474 4808 4809 4816 488 505 513 5313 547 5547 5579 5884 6093 6448 6893 713 7202 7454 768 79 80 822 859 878 9062 972,469
1245 1282 1302 1303 1421 1511 15474 1622 16269 1712 1807 1849 1952 19768 2086 209 2565 2690 3338 354 38 395 4077 5086 5115 513 6448 69 7244 759 7870 79 792 795 797 8437 85 878 886 925,126
1036 106 114 1168 12204 1336 1358 151 1526 1845 194 1961 2372 299 323 326 372 392 423 426 43 4432 4653 5122 58 596 619 63 64 665 701 711 752 759 7949 80 808 8972 901 928,153
1005 10134 10364 1061 1224 1310 13644 14119 1454 1617 1778 184 1849 191 1935 19768 2018 2086 210 21459 215 227 233 2507 2701 2755 2851 3033 3114 312 315 354 3540 3743 376 381 382 4043 41 415 42 4698 4934 513 5507 551 61 619 63 6448 6457 743 7441 757 7898 79 7949 797 80 812 816 822 831 8437 901 9416 970,132
1214 1372 142 1442 150 1563 173 1807 1938 215 2484 2807 31 312 323 339 379 415 4181 434 4443 445 4715 4935 4941 63 647 6893 7206 79 8515 8525 8526 9236 959,180
1214 1243 1507 1511 1526 1560 1714 194 2356 2685 314 315 3367 376 38 395 41 434 435 438 488 5228 60 619 63 6524 6893 729 762 79 859 871 877 9236 9488,1051
1010 131 1442 1517 173 1788 1821 1849 2164 2279 2519 2622 271 315 326 3272 3359 347 3813 391 392 41 42 428 464 488 4910 504 5434 5614 584 666 671 750 7788 8380 878 99,121
1214 1248 12960 1573 1617 1713 1849 1942 1945 2007 223 237 2507 2653 2685 2710 2879 315 3710 38258 40 4492 57 61 6448 6893 79 795 80 812 9266 9488,69
10514 106 1095 11010 1168 13287 134 1440 1442 1462 1517 1719 1824 2214 2851 326 347 377 422 443 4934 5049 505 5303 546 5507 57 574 579 7625 779 7898 79 8202 8437 874 928 9453 968 98,70
1127 143 1442 151 1604 1608 1732 2007 2018 230 2381 250 260 31 331 339 434 435 4747 4934 50 551 619 63 959,362
1569 1576 1849 23269 250 2507 2611 2683 2685 3027 315 361 37 376 38 40080 41 42 4934 63 6893 9488,180
10364 106 12381 1240 1263 1308 13615 1514 1526 1608 16716 173 180 2074 2092 2352 2641 2685 312 314 3189 326 3271 3276 3300 3540 40 4217 423 4573 48 50 5007 505 5507 570 60 6002 607 63 6893 709 750 79 822 8239 8487 8492 9062 9182 923 9505 970,292
1036 1048 106 1095 12259 1263 138 1773 186967 2074 23269 2335 2338 237 2663 2664 2683 2685 299 3031 31165 323 326 381 3879 392 426 4868 4902 50802 551 5577 58 6087 61 6482 666 6886 6893 7209 738 752 770 784 823 831 847 861 862 8998 901 9066,102
10177 1048 106 11168 1159 1216 1243 1312 1320 1321 13500 14166 146 1475 151 1563 1760 1807 1849 191 1953 1967 20701 2098 215 2282 2335 2541 2685 2701 2777 2816 31 326 3300 354 381 3874 391 394 422 428 432 4587 46879 4809 49 4988 5106 5161 5169 5663 57 5724 60 608 6238 63 6893 7310 770 795 822 859 878 9182 959,196
1048 1067 1320 1336 1337 1357 13681 1518 15488 1561 16006 1712 1713 191 192 194 19455 1967 2023 20282 2047 2151 2168 2611 2683 2685 273 2928 323 3324 3498 382 40 428 4561 4678 5577 5594 60 608 61 63 6482 69 737 8054 901 9151 93512 970,104
10251 104 109 1181 1211 1275 1345 135 13927 1442 1448 151 1526 1598 1623 1694 1845 1849 2002 2086 2092 2149 2164 2364 2372 2500 2685 2751 2777 31 311 3441 353 354 355 379 3873 391 394 4022 434 435 438 4934 5 527 574 5862 60 602 6193 64 65 6893 79 795 8141 8202 8306 8380 8528 879 886 904 91 9608,478
104 106 1067 114 1160 132 135 143 1460 14615 150 151 1524 1561 1594 1759 1763 1799 1856 1903 201 2187 2534 2615 2978 394 4006 405 423 4559 48 49 5 5724 631 66 757 792 797 859 861 93,128
1147 1168 12330 1320 1749 2047 247 2540 2688 2710 2816 323 3271 3275 354 3710 37301 38 381 43 4389 474 49 5113 7443 8645 970 989,81
1048 106 1075 11514 12119 130 1304 1337 150 1712 1745 1849 1953 198 2056 215 2200 2214 2250 23269 2364 2685 2701 2730 2798 28716 28717 2873 299 3027 3033 3280 3281 3283 354 36625 38 381 39 393 394 4077 41 42 427 428 4699 48 5225 527 5327 5502 6189 63 631 6488 6852 733 79 822 859 8645 8812 93 970 997,408
104 135 1382 1453 15870 18425 1953 2047 2164 23308 237 299 382 3879 432 434 435 48 49 5442 551 5581 570 5840 6052 6221 63 7870 795 816 8202 838 861,516
1048 1320 150 1561 1563 1606 1608 1849 194 2018 2098 2335 2685 2810 309 326 3874 391 4432 50 5821 6052 6189 63 6893 7255 770 797 878 9404,131
1036 106 1240 1320 1382 1617 18152 1849 20897 2437 3033 3150 3218 326 3367 3738 392 426 434 435 445 5086 5718 701 731 7804 784 79 80 822 923 9977,355
106 1159 1367 1529 1712 18152 1849 194 1946 2282 24010 3027 3255 326 3309 354 3862 4006 4058 41 42 428 507 5577 6130 634 64 686 6893 69 7244 731 759,188
10644 1095 112617 1168 1311 1659 1714 1736 1945 23308 2541 2655 2711 274 322 323 3276 354 3644 4076 422 423 426 434 435 49 4908 5052 507 5074 5836 6189 63 6482 666 701 7494 7616 79 795 816 8257 90,538
1 11115 1181 1243 1245 1296 130 14633 1518 1562 1700 1719 1736 1746 1759 1760 1857 193 1976 2086 2151 2161 2611 2663 2711 2730 3058 315 3255 3300 3487 3534 3879 425 429 430 434 4492 5074 5091 5429 551 5659 596 60 6081 63 6448 701 7325 79 80 822 831,99
1033 1036 10624 1134 11450 12309 12975 1304 1337 1372 1452 1465 1561 1705 1807 1919 2023 2056 206 2074 209 20964 2209 2364 2500 2873 3027 31 312 315 316 3187 3275 3278 3280 3324 3367 3539 376 379 381 382 394 403 4091 41 42 423 424 426 427 43 434 435 4432 4747 48 5113 527 5328 5506 5577 5581 570 6156 6238 63 634 686 7206 7560 7721 780 8054 812 839 8487 855 9000 901 93 971,670
1044 10644 11072 11074 1163 11773 1181 11965 12975 1337 1441 148 1526 1593 177 1849 1856 20216 209 212 2286 2437 2624 2701 2730 28716 2934 3089 31 314 3141 323 3539 376 381 426 4288 431 4502 4994 5071 5113 5122 5507 5839 6482 703 731 7678 7870 7898 79 797 826 859 950,439
1016 1048 106 1065 1243 1263 1337 1367 1453 1518 15488 1561 1562 16006 1622 181 1849 1851 1857 1861 187 191 1910 2047 209 2184 2194 2352 2416 2769 2879 3027 309 3166 322 3281 354 3647 38 381 403 428 434 4475 4513 4653 4808 507 5113 5225 5411 5588 63 6887 69 7202 7494 7804 7898 879 923 966 972,280
106 12960 1573 1849 187 223 2685 314 326 3317 3710 38258 392 418 423 425 445 4747 5227 6448 6893 7806 79 901 9062 9237,342
104 11565 1181 1287 12960 1301 133 134 135 13991 1523 1570 1571 1712 1714 1849 1897 194 2014 2042 2352 2364 237 2816 2946 3027 314 3328 354 355 3757 376 382 394 422 423 434 435 4572 4699 482 4994 5095 57 6238 734 757 7678 79 808 826 838 8437 886 91 9237 9488 970 99,631
10622 1159 1219 12380 1240 1243 12447 130 132 1320 1337 13465 13804 1460 1593 1719 1763 183 1849 1855 1856 1880 192 2098 2110 2186 2286 2335 2685 3027 3114 312 315 3255 326 3276 3309 3874 391 394 4015 4058 425 428 4324 434 49 527 6130 64 6551 6854 6893 694 7209 737 79 8437 878 9504,325
1016 1021 1033 106 10644 1095 11219 1146 118 119 11913 13302 1364 1442 1507 1508 1524 16191 1637 1807 187 2023 2075 2086 2174 227 2344 2364 2688 2690 2730 2764 2769 2777 31 316 323 326 3664 392 434 4562 4739 5 5007 5052 507 508 5839 604 63 729 7494 754 7625 7678 8257 8645 945,130
10251 1045 1075 1163 1263 1296 12975 13644 14132 1448 146 15458 1903 19443 2081 2115 2364 24539 2685 2803 2881 310 326 328 3367 347 360 376 379 38 3813 3892 423 445 4870 488 507 5227 5371 5458 57 5727 5768 6893 711 731 748 768 79 812 8379 878 901 966,161
1021 1074 1075 1095 1214 1301 1320 1337 1475 1511 1849 1903 1967 20964 2098 2335 2364 2659 2685 2712 2957 323 3367 41 42 426 4987 5985 6156 6696 6893 7589 79 80 8257 878 9000,398
1021 1181 12694 12959 12960 12975 13644 14120 1448 151 172 1733 1773 17788 180 1849 187 1897 195 20897 2092 2216 223 2250 23269 2360 2372 24822 2685 2710 28 299 314 3158 3278 332 3324 3710 376 38 38258 3928 3939 39905 400 4181 428 434 435 464 49 5007 507 513 547 5507 5727 6448 6853 6893 6947 706 7208 7870 79 7946 80 8437 8632 873 90 9746,676
10321 104 1057 1075 11910 1240 1243 1245 1337 1422 151 173 177 1910 197 199 213 2130 2250 2286 2359 2417 2507 2538 2683 3031 354 355 365 376 382 385 4076 41 42 427 4559 4870 49 551 61 6157 737 772 7870 79 7900 842 843,409
1 10365 1095 11003 11168 11219 1163 1214 12204 1243 1347 1372 1421 1442 16716 17808 1788 1856 1901 197 2002 2056 2174 2200 2250 2352 2372 2479 2500 2525 2712 273 28716 28717 2971 314 323 3278 3300 3733 3738 3831 3879 434 435 4432 4572 4573 4723 487 49 504 507 57 5883 5891 601 6077 6189 619 63 64 65 66 666 676 6882 6893 7206 762 784 79 7946 80 821 822 8260 831 8528 861 923 9266 959 9608 990,628
102 11003 11168 1287 131 1453 151 17788 1896 205 213 21605 2173 2423 2469 2540 2701 2764 2769 28716 28717 299 3114 379 392 41 42 4715 4795 4994 5045 5066 5115 551 584 6457 7347 784 826 9066,139
1021 104 1095 133 1442 146 1870 2040 215 2164 2174 2336 2683 2685 274 3208 323 328 3320 359 3894 40 40080 5614 60 66 729 7678 79 823 826 834 923 941 9721,78
1065 1076 1095 1211 1243 1337 1364 14050 151 1571 1622 180 2081 2115 213 2162 2163 2213 2373 2499 2541 2713 28 28717 300 3027 323 3255 326 330 3359 376 394 423 432 459 5228 607 63 64 6853 686 69 750 762 7625 79 795 8386 859 87 9944,213
10415 1095 13048 1337 13388 151 1524 1527 1570 1712 172 17808 180 1849 19768 2027 20501 207 2086 2092 2335 25075 2668 2683 2685 2713 2723 2816 312 337 354 38 425 426 434 435 5227 547 5507 57 58 6157 63 6448 6893 768 7802 7804 79 822 8437 904,403
104 1048 10502 1075 1215 1243 1304 1357 1526 1745 192 193 197 209 2282 2357 2364 23852 2530 3037 3114 354 38 392 5225 63 6568 6904 7177 731 7616 7791 780 821 8260 941 9977,61
1134 1181 1183 1188 1369 143 177 183 18446 1849 1891 1892 19455 1953 19768 2086 2519 2851 2873 3027 314 316 3271 376 38 4015 445 5066 508 5429 5985 605 63 734 738 759 7788 8193 861 8630 888 8989 9488,330
10321 1095 1146 1243 1245 1282 1301 1302 1303 139 13927 1417 1419 1421 15458 155 1593 178 1792 1897 1967 2147 2327 2364 2465 2685 2723 28716 311 3442 3739 376 3880 434 435 48 5045 57 570 63 6893 701 7678 779 79 795 8397 878 93 9312 9505,450
104 1066 1224 1240 1245 1263 1357 1367 1442 1526 1897 194446 2701 310 323 426 4808 5 5113 5506 57 63 6482 7450 79 8256 9746,86
1095 115 11913 1216 12533 1263 14119 1453 15875 1594 169567 172 173 194 2501 25223 2688 323 3309 354 3939 394 3956 4169 426 474 4808 5007 5581 577 602 607 6226 63 69 701 7533 79 830 8871 890 9182 971,182
10076 106 1060 10748 1095 1168 1243 12657 1336 14119 151 1518 1522 1526 1730 1815 1849 1855 186 1952 198 201 2018 2023 213 2193 2194 2232 2351 2356 2484 25223 2530 2701 3027 3089 323 331 3367 353 354 3540 3744 38 381 394 428 429 445 4475 5041 5071 5106 57 61 6462 6934 706 757 759 770 797 971 974,241
10380 104 10415 106 1095 1168 11694 11695 1301 133 135 1453 151 169567 205 2350 2356 2364 25223 2709 299 3208 323 326 3309 365 41 428 438 4808 4870 505 6093 63 6893 711 7507 8202 8239 8257 99 994,1422
1042 1057 1146 143 1604 178 1849 19768 2086 215 274 3276 38 5113 79 9746,169
1033 1048 11115 12694 1357 1440 1442 1604 1622 1694 1719 183 19837 2023 2097 2151 2186 326 3280 331 3487 3555 38 381 3873 3874 423 426 431 50 5161 5228 5877 64 65 66 6701 7003 79 838 8632,32
1033 105 11003 115 11965 1214 1454 1460 1536 1582 1695 17788 191 2040 207 209 212 2214 22543 227 2352 2500 2541 2683 2685 28717 29746 311 315 3197 38 391 393 40 4181 426 43 4573 49 4908 5502 566 60 64 65 6893 705 7450 752 779 7898 79 795 797 878 923 968,247
10884 1154 11575 118659 1232 1297 1364 13681 13991 14839 151 172 1896 2074 2075 209 2147 2201 23269 2769 2881 31 3141 3197 3271 354 376 382 393 4929 5509 5884 598 704 7153 7194 7208 731 756 797 970 971,88
1048 1075 109 1095 1243 12959 12960 1301 1336 13500 1448 150 1593 17056 18446 1849 1903 191 207 2074 209 2163 223 2232 2250 2407 2525 2685 2873 3027 326 347 3710 372 3744 38 38258 394 418 4202 429 434 435 4404 4670 49 513 5266 5422 5502 5507 6081 619 63 64 6448 6893 79 8437 8989 918 93 970,572
106 1075 118 1275 1301 1337 146 155 1563 1622 1637 1694 1798 1903 1938 1942 2081 2115 2163 2201 2250 2364 24064 2416 2465 2685 2688 2709 3059 311 314 3166 3208 323 3281 3296 3743 381 423 428 435 445 4492 4562 490 5086 5418 5688 5821 5877 6313 64 69 734 756 759 812 8257 8292 8379 8645 8676 878 9029 91 941 9710 989,162
1021 1033 104 11913 1214 1275 12975 1301 132 1320 1337 1515 1524 1526 1571 1598 1617 177 178 180 183 184 1883 19455 197 2023 2027 2086 2150 2151 2352 2565 2709 2962 376 38 382 40127 4022 4432 507 513 527 5507 5985 6157 6189 63 7589 797 80 83 834 876 879 901,2048
10278 104 1075 1313 135 1622 1719 1845 1856 1938 2092 2685 315 354 355 422 423 426 4587 57 759 787 79 877 9236 9237,43
1048 105 1090 113 1163 1214 1382 1422 1453 1460 1511 2042 2336 2351 2685 28716 391 434 435 4934 4937 527 5877 602 708 8297 834 8871 913 9736,756
10173 10748 11651 12095 1320 1440 17962 1849 2098 2201 2335 2352 2356 2685 2688 2709 299 3109 3141 326 3276 37953 3874 4006 41 42 49 507 5877 6893 878 8871,263
10269 10321 104 1065 1075 135 150 1773 18446 1849 1919 1935 2174 2186 2209 2364 2540 2701 2712 3027 3037 3114 313 3141 3272 3744 3868 41 4127 42 4699 8239 8297 913 941,164
1168 1301 1419 1441 1442 151 17808 1799 1903 2364 2659 2663 2705 2709 323 3324 423 4492 4934 4935 507 63 703 733 737 773 79 80 822 8366 8379,127
1 104 1240 1290 1291 1296 1297 133 134 135 150 1530 1570 1571 1757 1773 18152 1821 183 1976 2071 2151 23269 233 2335 2465 25 2507 2611 267 2685 2712 299 3141 323 3255 3534 365 376 382 3831 3876 3879 3880 41 434 435 437 438 4698 5509 5877 5884 6052 6093 6156 63 6482 66 676 731 7347 7441 784 795 80 800 811 812 831 834 8437 849 877 8998 9109,498
10415 1095 1168 1200 130 1311 1571 1622 1746 1849 2086 223 2250 2364 299 309 322 3281 3300 3329 365 372 381 382 3879 394 41 4217 428 429 434 4670 4910 5411 5507 63 631 6857 6893 7179 7454 79 822 8257 831 8437,91
112617 1382 1498 15207 1524 1617 1705 184 195 213 2174 2209 2216 2269 2351 2356 2364 24064 2564 2685 299 3027 3114 315 3159 316 3197 323 326 3276 3278 355 375 40 432 4432 4854 5411 5653 63 6482 671 6893 7179 7589 779 878 9000,4061
10189 1033 104 10536 106 10748 1216 1243 1248 12563 1304 1336 15207 1710 172 18025 1856 1903 194 195 2047 22543 2338 2360 2500 25075 2538 2685 2924 3114 316 326 3367 354 3831 40127 41 42 428 4319 434 4699 487 507 5168 5227 547 58 5877 5882 602 61 6221 6284 6524 6886 7194 759 797 830 989,224
1036 104 10748 1075 1215 1243 1360 1367 1369 1448 151 1524 1617 172 18152 183 184 1849 18567 209 21282 215 2364 274 3114 3159 316 3278 332 37953 3880 40 400 434 435 4847 5577 6221 63 631 6361 686 80 822 8257 8379 861 9312 970,2828
1095 11074 1270 1304 1305 1442 1522 1526 1563 1593 1625 169567 172 177 1827 191 2081 2335 237 24898 25075 25223 2685 2946 299 3033 323 3255 3469 354 37953 38 385 391 40127 41 42 432 4487 4699 48 5114 5228 547 5547 5653 6361 6448 6852 752 757 795 797 80 822 843,294
10748 1159 11651 1243 1245 1248 1304 132 1337 1362 1453 1526 1529 1710 172 1807 1845 1849 20701 2074 21282 2150 235 2683 2710 3027 3033 3158 3539 3813 39 394 4058 41 42 428 4288 445 5064 5106 5411 551 5581 5719 5722 598 6221 64 6524 676 702 7449 759 781 79 797 8020 822 83 8549 901,434
10365 106 1184 1320 13644 1372 146 1562 1581 1659 1736 1757 1849 191 1923 2098 2193 2335 2685 28717 2931 315 322 326 3281 3539 3540 3874 392 43 5138 5507 5565 57 60 631 6646 6853 6893 726 75 770 79 8437 861 878 9944,99
118 1243 1245 1372 1422 1524 1526 15458 1617 1733 184 2074 20897 227 2292 237 2479 2710 2924 2937 315 3648 377 382 3928 394 41 42 443 507 5167 601 7205 7206 759 780 781 795 838 8437 877 901 941 945 970,1952
10134 106 1263 1320 13388 1367 143 14819 151 1523 1593 1623 1757 1849 2023 209 2098 225 230 2335 2336 247 2526 2528 2685 2851 301 31 3109 326 347 379 38 3874 3876 394 426 434 435 4404 443 4475 4498 4562 4845 49 5654 6252 63 6893 731 7609 79 8412 878 97 976 989,444
1134 1160 11773 1243 1263 1304 1337 14119 1448 1505 15458 1719 180 1815 1849 193 19768 2023 20501 2086 213 2134 2174 2437 2469 2683 2685 2979 3027 3114 322 329 3308 333 347 354 37953 382 38741 392 3954 41 42 445 5357 5507 551 5777 5877 598 63 631 68 7791 7870 79 797 831 838 8437 8501 90 950 970,370
1095 1147 130 133 1337 1359 14119 1442 1454 1524 1569 15795 16006 1608 1617 1625 1736 1758 1763 1783 17853 184 193 2047 205 2060 2074 2086 212 2168 223 23269 233 249 31 315 316 322 3359 3701 382 39 4404 445 4678 48 4845 4868 4934 4937 50 5074 508 5862 68 759 7721 79 795 8256 861,1822
10644 1320 1336 1364 1372 1382 14002 1448 1511 1517 1581 180 183 1849 1856 2047 2098 2150 2168 222 2266 2335 2465 2538 2541 2685 2710 273 312 316 326 3412 347 354 372 381 382 385 3874 3956 40 423 4288 4535 4715 4747 49 5115 5200 5411 57 6024 6252 63 6893 7003 7122 7206 7209 79 795 8054 859 878 9000 9438,243
106 1147 1214 132 1517 1522 183 1897 20501 2115 2363 24686 260 2871 304 328 354 359 40 41 42 4816 5068 6893 7244 731 7533 7791 7806 831 847 878 944 972,447
10134 1075 1245 1364 1496 151 1526 1561 1570 1694 1845 1849 1851 1892 209 213 23269 2538 2683 2712 2713 2997 3031 3033 312 314 3193 3271 3280 354 38 381 3894 41 42 423 4699 507 5886 604 768 79 822 8256 861 8989 913 926 9593 9692 970,150
1010 109 1095 12563 1290 1291 1296 1320 1442 1529 15795 1582 1849 2040 2098 2335 237 25223 2685 273 2962 312 326 360 3874 41 42 434 435 437 49 496 547 5808 5886 6886 6893 726 7334 784 8647 878 9453 9593 990,366
1 1095 11441 1367 151 1537 1732 186967 187 2047 2336 25 252 2526 274 2871 2879 304 3109 3147 323 326 353 354 3540 4043 41 42 4498 4570 551 5943 63 6361 6482 758 768 80 83 9273 989,103
1048 1057 106 10644 10806 1209 1211 1245 1320 1337 1359 1382 14119 1441 1442 1526 1529 1625 177 1849 187 1892 191 1935 194 2023 20701 2098 213 214 2335 2360 249 263 2685 2705 2971 326 3280 3300 3490 38 3874 4043 4217 438 445 4562 49 50 5065 507 57 5877 6002 6568 6893 758 76 793 795 80 822 878 9736,365
104 106 114 13048 1308 134 135 151 1816 199 237 326 337 428 4937 5114 5684 63 768 93 941,70
1033 1311 13389 151 1514 1625 173 17808 1796 2018 2023 2250 23269 2360 2364 2530 3114 3193 365 405 4562 5049 5594 582 60 63 631 6551 780 797 80 822 8257 9237 9312,182
1021 1095 11575 11582 1162 1243 12533 1290 1337 134 1659 173 1746 1845 1856 193 2018 2115 213 2163 23274 2423 2663 309 3276 38 381 3831 3872 3892 41 42 428 434 4389 4448 48 4855 5571 57 5768 5862 607 676 686 7443 79 7938 797 831 838 861 9013 997,285
102 1021 104 1200 1263 1280 1282 13 1337 135 1460 1571 1604 172 1824 187 2423 2564 268 314 315 376 4006 434 435 463 5049 5122 5200 5404 5429 5458 547 5862 63 68 729 7895 79 800 8632 93,371
10587 10822 1095 1168 1181 1250 1310 13531 14119 1417 146 1529 1627 16725 1746 1808 18425 1857 1897 1903 194 1980 2047 209 2128 213 2130 2151 227 23269 236 26596 2710 2712 29011 2978 299 31 315 323 32549 326 328 3469 3487 354 35424 38 382 3888 394 4022 4202 4211 423 434 435 4502 459 4908 4999 5007 5091 5225 5301 5411 5422 5695 5696 57 582 5883 6081 6089 61 64 6524 676 68 6852 69 7194 7625 79 795 815 821 822 830 838 8437 847 901 9504 9956,606
1364 14839 1606 1608 1773 205 207 2685 2755 3283 333 3540 40 4699 527 5303 551 5588 5688 5727 63 80 9273 9312,50
106 1104 12381 1243 155 1569 1622 1623 1714 180 1804 184 1857 187 1935 20501 23269 237 2710 2712 3027 326 3289 3460 3555 367 376 377 3868 394 4498 5122 5167 5371 551 58 63 634 6853 7003 7203 735 738 79 80 8005 9237 9416,165
109 1160 11651 1168 1188 1287 1441 1625 1849 2683 2816 323 331 360 3733 434 435 445 4561 50 5138 5429 5840 609 7348 74 759 8528 972,391
106 12174 1250 1282 1302 1303 1371 150 1508 1573 1752 180 213 2151 2364 2777 3037 3197 3281 3283 354 3743 4127 4573 4987 5357 5507 5763 5877 780 784 80 877,66
1048 106 1158 1181 119 1263 13 13644 1522 1523 1536 1571 1593 1773 187 205 2074 2092 23269 249 2538 2540 2683 2710 28716 28717 3027 309 311 3159 3175 3412 3441 3527 36625 376 393 394 39905 423 427 4404 4572 4587 4964 5 5507 6313 6451 6681 671 6853 7255 770 7802 7806 7870 79 797 80 800 8437 859 86 8939 9062 941,272
106 1075 10822 11015 1211 1214 12734 1359 1496 150 1694 1733 1881 21459 2164 2364 2423 2685 311 314 326 376 3812 3868 394 41 4127 42 426 4689 4698 4870 551 582 5890 5899 602 61 6568 7441 7783 788 79 8379 878 879 9312,146
10133 104 1159 1163 133 1337 135 1453 1496 151 1625 1713 1759 1855 1903 2115 2163 23658 2730 299 379 393 3956 4202 434 435 437 4535 4661 507 5411 551 63 66 666 7244 7347 8200 861,424
1214 14002 1511 17604 17808 1849 1897 2074 213 22950 2540 313 3272 3359 38 41 418 42 4747 486 5886 5968 703 7788 7806 822 8632 87 913,118
104 106 1460 148 1547 1736 1749 1799 1808 18152 20282 2620 2816 326 329 3349 3359 339 354 426 427 434 435 4502 4563 5227 551 5581 5862 598 609 647 6686 683 757 795 886 93 9404,439
1075 1200 1224 132 13302 143 177 1807 1902 2352 2407 2638 2730 311 312 3197 323 3879 392 4043 4902 5507 5653 5688 57 5890 60 63 646 6482 757 758 7625 784 79 795 8437 93512 9504 9692,238
12309 12381 1255 1301 1311 1337 143 1604 1624 1712 2002 2359 24064 328 394 4006 41 42 4404 4828 507 527 63 6462 9266,62
10076 106 130 1311 1320 1337 1369 1385 1712 1845 1849 1851 1919 201 2018 2098 2216 2286 23269 2335 2364 2685 2710 312 323 326 328 37301 3874 4127 434 435 49 5 6052 6108 63 6482 6893 7179 759 779 7790 780 79 878,545
10070 1021 1066 1076 1216 1301 1364 13644 1369 1442 150 1537 1712 17604 183 187 19188 194 2004 2023 2027 2074 2186 2352 2437 2440 2507 2710 2730 3027 304 312 315 316 3223 326 3275 328 3743 381 41263 464 4699 4862 4934 4937 5169 5357 551 5653 580 5884 5890 63 631 6893 737 759 773 79 7900 8437 886 9503 97 990,323
10443 10649 1076 118 119 13 1301 1320 146 14998 150 1515 1594 1763 1773 183 1849 2098 210 227 2335 2469 2493 2659 2685 309 326 38 3873 3874 3888 423 432 4562 46879 487 488 4941 5064 529 547 57 579 63 64 683 6886 6893 770 7895 79 8515 878 901 928,81
102 104 106 118 11864 1311 13388 1382 1460 1536 1570 1849 1856 187 209 2250 23269 2541 2764 2979 31 310 3166 3175 3256 3349 354 381 382 405 41 42 434 4475 4988 507 5122 5272 5332 57 574 63 64 79 795 80 821 834 85 90 9506 953 995,111
102 10269 104 1076 1095 1134 12204 1312 133 134 135 1367 1511 1570 1625 184 194 2048 2074 2164 2851 312 314 323 391 4934 5086 5303 538 551 5614 607 63 6893 7209 737 739 768 79 8200 869 8923 953 9650 972 9775,256
10134 10625 1095 11694 1442 1561 1593 194 19837 215 2194 2266 2350 31 3136 316 323 3329 354 382 391 41 42 423 429 4994 529 5821 5983 60 748 757 762 784 826 859 901 93 9416 971 9977,77
10587 1159 1200 12119 1214 12175 12380 1290 131 1526 1562 17680 1849 1952 2047 2086 2174 2200 2250 3141 3189 3490 359 3647 381 41 42 4280 432 4324 5161 5225 5581 5831 631 64 6524 6852 748 7783 79 80 8020 822 823 878,433
112617 1168 12960 1444 1526 1637 1849 212 2191 223 2624 2685 323 3710 38258 4492 508 5763 6448 6482 6893 731 8276 8386 9245 941,85
1021 1033 104 106 1095 1162 11773 12447 1274 1336 1370 13730 1536 1622 1625 1896 1935 197 198 199 215 2151 2174 219 2267 237 2507 26596 2662 2663 2664 2709 2851 31165 3141 3218 323 3275 333 3367 3539 354 355 38741 392 426 505 50802 546 57 6482 6701 6904 752 787 79 791 823 8380 93 966,301
1066 1075 1171 1224 1243 1282 12960 1301 13500 14166 1440 14998 1622 1710 1807 1849 1919 2018 20701 2086 2364 2437 2501 2507 2705 2709 2798 3037 31 3193 347 3498 3710 392 40036 4006 41 42 423 426 42752 445 4573 4739 482 4888 5272 546 5506 58 6052 63 676 6893 757 758 759 784 79 8054 822 8257 826 8379 8647 87 9453,235
106 1359 14050 1524 1571 1617 17680 180 184 1849 18567 187 1903 1935 19956 20897 209 2201 2335 2656 2928 312 318 323 326 353 355 3880 40 426 434 435 445 490 4910 5 5228 5719 5877 598 63 68 6852 69 726 734 75 757 7806 822 831 839 901 9062 9746,4800
10134 106 10822 1184 12322 1243 1245 1248 1282 1302 1303 1537 1563 1571 1593 1604 1606 1608 1624 16468 1710 1773 180 181 1849 1856 187 191 19443 1953 209 21282 2134 2286 2479 2685 2710 273 2764 2769 2777 299 315 3644 376 38 382 3868 391 394 405 4202 423 460 4855 4888 5 50 5225 57 5727 5882 60 609 61603 64 686 701 7160 7209 7347 7450 7788 788 79 80 8676 8742 878 888,215
10255 10256 1033 11170 11565 1181 11913 1263 1526 1529 1719 1891 193 2002 2047 2372 2540 2685 316 322 331 333 354 3540 40 41 42 445 4573 6226 631 6361 69 7205 759 79 877 878 901 928,87
1095 1168 1280 1352 13922 1419 1450 1522 1530 201 2232 2351 2469 2705 31 391 394 4022 5095 5170 5803 5808 6052 63 713 7560 80 847 9404 9504,65
1095 11450 1211 131 1337 1367 1712 1735 1891 2519 315 3159 3172 405 443 49 538 574 726 79 941,40
1033 11170 11913 12309 1301 1314 1364 148 15458 1625 173 177 1849 1891 236 24064 2416 2530 2683 274 2769 3027 312 3150 316 322 328 354 381 41 42 428 438 4404 48 4937 507 5506 5507 6226 63 69 731 784 79 795 811 821 831 8437 871 904 9710,430
1 1275 1282 1313 1526 1710 17962 181 1857 187 2025 2097 2203 309 3159 3255 38 3888 393 428 429 4475 4559 4653 5086 5695 5696 60 6130 7197 7202 731 79 797 879 8939 9151,144
1057 106 1147 11580 12095 1232 1237 12563 1301 1320 13235 1627 1849 1881 2081 209 2098 2100 2150 2335 2363 24523 2685 2709 2710 2873 2878 3114 326 354 3874 3880 392 41 428 434 435 438 49 50 5684 59248 63 6893 731 831 878,798
1075 1127 11913 12540 12960 1460 15086 1524 1571 1736 1757 181 1849 1856 187 1903 207 2151 2335 2356 2364 23852 252 2565 2685 299 3037 309 31 3278 328 331 3710 379 38258 394 41 42 422 434 4587 507 5313 5999 60 6448 69 703 704 79 797 821 823 8257 8292 8379 8871,135
1016 1164 1168 12330 12814 1320 13804 1505 151 1514 1571 1735 1746 1757 177 201 2269 2351 2538 280 315 323 3256 376 428 4808 5 507 706 729 734 79 797 80 821 8437 93512,358
1021 1181 1214 1219 1301 1417 148 151 1547 1570 1744 1746 184 1849 1897 210 213 2149 2251 2364 2423 2469 2709 2928 326 3276 381 3876 392 41 42 428 5113 5303 6087 6857 7209 768 821 8256 8257 8379 838 901 923 959 968,293
1301 1314 1321 1419 150 1529 1622 16468 16716 2250 2364 24064 252 2611 2709 271 2751 2928 31 3114 315 3276 3757 4054 41 42 43 445 4816 5106 5565 5684 5821 601 63 69 7068 7244 7347 79 795 8193 822 8257 873 928,295
10365 106 11115 1216 1357 145 151 1561 1624 1773 1849 1910 2151 2187 23308 2352 23852 2462 2659 3308 37953 38 428 434 435 482 505 5064 5422 5506 5594 6075 6361 6887 69 7450 7788 79 8437 901 9266,382
10514 1067 1090 1095 1245 1263 1290 1310 1347 14166 191 209 2663 2664 2871 304 31165 315 323 355 434 464 4653 50802 5506 586 5877 604 63 69 7288 752,84
10173 104 106 1067 11003 11575 1183 1215 1232 1237 12657 133 1347 1453 150 1625 1719 1746 177 179 17962 181 1816 1910 19455 205 2061 2063 2151 2164 23274 2328 2638 28 28716 28717 2957 315 316 3255 3277 3278 3338 36625 379 382 423 429 432 434 435 4739 48 4937 497 5064 5418 5547 5588 5603 5688 6077 608 63 6457 7102 7519 7870 79 795 812 8202 8257 839 86 90 959 9650 9754 9956,687
104 106 10748 11010 113 1302 1303 13032 1357 1367 1422 1460 15875 17808 1849 20282 2115 2128 2163 2200 23658 237 2469 249 2538 2540 2683 2685 2751 2769 2816 28716 28717 3033 3109 3159 3189 326 357 37953 38 382 40036 41 42 423 426 434 435 438 445 4492 4502 4808 488 4937 4994 507 5091 5106 5506 58 609 619 63 64 66 666 6853 6893 69 759 7678 784 822 826 847 8812 9151,511
1005 1095 11580 11651 180 1849 2081 209 2098 2115 22543 2507 2662 2663 2664 2688 2879 301 31165 3141 323 3367 354 3868 392 4211 507 50802 5228 5877 5914 6226 6852 6853 6857 726 752 756 7949 80 9266 968 970,102
106 114 1243 13101 1311 14772 150 173 1849 209 2357 2372 23852 2488 2688 309 328 354 395 41 42 426 429 4696 482 507 5228 5402 5695 5696 6568 731 756 79 792 80 871 879 91 97 989,182
1033 10443 113 11412 12474 12563 1301 1302 1303 1367 1422 177 1773 1849 1856 187 1897 198 209 213 2151 2364 2469 247 2541 260 2683 2685 2798 2799 3109 315 328 3289 381 41 418 42 425 4828 5 5016 57 577 582 5821 5840 63 6337 6686 6757 6857 709 748 7804 8676 874 878 90 966,378
106 1147 1153 1214 1304 1367 14819 1511 1524 1763 1935 2147 2286 23269 233 237 2685 3141 3147 315 326 3273 354 38 4503 4696 48 4987 5877 6284 63 748 7669 862 878 8812 8998 9013 9287 944 9867,611
1033 1075 11170 1301 1419 173 1761 1892 1893 1903 194 2002 2074 2081 2092 215 2151 2164 22950 2327 2364 2500 2540 2710 2723 315 3159 316 37301 430 4502 5106 602 631 6886 69 762 79 795 797 8379 9511 989,135
109 113 1224 1301 1320 1357 1710 1712 1804 1849 1857 1923 2061 2063 2098 2174 2232 2250 2335 2364 237 2500 2526 2530 2541 2615 2685 2709 2873 3094 310 326 3802 3874 392 428 434 435 445 4653 5334 5506 59248 598 60 64 6893 709 7560 773 7895 79 797 80 8257 834 85 862 8670 878 8923 950 9721,549
10134 106 1168 1219 1224 1240 1243 12960 1450 1453 1593 16191 16716 1712 1759 1760 18025 1849 1857 1938 20701 209 2335 2507 2565 2670 2683 2685 28 326 3309 3540 3710 38258 41 42 423 430 57 570 602 6448 701 703 748 79 795 797 8257 9273 93 959,106
10364 104 1168 1243 134 135 1524 1617 1627 1710 173 184 1849 186 187 1953 19768 2023 2086 2098 2352 250 2540 2710 2711 315 323 3309 38 4696 474 487 4910 5122 64 6853 739 7788 79 822 831 901 9062 968,1627
13016 131 150 179 1845 187 1901 2538 2565 301 360 393 425 428 5016 60 683 69 7449 7870 815 95 959,112
1016 106 1093 1095 1232 1280 1282 145 146 1460 1511 1514 1625 1849 1856 1961 2086 2469 2663 2710 316 323 3490 376 381 400 41 42 43 48 5045 5100 529 5405 5418 5520 5603 5768 7194 729 7788 7870 7938 871 874 879,156
1033 12257 1237 1250 1263 13016 1417 1442 151 1523 16468 1710 1824 1897 2063 2092 2352 2540 2683 3027 3141 316 395 41 42 4475 4808 4910 4962 5422 5884 64 6701 731 79 797 886 9593 9692,268
1 1045 10644 114 11651 1243 1311 1313 13161 1336 1357 143 1468 148 151 1523 1524 15895 1604 1606 1637 1757 1763 191 194 1961 2092 2163 2174 2349 2352 2484 2500 2683 2730 28716 28717 2881 2924 31 3150 3175 3197 3500 394 41 42 422 429 434 435 4404 4432 4653 5138 5328 5695 5696 6077 608 63 634 686 6882 69 7791 7806 79 797 859 886 890 9237,537
10365 1048 106 1076 1282 1301 13101 1320 13388 1340 14119 15875 1712 1757 1849 2007 2098 2335 24064 249 2655 2685 2709 315 3255 326 3275 3278 381 41 42 425 428 431 432 434 5 5225 577 63 6893 7288 733 7347 770 79 878 886 9266 95 97 989,156
10380 106 1075 1296 1419 1714 183 1967 2018 2250 2364 2871 2928 304 326 381 4043 43 4562 4862 4964 580 66 666 711 815,62
1048 10514 106 1061 11003 1160 1162 1163 1224 1263 13016 131 13927 1403 1421 1442 1511 1622 183 194 2018 2023 2092 2147 215 2168 2174 23269 2540 2615 2710 2816 28716 28717 314 315 316 3349 3519 3527 3540 367 376 381 382 3928 395 405 41 42 429 434 435 4562 4855 4907 5138 5225 5235 551 5614 57 5768 5777 586 5890 61 6853 7255 7310 757 762 772 7806 79 795 839 8437 8443 8632 9062 9438 96,490
1016 1048 1075 118659 1200 1214 1243 1245 1248 1301 1336 13730 13991 1468 151 173 178 183 18567 1903 1923 194 1961 2074 2082 210 2110 23269 2352 2364 24064 2656 2685 2709 2924 2928 323 326 3320 3527 365 3739 376 379 382 394 4009 422 426 4288 434 435 445 4492 482 4910 507 508 5565 60 61 63 726 7560 7678 788 800 821 822 8257 838 8437 901 91,680
10255 10256 104 1076 11565 12095 139 1421 1570 1571 1849 19768 2086 210 2150 2201 233 2352 237 2469 2500 2710 3027 31 314 315 3289 382 4022 41 42 428 4699 4987 507 551 5663 5719 61 63 69 709 7203 7205 731 738 748 757 79 8059 901 9062 98,197
1005 10134 1067 1075 1127 11575 146 1625 18152 1849 1923 19768 2086 209 219 246 247 2565 316 3328 333 3540 379 4006 41 42 428 429 4404 4562 48 5522 6052 6893 69 733 7616 847 913,73
10415 1048 1095 1168 12309 12381 1248 1460 1558 15795 1849 193 194 2248 230 24523 25223 2583 2685 2962 309 3114 3308 3487 3737 3749 3894 3939 4006 4009 41 42 428 4404 4475 4934 57 598 64 6854 6893 731 847 9029,120
10134 1016 104 106 1095 1265 135 151 169567 177 1857 2018 2076 2086 209 215 2151 2279 2507 25223 2528 2683 2873 2997 323 3276 354 38 387 40 41 42 428 434 435 459 5 5588 6226 6686 676 726 729 7507 7898 834 877 9505 9692 9721 974,664
10748 11580 1301 13531 1385 14002 150 1714 1856 1935 2027 222 2352 24064 24523 2638 2685 2723 2871 3114 3281 354 4747 5467 5663 5899 5968 646 6893 7197 762 79 797 8183 87 878 913 9775 98 9977,1027
10134 10278 11694 11695 1200 1224 1245 1263 1460 15086 1514 1571 1625 172 1758 1773 183 1856 187 19188 2060 2074 209 2092 223 23269 2350 237 2507 2713 2777 299 31 316 3197 328 329 3701 3710 376 38 3873 3880 391 41 41253 418 42 426 428 434 435 48 4808 4828 4959 513 5266 547 551 5520 5985 60 6238 63 65 69 7003 748 79 8437 8632 9593 9710 990,473
1065 11074 1232 1237 1265 1337 1403 1440 1441 1537 1712 1713 1729 1730 1856 2018 20701 213 2168 2364 249 2534 2710 2769 28716 28717 2962 314 326 333 3540 3873 393 425 428 432 443 49 5100 57 665 7443 772 79 791 8255 826 847 966,110
1033 1048 1095 12960 13292 151 1617 18185 1849 186967 1903 223 22543 23740 2685 3197 323 36625 3710 38258 434 435 5422 57 602 6448 6482 6893 7454 7802 7804 79 9450 972,374
1075 1305 131 14819 1524 1617 184 187 2018 2023 2173 2191 23269 2352 2364 2710 2730 376 38 3862 39905 423 4653 5161 6853 7870 823 8239 8257 8292 83 8379 976,1965
106 1095 12309 1243 1393 16716 169567 1896 193 2356 25223 28716 28717 2978 315 323 326 359 379 41 42 4404 58 5862 60 608 6853 701 79 797 830,57
106 11048 1214 1240 1243 12447 1337 1372 1511 2074 2098 2335 2500 2541 2565 2685 28717 311 312 315 326 3272 3527 36625 381 382 3880 40 405 4868 4907 4937 580 6448 6904 701 7121 7206 79 859 8776 9944,527
1033 1095 12322 12960 132 1460 14839 151 183 1849 1961 1976 209 2201 223 236 24898 2507 2530 2685 2688 299 3027 3141 323 3412 354 365 3710 38 38258 3956 42752 434 4715 551 5718 6448 647 6893 7003 7203 756 757 758 8054 826 8676,206
10134 1211 1240 1263 1282 132 134 13465 1536 1562 1593 1622 173 1763 1856 1897 1903 2035 20501 2082 2130 2163 2174 2493 2501 2565 2641 2642 2701 274 3114 3141 3159 3320 3534 354 3872 3873 3876 391 3966 402 405 41 42 432 434 445 4453 4689 4699 49 5 507 5506 5509 5577 57 574 60 6052 63 69 7288 7450 7494 7560 770 7895 79 795 830 877 901 9076 959 989,198
106 12322 1290 13292 1522 1523 1571 1622 1625 172 1740 181 1816 1849 187 1926 193 1935 194 2364 2500 260 2701 2710 2957 3059 3114 316 354 376 392 423 424 428 434 4404 4699 474 48 4845 5 507 5422 547 5821 6238 64 6854 7179 7205 735 7494 762,84
1007 10070 1048 1057 106 1065 11015 11219 13101 1336 13615 14052 150 172 1807 183 184 1856 1896 194 2048 205 2056 2128 23269 2685 2701 273 2928 2931 2978 322 3386 3498 3757 38 394 40 425 474 4862 5007 504 5091 5138 5594 5884 608 63 6524 6701 683 69 6904 709 737 770 7790 79 821 8239 8515 852 87 886 9404 97,143
1033 106 1060 11074 11580 1215 1274 1301 1320 1336 1337 1359 13644 1526 1571 1573 1598 173 1849 1901 194 2098 2194 2335 2350 2352 2364 237 24523 2685 312 315 354 367 382 428 443 488 49 4988 5507 61 6221 6893 6947 703 711 729 7560 787 79 8276 8379 8380 8437 859 878 974,212
1 1021 106 1280 1313 1337 145 1464 1526 1608 1694 177 2282 2423 2777 2796 2807 3412 39 428 43 4498 5016 505 5227 547 57 604 708 7122 762 793 80 901 941 944,217
1033 1460 173 183 20701 2074 2092 2150 2364 2507 2710 313 323 426 434 435 507 5200 527 5886 6482 79 821 823,408
1010 10502 1181 1200 1211 1263 1367 1444 14633 1526 1622 1710 1740 177 1773 1897 207 2071 209 21282 2683 2769 3031 3033 3141 3148 323 3280 392 4181 434 435 5122 5235 5877 5890 5989 60 605 6482 66 68 69 6904 711 731 7454 788 822 9710 972,655
10177 10380 104 1048 11003 11168 1237 1245 131 135 1625 173 1759 1788 1807 18425 1945 2115 2163 2250 2282 2683 2710 273 2851 299 304 314 316 326 3490 3701 384 3872 40 41 42 423 432 434 48 4808 49 4934 5200 5502 63 631 7179 7443 7625 770 8297 843 847 8724 878 9236 93 9650,208
1010 106 1093 1168 1216 12960 1310 1511 1573 16191 1712 1719 181 18185 184 1845 1849 1935 201 2035 2060 223 268 2685 2709 2979 312 3165 3166 323 3278 337 3540 360 3710 38258 4054 409 423 4572 5123 582 60 61 6448 6893 711 7244 759 78 79 812 815 8239,131
1060 109 1095 1168 1183 1188 13059 13388 1464 1530 1581 1659 1759 1851 1897 19768 2086 2161 220 2437 2469 252 2713 2753 2816 323 354 3648 38 40 434 435 445 4653 4959 504 5041 5068 5113 580 5821 6646 665 6934 75 7770 7806 80 821 8871 901 9476,452
10134 1044 1066 1237 12533 1320 139 14119 1442 145 1729 173 1792 1807 1849 1880 1891 2098 21459 2149 2150 2251 23269 2335 23658 2685 2688 2710 2798 3037 316 326 354 3874 392 422 423 425 426 48 49 5063 5411 5506 5840 6226 6893 7102 7177 7494 792 7949 8292 847 878 901 91,210
1181 12322 1280 1746 1759 1760 179 1856 1897 230 2407 3141 3218 32549 328 3460 3555 376 38 392 40 40080 429 430 431 4562 4689 5091 5422 57 584 5877 6093 6440 6893 737 759 7790 7791 78 7895 79 793 8054 901 9488 994,135
10134 1048 1065 11514 1270 130 1337 1442 1460 1465 150 1562 1694 17680 1807 1849 1861 1880 1897 1902 1935 2018 2023 209 213 214 215 2266 23740 2469 2484 2701 2928 2934 3020 3027 3166 323 3255 3256 3527 354 36625 379 3894 392 395 400 4090 423 432 4513 4929 507 5228 5301 5719 58 5862 64 711 729 7348 735 79 797 8257 941 953 972 9956,238
104 11582 11773 12309 1245 1263 1282 1302 1303 1336 1337 13500 1367 14050 14119 14819 150 151 1569 1594 1625 1759 183 2115 2186 2248 2267 2360 2364 2484 250 2683 2957 299 3255 3276 379 381 38741 3888 392 41 42 434 435 49 508 5371 5882 60 694 7244 7448 7802 7804 787 80 9404 970,745
1095 1159 1168 12380 1246 151 1845 2086 2168 2191 24686 2493 2664 274 2816 3059 31165 312 314 323 328 354 38 423 425 50802 5091 60 64 6893 701 729 7806 941 970 9746,198
1 1075 11582 1282 130 1311 1337 13500 1419 15207 1705 1713 177 1849 1961 210 2364 2469 2541 2879 3027 3114 41 42 434 435 4570 4992 508 5442 5862 762 797 8257 8292 8379 838 888 891 901,674
106 107 1163 1243 1245 12643 132 1524 1526 1627 1757 1804 1910 2055 2063 2076 2086 210 219 2364 2469 2500 2713 2803 28716 28717 3058 314 315 326 36625 37301 381 41 42 434 435 4670 48 497 580 596 6002 683 79 831 888 9488 9956,363
1095 12322 1314 13388 1371 1382 1637 169567 17680 1799 18425 193 194 201 25223 2541 2565 28716 28717 2924 31 3114 314 323 3300 3498 36625 394 4043 4076 426 429 432 445 4653 507 5122 5228 598 5983 60 607 6157 6177 63 703 7288 757 762 79 795 797 822 8774 926 9404 9608,182
104 106 1065 1188 1320 1385 1524 1582 1625 184 1849 2098 2335 2525 2683 2685 2705 3031 31 312 315 316 326 3412 354 365 367 376 382 3874 40 434 452 48 49 508 5624 605 6108 6211 6681 6893 7334 7870 812 8202 83 878 923,296
104 1057 1067 10748 135 150 1659 172 1761 1849 1897 1903 197 2002 2232 2500 3020 3027 3500 3749 3831 394 423 429 4448 507 5106 598 64 65 6893 704 708 7194 79 8202 8252 8939 91 9404 95 9511,188
1007 104 1045 1048 1076 10806 11170 1214 12975 1358 13644 1448 14772 151 177 1773 1792 180 187 191 1935 2002 2074 215 233 2638 2701 2924 29907 315 316 3300 36625 3701 3738 376 38 394 40 434 464 5 5507 5577 634 6893 735 748 79 822 839 8437 9488,274
1033 1048 10625 1263 1287 1336 1337 13991 1576 1757 1813 1815 2356 268 2712 315 3172 318 38 393 429 5091 5228 574 69 79 859 9151,31
1075 11115 1168 1237 1296 1359 145 151 1526 1593 1598 173 1839 2063 209 2128 213 2151 2163 2352 2364 23658 2769 309 3114 3150 323 3271 3281 339 3487 38 381 393 41 42 428 43 434 4696 4992 5100 5228 5500 63 66 731 754 756 772 8239 8260 86 8812 9245,244
10364 104 1048 106 1095 1134 1214 1250 1251 1337 135 1359 151 1622 169567 183 2168 2500 25223 267 2685 314 323 326 3367 354 4009 452 4562 4572 6189 63 6893 7791 79 823 8939 93 9450,170
1016 1061 1093 1095 1243 12447 1246 12657 130 1312 1320 1336 1337 1362 150 1561 1608 1719 1732 1736 1757 1796 181 1849 1851 187 191 194 1952 1976 198 2098 23269 2335 2352 2416 2685 2688 2798 322 323 326 3282 3743 382 3874 427 429 434 435 4696 4828 487 488 4934 50 5041 5115 5422 551 5603 584 5983 61 6108 63 6893 709 733 7704 783 79 792 8054 812 816 83 848 87 871 877 878 950,524
1048 106 119 142 143 1442 1475 150 151 1560 1659 172 177 180 191 1967 213 2186 2352 2380 2713 2851 3033 31 326 3386 3534 3542 3880 391 394 490 4934 50 5170 5507 5579 57 5803 6189 6696 79 80 822 8437 886 888 90 972,365
104 10748 1153 1177 1184 1216 1219 1263 1301 135 1419 1421 143 146 1460 150 1514 1824 18567 2364 2611 2709 2710 299 328 3329 3539 3739 376 379 381 3831 385 40 41 42 428 435 445 4498 4808 5520 57 5999 6052 63 7449 7704 773 79 8202 874 888 93 98,111
10255 104 1095 1158 118 1243 1304 1337 135 1450 1460 14615 1462 1594 169567 1719 1902 201 2023 220 230 2360 25223 2540 2711 3027 3159 323 3349 394 41 41253 42 423 429 43 434 435 445 463 48 487 5068 5106 5442 6075 6524 69 7177 762 8202 822 8487 945 959,506
10321 1045 1065 1296 1314 150 1518 1573 1622 184 1851 193 1938 1942 1976 205 237 266 273 3281 3320 359 385 40 434 435 443 4561 5138 57 582 738 784 79 795 8676 890,365
104 11575 1282 1313 1442 1453 1511 1569 1625 1824 195 2042 2168 2186 2360 2364 2507 2755 314 316 3324 3500 365 434 435 4492 48 4935 508 527 5509 5581 5821 6002 6189 63 64 694 7160 743 7625 7678 8193 861 8630 91 9503 976,621
10134 11006 1181 1448 1507 1508 1622 1624 1849 1897 1980 2002 209 212 2279 2469 25 2685 2701 2777 2979 330 354 3542 3876 4288 434 445 49 5610 57 602 6108 63 6893 731 735 8549,149
106 1067 1076 1153 1275 13032 1367 1417 14772 1498 1561 1570 1763 183 1857 1897 2074 220 2251 2431 2437 2485 2611 2638 2796 2873 2979 3059 315 337 354 3540 381 392 4202 437 445 4503 4987 574 6087 63 6488 6701 6893 69 7244 729 759 762 768 784 79 8306 8437 878 901 9237 9273 95 959 970,107
102 106 1095 1168 1216 12813 1296 146 191 2134 2201 227 2407 2500 2507 2565 273 3141 323 328 3324 333 4698 490 5684 815 879 890 95,76
104 1075 1243 12813 1320 13644 1421 1440 1517 173 1763 183 1849 194 1953 198 199 2048 2074 2098 2335 2364 2484 2685 2928 2931 3033 3037 312 315 326 3490 360 3749 38 3874 392 41 4127 422 426 438 49 4934 4937 5066 508 5161 5506 602 603 6252 63 6893 69 7197 759 79 80 815 822 831 8397 8437 869 878 886,189
106 1320 1386 1625 1849 2098 213 2335 2381 2663 2685 31 316 323 32549 326 3324 3733 376 3874 400 41 42 423 48 49 5507 579 58 6193 6893 79 7938 8528 878 9245 9650,137
10278 1290 1336 134 135 1442 1448 1514 1524 15875 1617 1807 1827 184 197 2500 301 3159 3527 3542 375 38 394 434 435 4934 551 570 5882 631 64 6696 7194 86 879 959 98,1717
1075 11649 1216 1301 131 1357 1369 139 151 1757 1804 1809 1824 2164 219 2250 2364 2709 2797 3281 3862 4434 4987 5 63 631 8257 862 928 9416 990,92
1033 11450 1164 12119 1263 1290 12975 1304 1337 13389 1460 1522 1581 1594 180 187 1891 2023 2047 2076 2164 2168 250 2564 3031 3324 382 394 41 42 4211 4855 4959 5106 5123 5565 5840 666 6904 7209 79 834 8989 9312 971 98,117
10134 10321 1183 12175 12975 1372 1524 1617 172 184 1849 209 2092 2130 2174 237 2685 2701 312 3141 326 347 354 3540 37953 381 393 49 69 7206 79 970,1894
11115 1211 12734 1301 1570 1893 20701 2074 210 2250 2251 230 2352 2364 25 2508 2710 2941 304 309 31 331 337 3539 355 3966 423 427 507 5886 7625 768 79 8380 874 8998 901 9062 9266 944 9746,217
10189 1033 1044 11015 12174 1243 1304 1305 14050 1442 146 1625 172 1883 2173 2174 2194 2350 2372 2583 2709 2946 3141 3148 316 333 3540 3879 3939 48 4888 5 5272 5458 547 5884 7113 7783 779 784 842 8989 8998,65
1021 1033 12657 1296 13 1422 1442 172 180 18425 1857 1897 191 2082 2194 2267 2356 23740 2423 2685 2909 2979 309 312 313 314 36625 3888 423 426 428 434 435 50 5138 5422 5507 5862 598 5983 60 63 669 68 7454 7625 7898 79 822 8437 859 8630 8989 9151 9450 9453,448
10076 1033 104 106 11064 12044 1263 1280 1337 1522 1624 1740 1757 1897 197 199 2194 2213 2286 2356 268 2701 3114 3300 379 381 393 394 428 5115 5138 5840 586 61 63 6404 694 762 819 822 847 869 886 97 974,96
1033 1075 1168 1214 1291 12975 13059 142 1515 1712 1749 18446 1845 193 2086 21313 223 2232 2352 2710 299 31 3367 359 393 409 434 445 4937 5007 5404 5507 60 6448 666 6757 68 79 797 8257 83 8437 861 878 9151,85
10251 1044 1076 11170 1159 12380 1243 13090 131 1310 1336 1337 1372 151 15488 1593 1624 1710 1712 172 1896 1935 2081 2250 2500 2685 2769 2979 29907 309 3114 312 314 3189 323 3647 41 429 43 434 435 438 5065 5086 5113 5506 60 63 64 7205 7206 78 79 795 85 8998 90 91 9746 997 998,602
1048 13465 1441 146 1569 1746 1897 2097 213 2250 2356 2469 2538 2685 2871 3027 304 328 337 3664 41 42 422 428 429 434 4808 4934 4964 5086 5106 598 69 702 731 788 826 834 918 95 9721 9977,244
1010 1033 1095 12119 12447 18185 194 2187 237 2423 2485 2500 2541 2662 2663 2664 28716 28717 311 31165 316 323 422 4795 4994 50802 5334 5506 5884 605 6423 6857 7113 729 752 756 759 7678 784 79 826 9944 998,44
1021 1033 10364 1075 1095 115 11582 11598 1240 138 146 148 15488 15795 159 1736 1796 184 187 1870 1902 2092 23269 2356 2364 237 28 2851 31 316 3273 3412 365 4015 41 4276 438 505 538 703 7802 7804 821 826 83 87 871 901 928,129
1095 12064 1442 1563 1604 1606 1608 1719 183 2201 3033 3141 323 3278 3318 359 3876 3879 391 394 4054 426 429 58 63 701 7443 7616 77 80 822 9977,54
1007 1066 1095 1219 1357 14119 1454 1460 1524 15458 1617 1749 184 1849 1919 1942 19768 2081 2086 215 227 250 25223 2709 2798 28717 2962 3037 312 315 36625 376 3859 41 42 427 432 4570 474 5 5016 5161 547 57 5808 607 6073 63 6337 768 79 797 8292 9944,1485
10536 11651 1177 12044 1214 1282 12960 1337 1357 1364 1441 1460 15474 1849 2128 223 2364 2437 2685 3027 31 332 354 3710 38258 4022 42 423 4699 490 5170 527 570 5718 608 6108 6448 6893 7244 757 7589 787 788 822 9000 93 9775,250
1 12474 1250 1296 1310 1312 1313 1362 146 14839 15086 1522 1524 1617 177 18025 184 1893 194 2074 209 213 2150 2201 2338 2352 2685 2688 3027 316 3166 376 382 392 3939 422 423 424 482 5086 5106 551 57 5862 7153 7194 757 758 770 859 861 874 901 9867,1848
1 10380 1048 11651 12044 1211 1214 1248 12540 1301 1313 1320 1562 159 1712 1849 2098 2335 2356 2685 2709 2798 28 3037 315 326 328 38 3802 3874 400 426 5122 58 5983 5999 60 6157 63 6893 7288 731 79 80 822 859 869 878 879 913 918,220
1010 1021 1033 105 1057 106 1075 10794 11072 1147 118 1181 1263 131 1310 1440 146 1514 1659 1710 1849 1870 1897 194 19443 1952 2004 2071 2086 209 2150 2164 2282 2360 2465 2540 267 2764 28716 299 323 326 333 3367 3412 392 40080 405 423 434 435 4502 4698 49 5 5086 5106 551 5614 5695 5696 60 605 634 701 711 733 7441 7806 795 821 822 90 9404 95 96,567
1146 1367 1440 1511 15895 1732 2641 2683 2685 2687 299 3109 3165 354 392 434 435 4587 5064 5100 5624 57 607 69 7804 79 80 821 8386 886 944 9505 972,792
1033 1095 114 11649 1301 1367 1403 1422 1460 151 1546 169567 1849 2071 2200 235 237 25223 2540 2611 2638 2688 2709 2838 322 323 325 3276 3317 3749 3888 428 527 5727 574 598 6157 666 6893 756 7560 797 8989 904 9151,467
1007 102 1036 1048 1066 1075 115 1181 1243 1312 1336 1713 1719 1736 1783 1804 1827 187 191 192 2004 2047 2074 2081 2168 2279 2364 2372 2417 246 2638 2712 2751 2816 299 312 314 3147 315 3175 3749 392 3954 423 425 4288 4678 4808 4809 5049 5066 5303 5424 579 580 63 7177 822 8257 8292 8998 9488 96 97 995,184
1057 1304 1336 134 1367 142 1442 1792 1855 194 2082 215 2168 220 2214 2663 2683 309 31 312 3132 314 315 38 392 4091 427 4816 4934 5 5272 5424 5577 5883 607 63 69 7334 7454 757 7704 7791 79 797 8297 886 901 9237 966,66
1263 1282 1287 1291 1301 1337 1442 146 1460 1529 155 15895 1608 1624 1710 1856 1903 20701 2186 230 2493 2507 2611 268 2688 2873 3873 391 41 42 427 434 437 482 490 4902 5016 5113 5405 551 5839 60 6024 6075 63 683 6853 6893 69 701 7208 757 770 823 855 8630 869 923 970 9710,169
1021 10341 106 1066 1095 11384 12119 1219 1240 12960 13090 1382 1460 1496 151 1547 1593 1824 1849 1897 194 199 2130 223 2269 2662 2685 2751 27566 323 3276 3540 3710 38258 392 394 423 425 428 4432 4513 49 50802 5653 6448 6893 79 8207 822 878 9721 9956,258
10341 104 106 1095 12309 1301 1302 1303 13531 1442 1606 1625 1845 1849 1856 2174 2364 2709 315 316 3197 3812 405 428 434 4404 48 4828 4934 507 6221 6757 733 748 79 901 9476 97 974,163
1057 1282 1367 1705 1712 1857 2163 2369 2507 26596 2663 2685 2769 309 316 323 354 35424 38 392 394 41 42 48 5167 60 63 6482 66 7938 9650,126
1033 104 106 1160 1214 12813 13090 1311 135 139 13927 1496 1511 1710 181 2540 2685 273 2764 28716 28717 315 3165 323 4487 4502 5045 507 5442 5581 5840 63 6482 686 6893 759 7669 7806 7938 80 8202 8742 8939 918 9182 94 966,696
10177 1057 106 1075 11170 1301 134 13681 13718 1447 1537 1571 179 1902 1910 195 2018 209 2437 2670 276 299 3033 309 313 3175 3744 381 40 41 42 4217 423 4492 4563 486 4910 4994 5727 58 5886 60 63 686 6893 733 7533 757 7806 7895 795 822 826 8306 8379 913 972 976 9775,101
1095 1301 1302 1303 1312 1337 1453 1505 15895 1593 1712 194446 19956 2364 2663 2664 2709 2730 299 31 31165 323 365 376 41 42 423 426 4492 4987 50802 5313 5891 6075 61 6482 6893 701 7068 752 779 7895 79 791 795 878 879 9488,127
107 1095 114 1282 1337 150 151 1527 1594 1807 183 186 1897 191 219 2372 2417 2685 3141 323 3276 331 3329 3349 3749 3879 3894 393 41 42 4202 434 445 4934 504 5579 60 6193 6524 666 762 79 797 83 959 968,288
1033 11582 1160 12322 1372 1403 1594 1880 209 213 2166 2685 2924 2937 299 31 311 312 314 315 323 3367 3508 377 405 531 546 5603 57 5886 5914 6089 647 6893 7206 731 79 8183 83 878 9416 98,155
1 1040 106 1060 1076 10884 1095 1146 1147 132 1337 1360 1367 169567 172 1757 1800 1809 1856 201 207 20897 2364 249 25 25223 266 2683 2685 2799 299 3114 323 326 328 375 38 3874 43 443 5266 547 5588 5999 676 694 704 737 768 779 79 795 8257 877 878,143
106 1248 1337 1357 151 1517 1524 1617 184 1849 1953 2115 267 299 315 326 3308 3329 41 42 434 435 5113 5138 5411 5506 61603 63 64 665 6857 7788 78 79 8255,1785
11598 1168 1214 131 132 1364 1465 16269 1824 183 1891 192 209 210 2184 223 2251 246 25223 2683 2685 29011 300 311 332 359 38 3956 400 41253 460 4808 5113 527 5883 6093 6189 63 631 671 676 731 757 79 878 901 9501 9506 970 9754,172
1033 10649 1183 12496 1301 1314 1442 173 1732 177 17808 194 2023 2147 2200 246 2500 2712 29907 382 40 4054 432 434 435 443 4653 4809 505 5091 5106 5695 5696 666 69 7244 79 7949 822 834 8998 966,639
11168 11651 11694 1211 1357 13644 1450 1622 1883 1897 193 2250 2356 2360 2440 24822 2538 2540 31 367 376 394 432 4653 4937 5228 5422 5452 5507 5577 5594 60 6221 6852 69 748 750 79 8239 8632 8647 995,102
1048 1158 1160 1181 1245 1255 1305 13302 1367 13991 143 15086 151 1514 1561 1571 1593 17680 1808 1845 1897 1967 2074 2352 2364 2423 28716 28717 2998 3109 328 354 36625 3749 376 379 3876 394 41 42 423 432 434 435 438 48 482 4937 508 5228 527 5313 5502 5506 58 60 64 731 7519 7678 7804 7949 80 944 976,514
10443 1168 1181 1417 15390 1773 1821 1897 194 194446 195 2115 2194 2335 3166 323 354 40 425 43 432 4587 4964 5227 570 58 607 6462 6482 6893 703 76 770 7790 7791 79 80 822 83 8647 9505,170
10748 1237 12960 1367 1523 1849 186 223 2269 237 2685 3109 3136 355 3710 38258 4404 5522 5803 63 6448 6893 711 76 77 8871,75
104 1044 1075 11514 11682 1211 1243 1245 130 13016 133 135 1460 14934 150 1563 1594 1710 1740 1796 1807 194 2149 2200 22950 2526 3349 3449 354 3647 381 391 393 394 423 430 432 4432 4999 507 5161 5167 5429 58 60 607 63 64 69 701 703 7450 79 8202 9029,136
11072 11074 1245 1336 1352 1460 173 1732 20216 2047 21282 23269 2488 2624 2688 28 3031 3114 3218 3272 328 3289 347 354 357 382 392 41 42 4211 431 490 5113 551 7870 792 83 8670 9062 91 950,305
1042 114 1216 1243 131 134 1340 135 1371 1442 198 2231 236 2730 2798 2799 2807 299 323 3256 3281 43 4696 4934 5065 507 5086 527 63 6696 748 7560 7783 783 79 8630 9245,113
104 1321 134 135 151 173 177 1891 1923 20701 2147 2213 2232 2352 2709 2713 2807 310 312 3278 3280 3508 387 394 409 41253 434 435 445 4816 487 507 5422 63 676 68 757 7677 79 800 8200 8202 873 877 9608,607
1007 104 11015 1160 1163 1214 12563 1337 134 135 13644 146 1582 1719 187 1880 1896 2168 309 312 313 314 315 316 3367 40 41 4169 42 4572 460 4678 5086 5235 5411 5452 5502 5507 5508 579 5884 63 6531 69 7631 79 800 8437 859 878 907 9287 9488,158
1007 10134 104 1048 1168 1337 135 1460 1512 1517 15895 1712 193 2027 209 2352 2530 3190 3324 3490 38 3831 392 4448 4910 5502 6893 69 7521 7806 7898 79 822 901 93 9710 9736 976,106
104 106 11115 12064 1214 12322 133 1337 135 138 1440 1442 1448 145 1454 151 1608 1758 1845 1849 1856 18567 2035 213 21459 2151 2194 223 227 237 249 2688 2730 2797 3059 3089 3141 3271 37953 38 3928 402 428 434 435 4448 50 507 5168 5402 5724 574 5877 63 6488 666 6893 709 758 79 792 8005 8054 8202 8412 8525 8526 859 861 888 925 93 950 959 971 972 9746 9977,680
10133 10269 1033 10806 1095 11170 12175 1345 1364 1367 1453 1563 1627 169567 2018 2151 2174 2360 25223 2565 2769 2807 2873 2881 29907 3114 3141 316 323 3273 3275 328 354 375 381 3873 394 41 42 4280 434 435 49 4908 4910 497 507 508 5577 5743 5777 6051 623 6377 66 6887 6893 7208 729 7507 768 79 822 831 888 901 959 9867,543
10380 106 10649 1274 1304 1403 1530 15390 1849 186 1897 2018 2115 2164 23274 237 2688 2873 3031 326 3412 38 392 40 42 434 435 443 464 4699 48 5442 5803 63 731 7625 7788 7790 7791 792 8020 822 859 941 950 9593 989,407
1007 1066 1211 131 151 1517 1953 2168 23269 2352 2710 2928 3596 382 428 4715 5 508 5577 7209 772 79 9505,63
1033 104 105 1245 131 1745 1816 1857 2134 2147 235 2796 31 326 328 337 354 3701 3710 4127 43 505 527 5581 604 666 6886 69 7616 8256 93 97 9956,116
1 1095 1104 1160 119 1313 134 1518 1573 1617 1773 181 183 1849 209 227 2507 2638 2663 2664 2683 2685 299 3031 3089 31165 3141 323 328 337 3868 3880 392 434 435 4934 5 50802 5434 5695 5696 577 5877 5890 6002 6524 6701 6893 6947 7448 752 757 7804 9504,519
106 1320 1454 1570 1710 1849 19956 2098 2151 219 2335 2685 314 323 326 330 3300 354 382 3874 3954 429 434 435 4816 49 586 5985 63 6482 6893 7454 80 822 8776 878 93512,455
10255 10256 104 1076 1159 1313 135 1367 14052 1450 1570 1773 180 183 18446 1856 1976 2063 2092 2251 2500 2957 3027 314 315 337 3498 36625 3831 3956 423 4561 5052 584 6221 7448 759 768 770 784 79 797 8202 839 847 878 901 9404 9488 9736 997,173
10255 10256 1067 11384 1200 17808 187 209 2130 2200 2685 3187 323 333 3540 381 40 431 432 4498 4558 49 4910 5722 5877 63 646 6482 757 759 784 80 822 878 9273 9746 989,120
1036 10536 1095 11006 1168 1214 13500 14166 1442 1453 1694 17788 180 181 1849 187 1897 1953 2082 2525 2685 2713 2881 314 323 330 3500 354 37301 381 3831 394 40 434 435 488 4934 5507 57 582 63 65 6893 748 762 7669 79 808 8202 886,452
1 104 1127 12259 12447 133 134 135 14050 1442 1450 150 1511 1627 1659 1719 1735 1763 181 1856 187 205 2060 207 2075 210 2216 260 2705 299 315 3255 3320 3329 354 379 393 42 487 4934 507 5200 5301 5327 5663 57 5719 5877 64 701 74 7443 7721 79 795 797 83 901 93 966 974 993,160
10070 1036 104 106 10748 1075 109 1147 1181 1282 1304 135 13531 1362 1369 1385 13927 1773 1849 1897 1910 197 2092 2115 2214 2250 227 2351 2364 266 2701 2709 2764 3033 304 315 3281 354 360 365 3743 391 3966 39950 41 42 445 4535 4682 48 4808 4809 4816 5594 5718 5724 63 6857 731 735 7450 748 75 7521 759 7678 7788 80 8193 822 8443 869 93 972 989 9977,262
10134 102 10255 10256 1033 1074 1095 11015 146 1473 155 169567 1893 193 209 22543 2407 245 250 25223 2670 315 3165 323 3412 3540 381 426 429 44 445 5 5422 5520 63 666 7677 768 772 779 79 8005 848 849 8647 9273 941,58
1154 1211 1243 1282 12959 12960 13389 135 1749 17808 1849 191 1945 2074 2469 2764 2957 3089 312 315 354 3710 4211 428 434 435 4432 4502 4962 4999 507 513 6189 64 65 757 7788 784 79 8202 822 8437 91 9650,546
10269 10514 106 1168 1301 1304 1452 150 1594 1705 1712 1745 1856 191 1923 2097 2174 2352 2851 309 312 314 3141 3189 323 3498 392 394 4076 4217 423 432 531 5581 57 5727 607 61 623 63 69 7450 7791 797 8437 9476 97,214
1033 119 12447 1282 1301 1337 134 1440 1460 14934 173 1800 181 18152 191 1961 2168 2200 22543 2352 2360 2364 2530 2611 2642 2683 2709 2764 2873 3058 3114 314 315 323 3367 381 3888 422 423 434 4492 4562 5066 5100 577 60 666 6886 702 705 7153 773 79 8257 8573 869 8812 888,186
106 11404 1181 1211 12119 1214 1301 1311 1337 13465 1419 1561 16191 172 1856 1897 1938 2286 2327 2364 2465 2685 2878 323 3271 3278 3283 3412 379 40 434 435 49 490 508 5138 5411 6893 731 79 8239 8257 888 9236 9266 941 9416 9511 959,459
1040 1215 1219 13 1337 1352 1511 1622 1712 1800 1849 2161 23269 2465 2687 2764 2871 2896 310 3141 315 3275 3329 3412 354 36625 3664 38 423 432 4434 4816 5115 5332 5577 5594 57 5839 63 6681 7203 726 757 79 795 797 819 826 859 8645 886 9066 972,67
1 106 1095 11598 1168 12447 1282 13048 1313 13388 1441 1460 1517 1523 172 1733 1849 1935 2174 2407 2469 2668 2701 3089 31 3141 326 3276 3498 3701 381 3868 400 426 434 435 4404 4699 4828 5228 63 631 735 79 80 821 838 877 901 968 9977,647
104 1048 133 135 1529 1625 1719 213 2356 237 316 347 428 48 4934 50 507 5122 5659 5821 602 738 7802 79 823 941,80
1010 1337 1522 1526 173 1759 1807 1896 23269 2352 237 245 249 2710 3031 312 314 322 3223 328 376 381 382 4202 482 4992 5507 6052 69 7519 757 7898 79 9062 998,125
10365 10622 10822 1243 1340 1514 1523 1530 159 1694 177 18154 1839 184 1856 18567 187 2074 213 2279 23269 2500 2501 2538 2713 312 313 314 315 3367 376 381 3813 382 394 426 438 5122 5506 5886 61 647 7721 79 8487 9062 925 9956,286
10544 106 1093 1164 1168 1320 1367 150 1759 177 1777 1799 183 1849 191 2086 209 2098 212 2209 2214 23269 2335 2352 2685 2705 28 316 323 326 354 372 38 3874 40 409 4558 46879 49 4910 507 5727 623 6701 6893 743 7494 822 823 8515 877 878 879 8801 8989 901 9066 913 928 959 970,368
102 106 1146 1168 118 1215 12330 130 1336 13465 1448 146 1523 1536 1705 1710 1712 1713 1757 1792 1800 1815 193 194 2134 21605 2251 23269 2356 2583 2710 2816 3033 31 312 314 3147 323 328 372 3802 381 382 384 3888 422 423 432 434 4994 507 5228 5506 5577 605 63 6377 64 701 7347 748 750 762 779 7806 79 797 80 812 822 826 831 8724 9062 95 959,249
11006 1177 12204 1263 1345 1594 178 181 1849 187 1935 1967 19768 20382 2074 2086 2166 2286 2465 2469 2653 2909 309 312 313 315 3772 4006 41 42 426 429 4699 486 5 5169 5594 580 5884 5886 607 63 68 69 737 757 8366 997,75
10189 10321 104 1216 135 1442 172 173 180 18567 1938 1942 215 25075 252 2685 273 299 322 323 4561 459 4670 474 490 4908 4934 4935 5106 547 5507 57 5821 60 6002 63 6448 6482 7669 770 784 795 8202 8366 8437 93512 9450 959,193
1048 1282 143 150 1594 1659 1714 1760 1792 1849 191 19768 2042 2047 2086 2168 29907 3033 315 318 326 3540 3648 382 4498 488 5063 507 598 60 631 748 762 79 80 822 8379 8871 990,148
1007 1075 109 11773 118 1214 1593 1624 18425 191 1919 194 1942 2074 213 2147 2213 2267 2653 311 312 3189 3367 372 376 381 382 385 394 4288 4670 49 507 508 5614 5659 5821 602 762 79 795 797 8437 8632 9237,152
1033 106 10624 1095 1274 1441 1442 1562 1571 1710 173 1757 1849 1893 1896 194 2048 2061 2166 2174 237 2372 2423 252 2663 2664 268 2683 2710 274 3033 31165 312 323 325 3320 3539 376 393 41 42 423 426 4432 490 4934 5 50802 5985 63 666 6701 711 80 822 8380 877 879 886 9066 97,250
10624 1095 1168 1240 1263 1301 13090 1523 195 205 2338 2364 250 2500 2709 355 365 3894 39 4211 4808 5 577 580 676 7068 7194 729 7347 748 780 816 838 879,118
1042 1045 1075 1095 11651 1237 139 1523 1763 17808 1800 1827 183 1849 1856 2063 209 21282 2209 2356 2364 237 2664 2688 274 2881 314 3141 315 3166 323 3276 3296 3664 376 392 443 50802 5452 551 63 731 757 76 787 792 7949 80 822 831 886 901 970 972,202
1160 12813 1296 1321 1337 13681 139 13927 1422 150 151 1515 1637 1712 1739 1773 18185 183 2025 2115 21605 2186 246 249 2525 2540 2683 2710 2769 312 315 3197 3296 3367 355 38 382 3868 4006 445 4941 5 5161 5227 5266 5272 5418 5434 5508 5509 6177 63 69 729 731 74 743 770 784 79 792 8443 848 861 91 918 9506 9867,167
106 10967 11773 1263 12734 12960 1301 1310 1367 146 1526 1694 1849 2060 213 2166 223 2327 2360 2364 2423 246 2685 3031 309 3158 316 3172 3539 355 36625 3710 381 38258 3879 41 42 428 434 435 507 5106 5113 570 5884 60 6087 6448 6893 69 768 795 812 8379 859 90 901,497
1048 1243 1265 1310 1357 14934 1526 1571 16716 1824 23269 2507 2683 2709 2710 2798 2924 2928 2997 3027 365 3733 376 3872 4043 598 6156 7244 79 8525 8526 8528 9236,170
1060 1163 1301 1360 151 1719 181 18185 187 1961 2327 2364 2710 312 323 3367 337 409 423 434 435 4475 508 5113 602 63 6482 6757 6886 76 79 795 797 9511,370
106 1214 1290 1301 1320 13991 1511 1849 1938 2098 213 22543 2335 2364 2683 2685 299 3037 326 328 365 38 3874 445 4558 4563 4777 4988 6893 748 8257 8292 878 9236,573
10134 1036 106 1287 1448 1460 16716 1807 18446 1849 1857 18577 1902 191 1967 2042 207 2092 215 230 2352 2670 2701 3114 314 3165 326 331 3412 354 357 3737 3772 39 4217 423 434 435 445 4934 580 598 60 6681 703 759 770 784 79 797 8386 901 9266 93 941 970 976 992,478
1006 1095 12960 1783 1849 1896 191 19443 2082 2130 223 2232 2248 2685 273 2851 31 328 3710 372 38258 4934 5509 6081 61 6448 6757 6893 733 7454 787 83 8366 869 886 97,168
106 10622 107 1075 12975 14050 148 1622 172 17680 1809 1849 18567 2092 223 2252 227 2357 2364 249 2525 326 3733 376 41 42 434 435 5228 5581 582 60 6852 705 734 79 7900 838 8528 8989 9746,477
10269 10544 1095 143 1526 1529 1582 1659 1763 183 184 1935 194446 195 212 2134 2174 2194 2231 2437 2624 2662 2663 2664 2879 299 31165 3141 323 3273 3289 4006 403 41 42 4448 5 50802 5509 6482 665 6887 752 759 8386 8515 901,84
106 107 11649 1320 1337 1362 1464 151 1511 1524 15488 1562 1617 1622 1719 173 1807 183 184 1849 194 2075 209 2098 2335 2638 2683 2685 2712 2713 313 314 316 323 326 3281 3283 3317 3359 37 3710 3772 3874 394 40 41 42 4432 4561 4563 4689 48 4828 4929 5138 5695 606 607 608 6252 63 6893 69 704 7177 731 757 768 7704 7770 784 8632 878 888 9404 971,3132
1 104 12175 1237 12447 12694 1282 135 146 1745 1773 1857 187 201 2174 236 260 2655 2690 3033 3136 3141 3534 354 385 3873 394 400 4006 4009 418 428 4288 4443 4808 4959 5 5506 5509 57 602 6073 63 69 7255 770 78 79 808 811 812 815 816 819 822 994,192
104 1040 1048 106 1160 1214 12322 1243 1282 1302 1303 1304 1511 1527 1705 1783 1849 1861 2023 2166 2194 2350 2381 2685 2934 3033 3280 354 40 41 42 425 4324 438 4959 5 513 5169 63 6404 6893 79 80 822 851 877,709
1044 1048 106 1153 1181 1280 1296 13531 14633 1517 1622 1627 1732 1773 17808 180 1849 1897 194 2063 2075 2076 2086 20897 209 2097 2168 2685 3114 312 326 3441 3487 38 3868 41 42 422 428 434 4678 4964 504 5235 5313 5328 5369 5565 5718 58 580 584 605 6221 63 759 762 7788 7806 79 815 822 830 8397 859 928 9488 9501 976 9867,170
10364 104 106 1214 1243 12960 1304 13681 138 1421 151 1659 1719 1745 1757 178 1849 1903 1935 20507 223 2611 2620 2685 2688 2777 28716 28717 2957 3114 314 315 3276 36625 3710 38258 3872 392 394 422 4432 4934 5138 598 602 608 61 6211 634 6448 686 6893 731 757 762 770 7791 79 792 795 797 901 9237 941,267
117597 18094 184266 21345 215318 22599 242929 255520 27274 276905 30189 38870 473807 511 525839 550417 637731 721523 74226,14
106100 11244 121906 132550 13553 13554 15150 153117 155111 1555 15801 159932 16179 16717 16720 17412 195773 20468 20471 214494 24404 26155 26346 2852 29028 29578 340229 35256 35367 356653 390394 430322 46209 463740 52469 58226 60957 624109 62705 66779 69474 751810 825198 8456 9012,7
138879 138938 16814 184586 185981 18622 19812 236503 260090 264283 268432 30409 327663 34947 39822 449991 47795 49206 62938 652974 740076 82615 83845,37
110951 11233 116248 131066 136605 156832 157127 162676 166389 196709 19862 210466 228687 23305 27707 29134 295230 39343 395024 449880 57430 616969 645934 67041 681419 69667 69903 8612,17
133577 135335 136739 139684 147713 22390 245647 251378 25622 259198 277444 2932 31129 321 33214 348416 37786 4057 446130 44819 47655 4944 5517 551905 561576 57740 74318 75341 7893 842466,6
11261 115131 117243 128925 131940 165601 167814 20428 223409 22994 24876 268292 290825 33193 369923 397764 452155 51414 51856 530849 583754 60700 6559 683266 7553 7960 825286 8735,5
11007 140976 144854 145570 18510 18824 214739 224340 245455 26835 27827 29610 312984 32564 375190 465784 49502 569563 624582 63374 67891 70591 762917 83551 85953 88019 92638,6
113558 11829 16236 21377 263917 27523 3209 33152 352103 35444 37601 399807 41334 456276 49752 5632 5860 70482 71851 7680 8623 8896 91970,6
100056 100057 105163 106608 10718 14046 145561 156835 191652 20935 232594 240934 33450 432241 4388 443676 460249 4838 48623 602743 610978 610979 71898 790226 83575,13
104163 11429 11591 116039 116040 119162 150176 16185 16817 202713 20845 29265 341460 36481 36579 38957 46389 536751 560831 63290 721048,5
104532 138626 140435 17829 203881 20870 212244 220825 224126 27992 293358 31908 32653 33592 38858 39281 44904 49926 59691 608801 64703 64826 670561 67283 75526 75709 84948 89120 9026 9257 99951,5
108987 116309 11938 13458 14639 161576 17410 182781 18786 19714 19716 36919 370828 43427 438802 465534 46933 61655 64430 65760 71430 766504 83845 85897,5
120235 131088 140193 140194 144483 146986 162196 18838 18839 194514 216262 24009 24165 308196 30873 30875 3584 47341 606632 67113 72235 737402 91451,13
100090 10056 11017 144616 18116 181559 21598 26128 289748 381525 388411 39869 40670 40671 43302 4694 506323 57002 584167 60403 60763 67832 72634 767994 849602 852387 852388 852389 852390 852391,16
110766 122207 12801 13060 138657 159394 189699 21165 216514 220262 230482 230483 248115 36653 442693 56305 59217 598763 612099 613015 663192 69634 79106 92969,7
111060 118605 130727 168246 178247 178853 18532 190514 19078 21913 220963 239448 245058 246981 294059 35289 377938 39746 425244 47189 48147 51519 521567 56002 56975 57832 5810 5817 58308 59848 64019 64804 67632 67633 67634 7373 7378 748691 75280 824403 831517 83264 89333 9361 94151,5
106128 11912 124058 12499 13159 1414 16767 18998 21682 25902 25925 2786 293311 30642 3263 36896 44507 461955 48623 56384 56691 57552 58313 62738 645455 70988 7152 74903 78446 8597 91794 91795,13
11196 116356 138431 174326 1787 196545 20029 201048 232862 234493 236724 259705 29283 336695 40822 436424 47624 478343 55728 558611 565273 600111 60202 62709 630335 64791,5
102614 10953 117860 119861 141698 15683 16517 17359 205627 2139 21888 229084 23486 24669 25607 258953 282156 3200 342283 35767 36078 37510 5207 5535 632 68501 83997 9209 99638,13
112695 144529 15162 158061 172599 175174 193630 195901 24604 25032 266298 26795 269046 27018 273274 316186 32693 328846 34135 49963 508008 52758 54026 572897 596819 677073 69172 71160 83647 90780 95727 95728,10
10653 15336 248726 289138 36133 411260 43549 522964 55786 695284 70419 71852 838882,9
126687 148080 15743 163013 173834 173837 178826 182928 213161 271413 28115 28410 37530 648669 659919 790716 7971 811102 82541 83903 86751 86752,24
102863 105585 10663 13333 134101 148091 14834 171901 20875 21451 21941 24051 264711 272077 30873 30876 36785 41029 44030 47601 488302 54654 55362 55363 786951 84749,7
121954 130838 15188 17109 177169 20776 23204 23356 23965 247846 28224 320864 3506 394486 399112 47390 47493 5012 541973 5517 60890 79578 83745 854567,8
107733 11196 151571 179007 199750 24307 2543 316820 604907 604908 64228 64482 72336,6
10116 101289 10981 110685 114892 119445 122759 133626 135155 139895 142728 154603 155431 172531 172532 17894 190771 199201 220726 23168 245985 249344 251667 29281 29878 318023 32148 34284 346375 36950 376288 40912 42469 42754 436897 44029 49713 51227 54191 54229 549433 60642 616553 655301 70878 7260 76917 78218 99067 99069 99087,5
104904 107148 113053 114861 119852 12060 12423 149453 176379 1876 195299 270176 27317 290848 382167 38910 39542 417667 473876 49295 50732 537562 53984 65100 7463 855456 88103 91780 96726 97776,5
104324 104467 116600 185506 24179 25623 258267 258268 27332 30234 37530 421051 45856 458758 49036 558678 58500 63782 708215 782052 82792 99099,20
101289 101764 12606 134314 139336 13936 14590 146011 148969 160222 16111 16720 20315 21501 22031 24465 247459 30390 3857 39222 414 439672 46923 517822 67183 99728 99960,14
112594 127404 135794 144616 179747 20776 20915 235022 291937 3095 359314 364450 37530 384503 4074 420517 430687 437797 460432 460513 49831 57002 57791 69291 81653 9776,22
141404 142155 14869 14966 161261 161536 166468 18527 20594 235836 269078 29067 29099 30086 3212 36237 37396 436364 46244 46805 52007 52495 57380 629489 64893 68199 7057 760307 8455 8464 86164 91532,14
115922 118660 12480 134941 138534 138606 141425 145433 149046 159037 16101 174228 19490 21627 22896 25344 273009 3045 36999 432626 437050 457 48526 48668 5133 52645 53027 607581 61251 63531 731588 73912 9033 93981 96142,5
101119 113752 140466 148687 18051 21089 2111 235082 25330 26122 293261 293262 338736 419116 465862 489 49290 50569 51227 57257 61626 69559 696075 700689 70115 7586 789807 819766 844732,5
144887 16431 16432 166486 16830 174780 220393 25609 261241 265243 28905 309110 377651 413888 43515 47799 616132 707150 92933,10
10044 1317 134808 1425 158800 158802 179582 19780 23098 27359 351914 390228 40331 442268 51254 51331 534103 534104 65561 66123 69068 71236 74207 76963 91054,39
101176 114861 136912 14816 150071 17290 17475 200509 20486 223140 22814 243984 26075 26353 274833 294813 295759 302 33481 388822 592391 7407 768320 788215 8383 88681 88857 97312,6
100103 103026 1078 108042 110069 111438 111588 111856 11284 122917 12342 125927 126691 12707 12864 131755 135297 136203 13705 151717 15918 161647 16202 16204 171638 17740 181554 18331 19365 197511 198968 216245 21910 220588 222774 229692 23606 23970 23972 24181 244271 266564 26662 27578 278165 29393 29430 29528 295475 297479 309495 309496 310916 329684 334427 33625 35482 361985 36420 36613 36614 372362 38037 392119 39589 40800 42154 43983 44803 45437 45742 46140 463852 47815 49121 49871 50643 50809 50896 52195 5256 530447 54949 55762 55840 56914 57584 58296 61933 644622 657748 66184 68463 69385 6987 71915 725952 73796 74032 74425 74479 75272 75982 77527 7761 80060 80517 82008 82803 83081 83678 86619 87178 88702 93049 97986,6
105701 107196 114235 1161 120538 136555 136556 136557 136558 138674 175551 189348 202097 215104 229959 23410 23744 239520 30147 328186 337396 35439 379689 41584 43534 462746 558845 58555 6615 71866 7377 842913 88382 96862 9771,7
103152 113455 113456 17608 18799 195803 20407 212333 289279 3102 32573 325788 327977 37630 43450 445152 45517 47185 477058 47751 50954 54052 5431 569122 575841 58032 58285 69125 70181 7935 85478 9232 93570,5
10069 118340 13038 134813 138924 154498 17070 17071 185797 20721 208376 264269 31020 32609 34679 348052 362 43166 45683 48188 511 60966 67903 72834 7583 91289 9159 96792,16
106856 114958 12994 135710 15986 164587 16752 174323 182868 184051 21377 228184 23207 24410 26138 26259 28047 287452 28984 31351 3227 33275 367630 38386 39292 463487 55997 56379 58491 587846 601759 61743 62772 63825 67459 695500 695501 733728 91296 91298 9413,5
122307 13088 148952 148953 148954 165885 189642 190043 190044 190045 20259 22440 24404 253846 306833 31436 320344 35014 479696 492089 498799 61403 65197 65201 67041 724872 75628 762823 78702 822428 94664 96872,6
100945 10254 110388 110391 140219 142417 146491 186959 33243 33245 349596 41574 49557 51088 57487 59171 603427 613287 613288 62502 62829 6345 694603 70213 72546 85830 95751,5
101528 104926 118641 15093 160396 216987 22563 235481 26352 26569 275122 28370 33266 393745 4269 46180 4859 52038 53873 6173 630830 6365 660164 69012 73238 757161 76091 85143 97359 9742,7
144208 14814 15657 176541 182954 19435 21432 229487 231037 24041 25099 262797 266381 2864 287434 294140 298888 298889 316063 31692 36799 37271 39507 40210 44619 49983 51069 519839 57049 592939 66747 753223 789182 794676 794677 80021,18
12462 136516 159665 17024 191592 234730 299603 30639 3224 34254 37149 37150 41478 46861 473685 47714 482909 532961 57707 58136 626655 731078 732378 8236 83530 85207 85766,5
100016 100127 10120 153100 15376 157145 19420 250894 284982 28536 311973 312070 313596 31625 365630 36987 379664 422579 443444 44535 451503 453409 456143 461666 46708 51723 51821 52075 545752 550837 57375 574681 60428 62713 63365 64826 669595 700083 70608 76494 765192 772350 772829 772830 772831 772832 88582 92050 95758,7
116581 127925 14500 14605 173143 18791 197372 24208 278732 2913 29896 41915 45479 564707 60450 60967 70919 9742,8
105460 10981 11017 15690 16185 16228 168501 180166 18869 20021 20088 20095 21523 25564 27658 27659 29777 309873 314054 36028 36809 385705 388410 388411 40323 40911 412311 43094 51103 55594 57533 615938 72230 803933 80917 851062 8691 91518 93560,8
117034 128860 175284 188896 200357 24192 257958 29192 296901 31663 32822 338359 3475 359306 36705 39466 41194 45901 488834 57200 66781,16
10008 10577 124590 13310 14397 16326 1787 190590 206261 21758 22410 24802 26882 281776 283025 307294 3377 34271 37314 37919 39822 413857 445412 46024 4710 48953 49753 518479 540245 70285 71367 721223 7474 8017 81781 93542 94434 94435 95972,74
10708 110909 117425 118563 1208 124631 13564 146356 146357 154377 15569 165696 184248 201606 205870 224169 224412 23844 249836 25317 256796 257037 266079 28989 33675 398243 44262 444326 48693 51862 598236 700853 79717 8006,6
105310 12639 172163 222747 25192 314970 32420 33660 35514 35571 37510 412083 430072 604253 64062 6632 69434 71108 80209,13
113905 117364 121131 124770 138243 15531 156178 190135 190541 203871 238984 239362 243688 24904 256158 271071 27535 27540 287346 29109 292028 296529 324213 455670 47304 48393 490603 494284 52615 537234 57586 577197 60843 641739 6486 65061 65633 73005 769222 780160 838370 8910 90209 95817 98246,6
114410 138629 14223 175347 20449 20778 21166 214733 23243 27880 40954 488972 491539 51083 521662 60642 61266 71832 778778 793682 798110 8595 91543,15
105575 109168 112671 11365 11749 122552 12442 134691 14275 143014 143017 145561 154792 18711 18976 190820 212593 24122 246993 246994 246995 246996 258960 29499 306799 30906 32577 32772 37510 37992 380873 50410 51576 51925 6078 61396 667200 67076 67241 687204 69181 79959 806213 8649 88006 89693 94178 95793 97889 9905,18
101514 104396 10708 109214 112980 115922 12045 132269 153780 15527 17297 173611 18866 21072 21607 233336 233337 258711 306159 334340 3723 41449 455941 48044 5018 51751 67921 92244 93446,7
107118 110847 114408 124901 137723 155181 158842 17869 1906 213414 22458 22637 23641 27333 32541 35847 36291 379639 394323 470184 498738 5767 606603 672074 71509 732177 76893 90922 91178,16
12367 13406 13838 150690 15841 160679 184531 208146 227743 237747 24889 257195 284162 288341 288342 31590 387929 4617 48777 50411 56315 5636 57039 608912 651586 653 741283 832121 844166 9962,5
113499 11500 126053 140028 151247 158326 15911 168954 181634 206309 222995 29824 36166 368906 377082 396683 41583 443713 46931 47823 533299 5793 65349 660224 79205 88201 9672 97861,5
101907 123855 13600 14021 147828 149572 15968 160646 16460 16963 172598 178884 206582 21607 236017 25365 279516 28406 299759 317738 32617 34907 367096 36994 428474 436826 44314 511574 681773 69133 69161 7240 753871 791940,5
101583 10977 109975 121144 142853 15245 18498 19516 22225 222676 262157 277702 30394 311209 31504 329829 39494 40256 426229 449209 59977 618316 79908 846429 87141 9361 97032,7
10063 11201 115882 12820 13697 16615 18473 18474 188632 19464 19566 195883 23048 274313 30573 325725 464822 622481 63698 73347 80025 83470 84256 853170 85631 87045 9382,17
120759 120761 137521 188476 192775 21375 22194 240940 263432 279680 30650 312907 3212 35812 516570 516571 522613 660274 73239 86377,8
106807 119737 137570 14513 17817 198849 23329 242273 24489 24683 2714 30676 35820 441425 51953 532835 584953 679560 79806 9723,30
101024 10540 10791 181493 207840 21996 22266 25256 25257 277124 32385 329797 333244 35683 36223 370129 37050 37728 39202 39244 46733 47545 49877 53742 54325 55786 58981 63661 65665 723485 732350 773114 79715 93306 95396 95398 95833 98550,7
110670 117050 119010 12134 12374 139212 14477 14870 149953 17919 197782 199451 204382 204728 25658 27628 31843 34928 37423 377269 377270 392296 396716 45802 50689 515057 51635 517334 517523 592674 610623 63777 66798 6772 74526 746108 784810 85326 8835 91703 9396 96731,5
102532 103969 104093 12052 12116 12902 134045 135813 150152 163039 218930 22152 223789 223790 23704 27413 29125 29779 31278 3946 4604 4643 4685 534503 53531 5568 57499 5841 64442 64705 78248 8068 828402 85557 89677 97095,139
110174 12998 207196 23017 25094 26222 280080 31126 312598 332351 33539 349909 36935 37300 387751 39349 424202 479529 594410 59831 60256 649863 661489 687128 7935 93058 97590,5
1110 12176 126206 134417 137312 14455 14532 155817 162576 16883 171389 180081 19887 209959 21405 21445 250703 252162 2595 28239 283589 302918 386353 47829 50206 519163 54126 560274 60998 629535 648339 717252,5
113609 123240 149905 15253 179091 213790 213792 2167 228434 23249 272831 297599 297600 297601 311424 3117 33476 34929 371160 453693 49031 521478 5962 60890 64698 68394 711287 812456 824037 853504 8982 94419,9
106528 124926 13451 144037 154914 159804 16185 170150 193475 195914 21775 22441 290994 290995 30333 32946 33183 44197 444627 49879 51689 52279 55632 740221 93194,6
126466 153845 194164 201644 209247 221570 2801 32697 35505 54307 66540 74703,5
102457 102853 110717 123905 144038 16062 17869 17877 22361 22814 27711 28734 30334 316862 316863 47817 50966 5110 532721 649 713830 8157 83656 9849,134
113736 12023 136970 138508 140389 144334 15017 172773 189340 199272 216016 220834 23168 23998 24208 248608 256721 316869 45957 5069 525860 569563 57187 65523 73583 74766 812902 813306 81359 828030 86907 87335 88305 9870,5
112675 11427 12327 160365 176688 187967 21333 24145 262484 30823 40327 408607 42701 43909 47649 579194 58333 60210 61739 67979 80995 9953,5
101370 10979 11047 113758 114519 114995 121062 125427 141644 147088 149647 167816 167817 18515 19462 20459 215472 222688 25705 31756 3294 33140 345932 345933 348406 35492 43607 45579 49382 49491 50221 567719 68111 729945 74524 761414 78013 839235 85182 91597 98132,7
10007 112814 117050 117590 117591 118479 11850 12046 14174 152584 170405 17840 17965 19144 196932 19710 19711 19712 20832 2158 22493 23315 234781 24255 260989 27586 31001 31882 32114 32898 329428 329782 336188 369233 37120 375030 388138 420916 420917 420918 420919 420920 43600 44897 459306 46115 47505 511 53921 58267 68653 70994 72456 745929 7937 79930 85305 85865 91703 92368 92464 92696,16
106331 124672 124673 124674 140540 14590 166347 166416 17869 17870 19558 196288 20709 219320 23529 27125 27200 28779 34074 37909 3947 43044 44585 55251 55960 60575 60928 660894 660895 70727 715226 720852 9399 95516 96046,13
142230 145533 16942 171023 173697 195392 215400 22667 22710 23917 257390 286892 301532 3212 330024 37630 37783 37784 393134 39819 44025 561322 5903 630582 656988 710178 748889 797011 83313 852499 88566,8
107182 15253 164335 17091 19559 23264 313271 35020 360917 704167 721251 73487 75646,6
104095 104096 104097 104410 105134 124853 132450 158990 18588 191525 21790 24830 248876 261534 28474 304603 3102 37937 380055 382761 48850 51105 547592 551439 59749 62255 67817 678253 7839 79534,6
102886 119482 130663 137877 172872 18779 1937 201864 252323 261935 30615 40335 42160 44250 500419 51083 640696 641837 77502 8946 9879,13
17635 18196 19951 219221 24940 258971 266026 266027 267323 268335 27534 325460 391977 396829 41827 44367 49690 501572 525262 5740 5741 63108 631331 660158 78648 86903,5
143287 213507 23753 26764 271413 275268 31114 35278 3895 392215 412099 44126 535894 55126 557761 56140 595551 62684 658749 659929 69068 69722 76963 86074 88338 88499 91945,39
115539 116895 150810 186036 23904 240482 326474 33873 380970 38101 383469 409726 41626 44292 475632 530979 6015 6043 607673 61276 672759 68194 765022 786716 8035 82792 9061,6
119202 13094 156118 161026 18811 199952 21600 21932 224412 233362 30257 337638 34257 358215 36749 389626 44242 45121 612348 61782 69810 712730 819225,6
101548 10444 11713 123855 142568 14282 143846 15117 176082 184982 20386 21086 221540 221700 251084 260152 26137 26138 28495 334037 38414 46123 46824 49877 5229 52936 537322 60351 628124 6363 63689 681155 71865 83921 92127 9552 96692 97199 97321 9764,5
10211 10507 116896 120798 13818 14095 141161 149163 15059 164643 19339 206279 206280 299263 322031 348624 36675 388829 404706 42645 44293 444238 44815 47184 485605 51175 54520 63065 640017 69738 781748 784142 849709 87952,6
105608 113034 119488 119512 125539 13383 140386 149373 161964 183234 198636 20465 226564 226565 23887 267939 3360 389567 391849 39589 4636 4655 50465 53480 552440 55826 60473 64576 668048 70526 73664 781186 81145 817330 92951 9774,5
100851 105793 10670 10979 13153 165669 165864 18303 191296 192210 19344 233331 266321 29801 30644 313093 39494 403969 42005 47395 50225 51788 53100 5339 53931 6199 625 628350 68857 73843 785663 8192 848866 851780 96964 97174,6
101081 13837 162779 171256 24367 24371 285548 386103 395473 400214 415315 448740 4749 478688 5283 549894 578359 65642 706745 760513 83873 8767,12
102806 104010 107557 115585 115922 12562 128549 135874 139736 174897 183701 18374 18376 18649 188657 19015 20204 220722 23047 28722 29598 30784 3239 331764 34083 343683 369479 387137 389626 404599 440652 550653 570693 634076 68152 71537 720507 735689 735690 9806,6
1476 159365 18462 198094 198376 198387 19959 21095 2471 248531 30281 354094 40876 437948 48167 50065 585411 609566 617108 648894 648895 66961 73935 81002 86418 97199,6
10574 130033 151223 160731 187818 19116 210797 26817 27957 27970 37991 39878 45867 51187 555780 555781 57338 67838 83595 98957,12
101966 112594 116599 134319 1549 18634 21896 22384 24292 24333 300080 317334 32696 38113 40328 45081 4706 517625 6239 778637 8053 90738 9714,7
125789 155488 156311 15652 16909 218155 224496 346396 34699 36236 373602 374827 374828 44375 53593 561269 603718 6415 647699 659082 659083 66975 6698 693553 76533 76560,5
10887 126469 14496 241785 24560 27763 30907 32101 38026 43370 47218 480404 5051 510964 54568 61484 64683 838950 86881 91415 91745 96964,7
141085 14613 148282 169929 184477 20615 207579 279048 29091 302544 302545 43792 449214 458160 45983 51187 51332 52103 57487 60126 634555 794366 796734 801658,7
103986 10828 109569 142437 220443 27956 32747 36959 397638 42024 51188 52008 569872 83842 89255,78
1110 124398 125922 126571 132632 144868 148692 156632 16964 18561 193115 195166 20694 207442 23331 239185 26925 271364 30448 346558 36011 368245 37927 40173 633729 6669 704198 712724 86763 90430 91651 9435 94886 96539 99398,5
114427 126598 159665 168013 17278 215347 310114 3174 43035 43466 43467 66569 7154 7166 75470 75818 781810 79632 89950 92728 98982,5
105632 14015 143691 14446 16103 16576 171168 18023 188874 21027 21189 23698 270167 34271 394500 39554 548756 5575 65676 727087 90473 93237 98508,5
142853 148193 166181 168255 200802 210448 213186 232046 235263 23878 25431 25859 26720 27455 307005 311074 34495 370134 38694 405275 454055 484225 484226 487615 510054 517108 52623 546390 548067 652135 652136 652153 691470 70003 74744 82035 85587,7
103118 12264 131313 140648 182697 19516 26610 282434 3102 330392 3722 3897 52164 632231 64571 68231 7108 83113 89767,5
111054 124679 13231 15466 163181 16559 189706 193840 194109 200608 23178 239148 25805 27233 31363 32297 357238 38752 403402 410411 423459 457917 49358 525081 72572 99216,15
112409 114886 12082 12837 12838 132984 13374 14832 159561 212416 229552 296925 33078 41099 46520 62562 74259 83027 96427,6
104643 112032 13838 142529 15479 156922 159171 159172 18876 203172 218403 31173 317732 363336 37172 37374 41340 44466 48166 49686 50887 51083 527237 557938 600453 62853 63194 65703 680123 689378 80451 847742 86848 87718,16
10966 11705 136060 157195 1871 203320 209619 2628 275688 341704 346128 368993 37879 449211 46795 48816 491655 496401 50318 59501 60890 621554 66980 695065 69530 69813 69814 69815 69816 69817 69818 7166 7174 717740 73757 773641 793172 793173 802714,8
109093 117383 14272 17094 179725 200359 246917 24876 259446 27048 27275 36438 37013 496499 497386 50915 55588 6248 63602 716467 725203 73031 783823 85092 89017,5
107490 1110 116547 120835 12958 182947 18708 19252 220341 23156 24023 316675 32552 44966 44967 46841 469912 469913 53509 582687 58303 605072 605073 610172 640675 64464 67042 875,6
11726 131736 15146 156392 19636 20915 214212 277950 308697 315709 345590 345591 345592 361328 36935 42942 4333 447665 47595 49684 52963 53591 54951 641852 663172 69693 706903 799375 8203 99872,10
11370 122393 12241 139077 14077 142241 150130 152351 15967 16982 179209 18006 197612 213961 215898 27829 355970 386815 39875 45188 458746 46389 464281 505610 57200 64580 65372 708774 726924 754056 846391 87663,20
102441 118058 124082 145631 15823 184115 209340 25019 29111 297640 321011 36653 38133 51641 54026 611058 646726 750059 750060 801925 85013 86073 88690,8
112650 122252 125254 130622 132263 13832 160320 160321 164620 16720 180175 188611 214853 22753 23704 24354 251789 256544 307227 312764 32757 33582 33679 33832 367521 42570 44782 44926 45760 461840 47610 49240 49560 562 57368 57607 58597 627441 642922 6603 69424 69630 72256 72883 73985 74268 74432 75403 76708 82851 8775 87750,139
10755 11850 126474 127088 128528 130521 131477 149003 16202 16204 16376 18909 20605 22519 23356 245524 250967 30147 30988 30997 31030 31264 339740 36613 36614 3748 37796 37806 38340 41773 419070 483233 52039 54104 5793 58349 59388 59978 6632 67036 85736 93674 99827,7
113944 120076 142093 151510 177621 18006 18771 200975 207597 209336 21120 21200 215183 220847 22366 22446 22513 225878 23027 23106 238069 238850 26550 26925 273605 277832 280427 32067 32262 34907 35526 35785 37584 3793 39968 40640 416629 421384 43467 43896 489644 50156 529717 546957 56066 571577 64955 66411 7027 74703,9
110670 116262 11809 13227 144917 145107 17251 20138 23329 23331 34241 37000 37023 45404 47029 532460 620468 659185 659186 693314 746639 75324 94118,12
103502 114635 135717 17780 184679 19084 197185 217589 241787 259333 26584 27012 27564 280432 30685 31965 32726 32973 337788 349546 35468 49879 511447 51288 52383 55365 57586 65483 67893 801665 9796,6
10032 10033 10268 112540 122287 172064 212099 22637 227019 258778 26718 29245 299345 299346 36702 387288 411867 413421 415735 418118 418119 45807 48009 49296 513307 537021 69332 781271 79105 819499 8209 97378 97379 97380,15
109066 11052 13378 16285 167663 17374 17388 21051 213222 21454 228663 243589 26946 28885 3160 32399 33507 34733 35439 37045 377478 393266 404174 40955 42662 458456 465191 5377 562216 6302 6902 87293 9878,6
100991 102545 104709 11560 120986 12231 13976 144945 146137 150397 163287 175066 178517 192250 2008 204848 230530 2680 26957 271561 282005 288214 30409 375412 4421 4749 476851 499661 503177 508544 616304 616900 67041 671468 770243 803817 803818 8308 83880,7
102031 103146 127977 15681 167998 174469 187848 215855 21921 24154 3048 3212 330204 35830 419213 610212 88096,8
12611 12653 16814 169519 200485 22637 2298 23086 25941 304398 312936 356055 404268 45344 485786 51034 518233 53251 53558 554285 69561 714 73077 7611 8705,14
116152 121809 162277 22402 24140 33148 362513 47123 524384 54026 55278 68969 69235 70751 80234 97506,5
11093 112225 12390 152195 158408 16600 16729 170815 17510 17688 19635 228240 23707 27304 283655 290039 29832 32009 32734 337554 3466 35310 35336 38959 410793 43024 43507 465122 50543 635603 642120 72526 764031 776955 787662 818303 819221 821576 823158 85383,6
131218 139605 141108 170448 17187 20178 223476 23545 23753 27476 29557 361647 37271 43644 44409 467121 520685 52841 534832 541561 679877 68721 77636 84108 85464,5
101309 120709 151074 157741 164118 194596 195676 217222 248054 25804 269555 287484 30131 43638 491159 58721 737372 76656 77965 92016,5
104417 117246 11980 144566 144969 195578 21073 216657 27045 318025 35280 36284 408094 454746 52100 65521 84756 85631 98535,16
126967 17851 19622 239000 24891 258274 27723 29991 35925 41630 462715 46811 468543 481073 53038 55375 75468 85837,11
104263 104380 105312 14590 156917 157491 173831 185090 24252 242732 261237 32975 408631 476759 48934 52075 534605 58433 66779 679042 693964 73852 766688 92742 93050,13
100510 119159 119212 127088 131850 139986 149108 158382 174541 178553 19539 22541 25023 26118 29281 296642 32229 332056 411563 46075 473870 56321 63326 640412 67979 79768 805108 84332,9
132690 14354 19622 2275 232073 24352 27716 296347 3414 361320 49753 544501 69738 70873 74763 81256 85384,75
101106 101610 115976 137570 143201 144485 144486 147893 183437 196548 199295 21888 226250 243914 28481 370814 430602 499963 53349 58383 59542 642926 675721 70485 745140 796530 798151 808962 810013 814208 858121 99818,32
106846 119707 142474 1495 177486 207119 218004 25182 256840 276259 28899 300742 301321 301322 320973 36831 406 4132 50579 51071 51372 59795 80076 80804 85206 96839,5
101933 123592 139768 155597 222021 225971 244238 306333 31129 312850 3154 36220 380701 4057 406112 411496 510838 524269 57275 5767 60890 734608 74142 767645 85631,23
106127 11457 121000 13538 15913 16329 179582 197522 197523 229730 24156 24159 24404 24507 248389 273159 27761 299408 30444 30720 34354 35782 37950 39574 42628 431430 47943 567553 588880 610124 6698 67824 69222 713587 724446 728805 73474 7948 811033 821371 87470 91896,6
104428 125548 128953 144919 182732 23878 24308 309924 33675 36724 42576 445102 512755 527863 53333 682491 682492 752733 814768 98667,5
1350 145489 14652 162314 18067 18302 194377 26132 28149 31795 320751 339526 352159 37815 56698 58115 72521 75885 794293 8993 92337,5
135410 14590 151201 151202 15505 159044 16141 163350 18269 20243 202948 23151 257934 28467 324590 385587 406663 40703 58473 647290 690631 75996 857782,12
11708 11877 11880 127721 16574 19477 19518 21934 2314 25928 28984 2975 2976 33386 338452 38579 3909 396488 406023 44450 46993 46994 46995 47192 49206 505195 505196 5260 53683 55298 86297 95905,5
11278 122737 143884 151729 2396 249323 313580 337908 45196 53069 549021 566765 737816,10
102982 10526 126553 1317 133253 137576 14045 141191 159672 16719 184213 19990 22004 220851 23606 245938 25365 327669 328167 345213 36053 3619 366913 48149 49838 531018 60494 684354 717313 80770 80771 8267 94812,8
117233 138383 180353 182202 189548 216845 22461 266210 29557 3153 319650 324653 35008 35099 38706 40293 4035 418565 42006 468495 48045,6
125370 141108 143037 144869 146980 155559 176933 207286 21683 238530 300251 363779 36910 371518 44166 534019 54693 6048 641912 68117 68814 710386 773694 774332 792645 93895,8
105312 125924 12860 13736 160325 16446 1646 175952 18512 191087 19344 21285 220253 23904 25818 286189 33374 37715 385172 425898 431386 43809 44872 460456 579828 5930 634174 634175 706552 74443 83488 83668 85631 85965 9951 9962,16
109267 119854 119857 12292 130097 180593 18833 201306 20253 21790 222026 245735 245736 245737 249666 25842 25843 278 281875 283383 310739 33083 347804 44168 44182 47162 482221 487576 487577 51911 53124 618994 62993 63342 86523 93863 96902 98675 99368,8
120726 12560 12561 150905 18833 249338 255854 325855 327030 442011 44249 46444 471170 475356 65390 6624 79925 835017 9414,5
104860 119337 119497 152810 212217 212535 216770 217861 282377 34205 351512 361434 479516 532886 545865 56002 56040 701071 734601 75745 84733 86418,7
12152 14094 149393 1641 193236 215164 231203 24233 249163 251617 25904 28517 290066 32594 360624 381337 414437 43536 442666 452709 45602 470583 47166 47349 539469 56316 615444 63271 687230 693966 73212 745559 75263 7860 83394 94447,5
130707 16043 166183 202099 22266 228964 286025 28995 318550 328823 339044 415848 418565 459314 45977 47855 51083 51521 576771 59860 611961 81478 8970 9884,13
104467 118062 121513 125845 125846 199564 221672 23704 23756 29114 329951 4716 472303 49246 661720 666150 72469 740774 791809 802261 8844,138
112063 127721 132147 134673 18138 18471 194261 216907 218721 23728 24275 265618 26882 2827 29777 33191 338929 40562 406479 46353 565514 575799 575804 575805 58491 61461 68160 6885 69068 709661 72521 76963 87186 94485 94626 94627,40
101839 10240 126140 126437 129192 130298 146991 171232 177325 195445 19583 195916 209727 27383 280404 296355 32716 331159 35176 353905 377703 383693 398778 398779 398780 398782 42020 45189 47278 512851 51697 522265 52519 527858 53388 534051 542717 68407 735177 756348 764280 77151 777162 805850 813520 813521 813522 813523 813524 92453 9681 98556,5
106140 121234 121882 143851 16167 18771 199232 254576 266564 269989 27970 340229 37510 375704 42000 451344 483345 49026 517523 69188 709384 76707 792994 822886 9208 9210 95572 99504 99505 99529,14
100503 109765 117366 119781 12016 141912 160294 160806 163526 169584 18158 198507 20633 210025 304256 310593 313136 33021 331159 3391 359749 369067 389693 452640 45496 48623 496425 50605 507777 515058 545565 552056 56823 57025 586268 68010 6869 724429 725587 73864 753210 753211 75670 76661 767241 777081 777116 777138 777141 806262 82792 832629 832630 90441 91795 99018,18
11676 122297 124524 131534 14500 156118 15624 161026 16694 17109 184767 188703 201164 231712 231713 231714 233362 246625 274625 31006 33386 33629 3436 35745 418952 48556 559319 57161 58628 6023 64955 663324 6869 75551 77148 78211 80748 80758 85527 9559,5
100312 101414 115040 116756 117947 148316 155496 214212 259134 31639 340108 352563 37257 383625 417051 417052 417053 43154 497635 57437 61048 623566 64935 716363 838479 90501 90622 94813 94814,13
105352 108825 11828 125874 234052 25976 267806 4100 419421 43398 463151 54026 570631 570632 707998 755543 789964 808790,5
10988 11278 123708 123709 12510 160021 19585 220525 26241 323276 342956 354169 540790 58833 608585 631309 6471 75245 810861 8656 87534 9061,7
116495 131615 135365 1397 14177 15302 160056 160057 174191 191100 212059 220963 262368 28473 30557 32344 32525 326025 32615 32967 34927 368850 37448 378982 379708 4014 405920 407106 44077 48371 515193 51873 51890 5293 537327 588300 63374 63758 659889 659890 70047 79112,7
1078 112196 123432 15376 15536 175309 176850 327905 32915 3768 443249 45509 45881 51739 52517 56845 60778 60841 704610 84985,53
107383 116372 119141 119142 132111 158010 172809 17564 18087 18348 20541 22086 229868 253968 25512 271341 289545 352487 37510 39900 40072 46825 49452 496419 527260 5275 658009 659634 67279 68407 758640 79904 815552 819823,14
11056 112297 118962 118963 121500 14112 143700 14697 16348 172838 180309 180683 186461 19460 195147 20285 22332 23440 23537 244908 247011 24791 376631 41334 41929 4706 491119 50347 5229 52485 544 561208 61051 64845 67849 68425 7543 761039 8195 91389 91527 92177,6
105919 108639 11272 122459 135829 14588 167820 171161 185893 19412 20320 20622 23617 23755 253814 314624 317134 32101 328730 328731 3522 404796 410372 464102 4926 527656 56936 58551 618408 686856 9893,7
100249 128754 12985 166810 167564 17654 213242 224801 226978 22845 233993 244762 308248 31210 37597 38089 527519 57015 587451 64197 64276 6480 64836 69068 76963 97199,40
13321 142259 1487 181800 217368 225768 225769 22637 255505 2593 30118 31619 329803 33852 385617 39915 462316 558815 610121 664100 709890 73743 741784 742994 9305 93680,14
105661 10756 115830 12023 13167 144061 146230 151091 161842 189719 22189 24208 26331 306879 327 337645 339932 3459 36760 394398 40476 433587 433588 45211 49712 49753 53351 59576 60550 69464 704243 75354 754630 96206,74
116147 124158 139751 142054 160720 190408 19630 19769 20795 216804 232016 23707 265004 303872 369207 37571 46781 4697 47188 52913 53590 59333 597834 70387 75274 8912 89685,6
15131 1533 154972 15886 179198 179985 185789 19319 22600 23878 287001 29847 29850 31228 32896 389624 416327 422441 523839 54884 558036 558038 643139 713097 713098 814215 85631 96999,22
10142 11643 120826 128146 13148 14558 145854 15834 15933 18799 203495 210577 21059 24047 24866 254618 2593 26652 268126 332357 334969 35669 376141 4157 42185 49059 50134 51327 519488 54457 5660 57675 66712 78192 809262 92225 93707 94179 9962,7
102921 112724 115837 125665 169322 169326 198090 24165 243913 26776 270650 304378 308563 324972 389565 419804 423169 42884 449987 45619 5302 54747 674317 6874 786058 816800 816855 831388 831389,13
100578 117609 117996 128369 14639 164083 16697 204829 22510 246721 250767 28410 293580 30009 300406 302196 31316 340515 393518 425503 446278 4685 490343 54531 577491 58378 621335 64923 65326 71328 71329 73299 778263 801755 81807 87199 98186,9
111905 13600 154584 22771 2461 260777 291659 32870 333614 341260 350117 350118 381652 45588 468753 476747 511 668680 71802 7997 92188,14
10755 109151 123545 128729 129099 134014 140429 148105 196052 204897 220859 224340 23110 234611 23779 25683 284139 307549 320281 321441 32975 35505 39117 41550 42168 42169 448959 49909 54563 553830 60651 626183 88662 91875 98180,8
101106 101903 12292 130567 183889 189090 19589 19790 216876 233806 25383 336298 336299 34819 371502 40143 413546 42927 48645 49901 55840 599317 677506 67935 71431 763932 82291 82792,7
101729 119140 119834 125663 129576 136570 16961 180046 18780 19393 22860 2386 293660 30338 31224 34597 361515 37530 393144 39919 42469 47273 47274 486815 519363 57575 58659 59199 59200 593013 6046 60887 62575 70195 71304 72407 72837 736864 74438 74542 7455 74860 80021 84580,23
107084 117782 120741 12177 135255 14624 239140 31558 369927 41468 434855 54375 553214 553216 55652 558459 562315 61560 71595 73785 78192 82281,26
100215 126553 1596 159813 170712 23619 23620 240240 29550 32344 367160 421257 471109 57716 69280 6946 707019 75058 780498 78083,5
105908 106268 111978 11374 126869 136233 136814 14276 161883 173858 185142 200855 23134 33452 36322 364672 36853 396593 424373 43475 43658 46978 48279 519742 535825 54320 582074 582637 58862 597856 597857 63019 69035 744281,8
103377 140761 17367 218780 218796 26669 291650 357468 357621 3702 455731 54334 550951 57813 633183 68058 69068 75514 76963 77869 81257 86029 86706 86708 86709,39
108574 11861 119445 13267 138757 141195 14495 157441 167986 169613 175439 19663 20917 22358 23356 251961 25668 25895 26129 304563 30981 33494 36840 368712 41901 43781 438075 44440 47651 51533 5289 5941 6112 66672 6728 68017 68557 7715 80514 832931 85953 8709 87143 8973 92235 92236 96821 98966,6
103807 110743 120330 12284 127713 143763 151853 164852 179607 261839 278668 29917 367646 37343 38142 38151 384569 387941 39574 424785 429323 47972 481464 501817 511 51885 5347 536433 550614 55453 561073 564512 56502 56687 57853 60002 624994 633304 663263 69243 741545 741667 752955 754429 96786,15
104587 109557 110995 113646 131218 134773 13840 141310 149091 160515 17885 18158 190029 21153 23983 25150 283995 330093 332120 33446 41331 41774 4192 45564 45688 481465 48417 48506 522411 554552 584234 588551 64041 6705 71874 961,5
101128 11307 115922 122652 124321 137978 13824 13825 140843 153185 157715 159037 26072 269394 283247 298775 33057 372460 378451 44146 452060 45619 48526 51828 52645 68174 69681 72800 73763 748951 86020 93446,7
10347 139957 204701 205408 20839 214315 223950 28075 317404 353285 35677 371473 460364 520972 61290 61363 65523 67190 690 79716 89242 98261 98933,5
114861 124458 128538 12889 12949 140259 141626 154618 16427 177916 20474 22446 24183 27799 29944 307250 31485 407848 40984 447894 46202 54352 65943 827582 87422,13
101674 116091 116092 137407 169929 210552 22305 22370 315387 35519 37305 37597 39604 4265 473197 537242 550875 67709 67710 68923 752867 76328 777759 7921 80250 86418,6
115549 115550 127419 144901 165759 180889 200156 26379 272535 28435 341379 345865 40160 40603 438488 49753 50236 55746 735289 77478 839811 96846,74
100271 101110 104123 11255 120659 122197 132679 135155 14286 154707 17430 18009 19533 207657 21779 218227 25736 257975 26415 27435 27805 28096 287475 29147 313431 31869 324538 32788 34281 371546 38902 413720 420059 42168 490335 498947 52790 54185 55995 596505 61102 660116 671137 67894 74357 79013 88302 99679,5
107464 109071 130586 142924 156488 170461 189099 192593 222626 43074 441530 4954 49871 51742 69390 720587 76296 79182 79753,5
103939 10756 12566 128166 14072 167385 187908 19315 20194 23051 257266 27095 34095 48140 53861 57871 588747 73560 9061 9098,6
10060 13468 137407 137417 164038 191795 29353 30906 31795 31824 329083 35595 368056 39485 399204 422630 42579 4844 498368 53562 54126 54128 552741 664839 86298 94073,7
109221 119700 130046 138301 144173 16520 16868 191782 22697 24404 27386 27616 27703 281843 299944 310240 329190 346664 35135 35811 35812 4387 44355 705713 778890 787924 79023 85312,5
113166 113875 12934 130998 16871 17284 17908 186968 19667 201073 21227 279940 343618 34421 37001 43022 45435 502991 54974 639346 656693 783027 79027 79028 79029 79713 8115 87619,9
10035 11300 129455 1383 1388 140410 23416 24536 25859 26595 274777 290375 304045 33107 35008 36133 370010 40426 44449 45074 45730 50869 526551 63395 679300 774121 774122 774172 78699,7
102293 12454 13773 14634 162619 165925 16694 173024 179830 184750 203949 217042 245980 252104 26230 28685 28886 299046 299047 299048 299049 31653 34915 34975 358 36107 37172 3854 39720 57716 631288 677645 7021 706893 76245 829332 85438 8828 90464 91266,6
1110 115837 149100 16577 199538 210121 2442 294096 29588 33256 33418 366521 366973 3893 393886 42280 42548 522 673734 691783 70047 71044 71802 745379 99818,7
10691 11338 14801 14820 14821 179530 188627 19446 21792 23878 2455 34161 410323 43168 5398 625466 72204 78420 91410,7
10108 116526 12151 12248 12357 124710 125424 140237 147295 15336 157409 161086 175317 17690 177490 18621 2559 29664 33741 35486 357229 35904 366954 39342 43472 439709 4749 478293 495484 510045 528046 53631 629131 67253 74957 752124 79503 837540 8969,9
100831 14121 14954 185647 208120 208121 23867 303757 32908 33416 3771 39306 41262 47159 48232 48739 5073 56449 566629 599173 65197 665224 724477 741134 78293 87695 90300,5
102654 106159 116414 12427 135072 135844 142233 19457 217428 22769 23948 251287 323559 34424 359791 361188 384613 39833 480397 48553 491619 610178 619843 69942 71172 75280 76874 8408 89534 9061 90648 92950,7
116034 120549 126346 140708 15274 152743 15281 15963 184083 2126 214340 219367 269043 28352 28383 289327 289328 304117 31389 316411 32381 3239 32967 39188 435590 456726 48087 49802 573795 573796 58893 63210 64122 67979 82480,5
113496 113869 117681 12706 16010 18588 216739 2204 23844 24604 252218 275301 33727 34118 351063 359308 361175 361905 3722 39565 42163 52164 525181 55286 55379 64571 65181 66254 77420 8327 8775 91237,6
101833 16595 229323 23776 23980 258225 26417 30583 308349 32562 33236 33811 357765 43027 48113 514627 528367 53349 561995 57066 57498 601664 634570 729835 7732 7966 85029 89673 90283 90285,37
10050 102900 10725 108381 118811 121266 121267 122946 12653 142197 156408 16523 17340 181395 182440 184917 190032 204913 27305 348886 385018 400925 415338 50119 50120 50121 50122 51446 52331 534173 60890 65476 71301 72932 845264 86283 94404 99987,7
111662 21881 22448 22686 22791 236188 255366 27076 302282 32009 35567 42059 462196 53472 55131 570776 65090 69897 7081 75503 78814 81659 81678 86951,6
101690 101833 106277 12357 125915 129023 13961 14842 15310 157141 166724 179007 18527 188491 20709 24926 329519 35876 414 42639 43307 57262 736699 763184 93402,5
11746 14397 177196 18049 18833 206289 23707 25702 276546 28396 31474 37662 3906 392933 398592 40271 41714 431079 45240 51201 513998 52624 532316 53958 556397 679551 72451 7750 79353 82350 83202 88631 91425 97710,6
100461 101105 10585 108862 111042 122358 126882 135924 15539 176209 19620 210670 244554 286021 29547 353145 37245 372978 437797 44355 4469 44810 47349 49229 512642 52385 536 53897 625 63689 715 79129 92006 96805 9825,29
156930 16185 168254 185199 185978 237612 25518 288 28857 333181 381906 42271 44782 45539 458356 47816 53216 599308 63302 64717 67382 690426 712453 712454 712455 729247 732157 84245 9347 94936,5
100380 10390 120792 122591 15050 156206 16908 175864 184171 199304 22378 224531 26277 28766 34700 41610 42185 738948 797705 8314 9852,5
115646 216906 219125 23985 27260 300742 329290 34196 348757 35372 35868 3617 37360 400705 492929 62995 674896 714 76328 7760 779737,9
106263 142241 14278 155883 170530 189267 194109 21267 215309 220659 24775 382495 397869 397870 432806 48218 484086 53307 59106 61240 61560 714845 82975 83210 83503 87448 8797 96034,16
109456 148060 18462 194109 20410 26504 43769 55819 55969 724872 73699 762823 771558,17
10264 10394 150484 189003 20036 22079 271441 311209 33671 344592 362698 378737 414677 42264 44076 479524 48623 50225 539731 58788 59209 60192 6398 657761 70999 9800,12
105275 10561 106694 106817 108152 129288 130597 137539 145169 165819 20788 23246 24126 27506 275595 27892 279518 28372 30446 307024 33564 3472 35782 379080 43504 51770 51771 57153 59981 60970 62320 637957 64893 653145 788011 804203 83575 8408 8790 94039 98398 98399,5
10347 106878 146361 19552 201340 23258 29733 307332 32902 35278 419697 42028 43489 43963 45647 489043 49178 507434 515772 549021 5810 61616 646628 69068 708999 76963 96284,40
10060 103581 112539 11604 121644 131179 13360 138535 14187 142416 14679 16917 18088 19034 20924 219738 23118 231852 25627 288 31448 31832 35359 40921 41663 417303 4230 43495 44589 46988 51263 60242 79976 82132 831987 92742 96445 99284,5
10163 106240 12446 169 173689 22451 225465 29879 31677 3418 34199 46085 502428 63028 85093 960 96842 99820,8
110475 130030 1363 13915 146356 1487 16573 204977 247107 255569 263420 34223 40323 42284 446703 49753 515445 56271 57252 60976 625 677519 68960 704671 737207 78083 99666,76
104466 11024 11370 13699 14223 163524 17628 194203 202378 21395 21894 2371 25137 264282 367436 367437 42294 43603 50855 526890 52728 551036 7724 836905 8591,5
100570 107970 118543 125163 131940 161339 186273 225533 305985 342240 37051 37510 48902 62764 67198 82624,15
109155 112901 116238 128575 13743 14430 148791 177996 243926 26033 27095 32908 34649 348295 368135 36831 3780 39184 41563 42454 435057 45233 4551 48875 56372 59563 636207 686875,7
102999 109066 142285 150088 17028 171635 18823 195400 217764 224764 23361 234927 29250 299071 302653 35585 357440 41991 440865 48202 499947 499948 534806 632749 69485 717433 725233 725234 7934 819202 8304 89144 8982 99854,5
123008 13112 14194 150203 166027 182099 18928 191437 20266 21947 241340 297187 32642 417523 42831 45502 45503 4790 4793 481126 485189 501667 5377 54026 55723 56483 609936 61517 799094 87456 96575,5
12211 131760 14354 18325 188995 189134 205103 21142 212911 23027 24491 257341 31557 31561 32259 32734 34102 343576 350112 35345 35791 37023 372794 395042 41338 44004 48848 50789 513615 521044 574233 60454 60516 62618 640487 73672 75546 82959 8656,14
102594 10756 114232 126989 14504 147469 15471 17282 18196 19262 20215 20879 21388 214570 219221 224412 232081 238164 24034 2628 26790 268805 27120 27128 277544 277545 297042 301782 30547 32704 336955 33767 37652 382487 44316 44580 448012 4892 49812 50111 63903 757748 961,6
102495 104211 104493 121786 126620 13714 144534 17192 175119 17976 188064 19613 20662 21290 237722 23919 24140 250261 25584 260106 276055 27970 297782 3106 331216 3400 349547 352408 37006 37008 381201 385511 38917 393629 423204 4309 44464 448655 450977 45333 45899 462096 46841 47339 48850 516849 52064 52799 53187 54430 54606 556667 55965 56122 56463 58441 58723 603792 612520 6215 64893 66657 67543 67890 68074 68229 695875 7186 722819 72287 73683 74166 74227 74440 76296 76344 78241 78540 78605 79951 81334 848181 85952 86532 89337 90844 91721,7
136066 14275 154826 16729 170485 19812 203665 231786 235235 32319 412989 428251 45772 5347 58941 682734 694235 729092 734480 845334 89950,39
102070 103507 109599 110867 120981 15333 175357 208137 212217 29689 3212 328486 34528 37928 525439 54009 54429 68697 68984 85484,8
120439 122266 130916 130917 130918 147136 148445 165765 17027 17029 19722 21387 231531 231532 231533 252744 31549 32251 345180 375093 37863 39797 429585 44236 443643 49678 60363 60843 62955 64406 65516 66122 697596 70100 739938 7420 790463 844811 846441 90417 90997 9218 93036 95799 9697 9774,9
103708 10613 113451 129223 139856 139858 147779 19540 222905 224779 256668 26117 29879 34163 378352 3853 446702 475319 49161 51254 575149 633415 633444 679317 68025 69821 731277 73230 76186 7661 7662 88654,9
105319 10581 10610 109357 109358 122039 124139 12916 131190 133619 144868 145186 16255 167460 17046 171386 175948 184526 193708 195779 20073 23151 232171 241283 244474 255497 29220 293384 31558 32420 325859 33787 34947 36690 41152 49802 54219 54875 55728 57390 58963 71925 72224 82210 86000 86481 9693 98471,26
102539 103502 106521 108019 146442 16773 236082 2582 26230 26232 269111 2833 294764 400449 400450 41957 44307 477829 51616 54516 60887 622558 699188 706463 80061 82498 93908,5
102139 10461 11210 133438 13440 135797 136902 136903 136904 136905 136906 136907 136908 147924 150072 169484 21790 26194 264387 276169 285568 32245 33107 4346 544252 63535 66758 7317 73401 758775 7921 79730 819824 83345 86092 8964 9088 95135,10
11102 11239 11636 124751 139852 140674 15662 18369 19322 203410 242192 24293 26504 27281 274568 2961 300851 338445 34711 34712 34713 408350 41663 43554 44979 47783 48640 50345 50631 54087 55449 6006 60966 624955 62529 64903 669073 68518 71114 7269 74344 84749 90895 9305,5
103581 110406 14624 146756 158464 174070 182123 182124 18629 18861 19331 193521 221895 251567 26496 277702 28237 29365 293652 294672 30558 319034 36908 444311 444312 501744 50968 5195 612903 724283 78999 81007 842613 85631 91794 91795,18
10772 111681 11359 23284 27909 28017 28083 298395 32060 32397 33273 339675 35791 391942 442573 47804 492719 55404 554212 7456 74634 77002 85888 89038 93446 94813 96720,11
10984 119260 146613 15809 220367 220368 24129 24876 262247 262777 269984 283015 2864 327064 391655 431398 47184 495832 52302 624791 67107 67485 745259 770263 82854 88633 96858,14
119557 15385 15501 16018 19087 213357 28457 28975 32562 32701 360026 37604 399088 43770 459949 52120 53496 542812 54735 557841 57369 631558 65922 68031 68964 69263 78716 843389 86903 89562 91341 9427,9
111301 131730 14320 144189 146062 152671 15472 203075 22446 230193 289367 29186 303723 32287 367122 403984 407810 47429 48511 557169 558940 6027 68016 71967 73429 843317 95886,9
11931 120741 12475 152557 158427 174072 174422 186958 214415 21505 222209 23884 26341 28289 30303 35615 37114 39252 405170 68014 701662 732856 735254 75093 801982 851193 86829 98177 99891 99892,5
10718 12013 124319 135582 13589 15623 15986 170167 190681 2008 25137 25712 28733 314007 314008 314009 40900 42024 438932 496421 54668 550875 558847 567972 629333 65409 6578 709367 7120 806551 8209 9061 96419 9665,9
12499 15050 15416 1646 16966 17382 19036 191138 19355 210577 217075 29663 29786 32083 33001 33872 34195 348711 387745 40283 44309 48832 587259 589 60991 669908 7166 717 729229 741128 749412 800930 801182 801183 81678 8314 89961 99101,5
102111 103505 115738 117993 133785 137799 157364 1635 174693 181024 184493 188132 195299 200354 202839 20582 214801 230610 239813 29944 35639 366015 380545 46764 475233 496499 55144 55821 60724 651200 652455 776733 784750 93241 97595 9771 99872,6
105960 115104 116831 140507 147550 15863 173467 17614 17623 191064 22133 24180 26035 28820 3212 330483 330484 361025 37640 42251 430259 528539 54667 577276 594912 60126 606545 69234 716585 7583 769862 8283 91922 9799 9835,14
103664 106746 106747 106748 10954 120351 129708 140448 15309 215387 25860 26224 280910 39493 40055 40057 40256 51789 5238 57640 598006 64178 64241 70262 78482 786612 800753 84343 8489 85574 86490 9156,30
13094 136470 145452 145675 145676 147469 175352 213928 22717 296614 316671 427682 449055 449056 449057 58183 5926 616017 631771 654086 654087 684861 71865 91132 94813 9906 9951,9
10346 107342 11365 118782 128774 130898 233594 276933 394716 4388 596732 69924 85631 86918 90196,16
102460 119762 12190 13316 134070 15617 163884 168362 170993 200584 22980 236710 257879 27141 2812 283038 30347 32101 32494 36322 36690 37404 41950 44602 47051 534141 56924 58142 59504 61279 65476 67076,8
111024 112454 11322 119228 13675 16862 16936 17317 18550 200702 212099 22637 250627 29245 40670 411867 418118 418119 43479 47680 49593 52949 54383 57988 609945 640363 640364 73028 74226 78083 851661 851662 8856 9324 98186,16
102239 107800 11537 12964 130355 145156 16641 16825 17358 186651 198297 215003 21765 285052 292457 34213 410993 413430 510517 5207 63988 77420 8864 89471 96137 983,5
149242 151246 15185 16123 190995 20198 2131 24649 268766 275282 27883 28875 362911 36711 42200 42472 4265 42942 444794 444795 44520 455233 509498 562373 59795 646266 646267 66364 72547 72922 7742 8898 94682 9838,18
10114 102928 110776 142527 151247 18708 234320 285131 2956 30390 32915 33035 346596 35220 368921 38393 40682 45222 490321 502018 574169 61291 68660 778127 83875 84712 9285 98229,56
10444 106447 125184 14082 15854 15923 175502 1779 19667 231421 29077 30127 36328 36329 39554 412278 42837 43024 43638 44719 533480 581108 83700 96979 98522 98523,9
110586 130499 15062 16481 16997 19413 23284 24150 26451 28742 29682 32915 345690 438352 51925 52762 57955 701708 73740 749570 97032,54
106152 118641 13585 13983 160015 17665 228173 26805 28177 2864 32945 347654 35439 41032 496404 527994 59914 59918 63765 724629 724630 724631 725431 789182 8007 81982 830960,16
11248 138431 140348 17187 173746 18430 186391 215708 23223 241552 27431 30163 327576 363825 400554 418471 447296 502299 534728 60555 60890 617122 67203 68073 70799 728282 841219,9
10211 109166 136934 142598 149473 186556 19014 199843 234685 23815 25996 27392 29312 30873 310055 35142 357235 361132 39669 44357 503293 526889 530249 538590 563642 636213 68704 69200 72189 7396 742313 74751 755642 755643 770766 7856 86444 89709,6
112481 13015 14376 14504 181683 190070 192123 24709 251052 257935 268099 280536 28784 347384 38868 39517 410359 44375 501734 50553 52186 64328 69068 718439 747367 76963 811361 840868,39
132525 15949 172928 19263 219572 23410 28385 32526 36039 4245 43729 5008 52588 53946 57380 594983 64448 66980 67159 67356 707932 74174 753522 783062 78402 93994,6
123929 143887 14524 158125 165043 17948 214064 28483 284847 28875 29971 29972 315559 32407 330010 350551 419937 51083 51665 54568 549356 61049 656 792042 84534 92574 92590 9757 99945,13
107414 108420 11123 132457 132829 162186 162747 168926 182088 228169 244840 24490 249797 27171 29475 313354 317418 32621 330020 330916 330917 355601 40335 411979 50602 50657 549504 568272 568273 57430 594332 607205 615456 657745 66650 716890 716891 726963 85905 8617 9313 9753 97739,18
110894 141232 177589 190285 22070 221196 24550 28186 289927 32915 37485 46661 495271 51110 54649 578097 625576 64973 683277 71913 76933 79717 837 8675,55
11092 115512 115873 118866 124927 12737 12955 135528 147765 191796 20407 22667 28858 335489 362541 37096 38193 421199 520623 532902 60274 6107 68997 708488 71363 8464 8523 87105,5
10208 108307 111857 163230 166381 197770 222635 249964 26165 26166 295051 364731 39493 40850 424395 45262 454747 45518 47146 48593 496669 512536 57794 609550 62338 71910 87550,29
10249 102999 103000 108318 148576 148577 150365 156153 15957 163008 169548 18861 189201 200965 24404 285548 3404 35585 386826 39212 4403 44725 44726 477376 477377 49071 497724 503924 503925 503926 52011 54092 553248 58428 60742 61403 6453 66667 686835 7414 809554 94664,6
101635 121440 123855 132329 140422 144332 152348 17086 17992 22129 26439 28183 29014 30178 30189 31349 314520 32635 438189 44740 4706 474595 489 538827 54094 56916 58586 650659 695678 697076 76773 848698,11
129940 13174 17070 17071 21722 217334 227936 228316 23356 23410 253960 31079 313410 31349 360420 391293 39689 44483 47752 49560 525342 768901 7759 7760 7762 81991 87559 94107,10
101672 10191 102532 102898 105271 106541 108175 108176 108263 109522 109724 109787 110185 111569 11201 112786 113305 113405 114199 114906 117082 11776 117929 119177 123126 124646 125380 126618 127536 128618 131184 132115 13266 133769 138558 138885 13906 140626 14092 14278 144548 144741 146136 147492 14843 148958 149195 14927 150138 150583 151729 157550 16218 162479 166722 166848 167303 167413 167429 17628 178126 178700 179159 179773 183603 183638 183647 18824 191048 192283 194705 194706 194803 195476 196341 19685 198710 200283 200346 200382 201816 201817 20386 204081 206577 206652 206735 207914 208863 214269 21434 216728 218054 218374 218455 218980 219032 21963 219860 221036 221499 222041 223052 225432 22605 226118 227401 22895 22898 229212 230518 230696 232708 232709 23517 23525 236572 237477 237520 238039 24208 24518 245315 246164 247577 248488 249768 25126 253039 255071 256170 25844 26218 26273 26770 27491 275391 275392 27672 27794 279515 280356 28314 285103 285401 285411 28654 28685 288560 289574 292977 293232 29420 294339 294402 294403 294809 29930 304263 304596 30698 307135 309133 30930 30944 310970 31324 31331 31850 321232 321233 321586 32725 3284 329651 33107 331832 331880 33369 334531 335029 33584 344933 346793 34804 348995 34966 350817 35283 358956 35975 36107 362189 362324 36298 37017 37187 37246 372822 37299 37374 37382 37410 37412 37414 37486 375168 376609 37875 37900 3791 381528 382644 393782 39454 395011 396719 400118 401579 40686 408811 408818 412877 41572 41737 417759 42028 42051 42163 431160 43350 433810 438998 43982 440739 445955 44870 44871 44941 452586 452862 45432 460023 460498 462302 464849 47190 475153 478340 478448 479963 48120 48260 48431 48646 48730 488549 49336 49422 498688 500914 501557 50168 50225 502399 504040 505946 50981 510175 510309 51474 515710 516521 516822 518535 52167 528108 528473 528859 52951 53348 534868 535246 535856 53700 537976 53811 54130 542603 550471 550682 550683 551625 55635 558082 559468 56025 56125 562588 56687 570102 575787 57832 57913 581602 58337 58513 58788 59154 592389 598052 59921 599426 60071 604895 606478 610051 610918 612466 615160 61661 620131 62404 624871 625580 62673 627574 633648 636015 638244 638245 638246 638247 65566 66279 66546 67113 68024 68479 68988 68990 69191 70011 7087 74240 75801 77183 77248 77282 78143 78516 83164 83903 84302 85013 86209 87000 88603 88891 91606 91834 92045 92793 94359 95750 9694 98714 9976 99821 99961,19
100024 100249 118151 118152 126133 14019 15490 165472 169590 177212 194882 207196 239572 25597 256515 282922 36959 40911 43001 530836 530837 53552 597327 60256 60335 60584 69222 99860,78
119243 124107 132673 14586 206853 20866 20867 32594 37014 37423 41532 45027 51187 534517 712885 84207 855584 8757,7
104093 105854 107085 12578 128714 131552 141474 141772 15169 157639 157956 20384 21624 22119 22599 230833 242350 246629 248686 250265 254435 254436 27045 272822 2843 29997 305649 30693 322457 330606 35523 40274 420226 438279 585897 60886 74581 94813 97171,10
105090 111705 122367 125919 153604 161085 16814 181777 20224 203596 225659 23870 271021 316344 3391 392380 400285 418876 437315 4583 465168 48623 502252 52758 69695 788749 795969 796531 798151 803766 803767 83205 8946 9753,13
101672 123208 13288 13738 148567 149108 15006 151243 15566 16809 180901 18724 189013 190168 197820 21319 222896 224084 226757 22898 26092 27538 299581 313095 32993 33414 33952 43762 50476 535101 57091 66159 68421 71453 8333 94118 99886,5
118320 122754 135228 169888 169889 169890 169891 169892 169894 169895 187668 199898 20310 214337 218108 228858 249098 254402 28116 28485 33906 366996 37234 372442 3830 38868 511 51107 53585 638739 638740 67023 72768 80097 80899 80912 86076 86462 9179 99655,14
11071 11442 12658 16101 256424 257109 25852 277376 283794 290328 31132 36056 37023 376759 38717 5018 573070 686099 705328 708737 725702 75237 779448 815717,11
102103 10591 10933 11260 12256 13794 145854 152496 16048 196293 202967 20787 21518 22125 225677 233710 255238 25938 273103 2848 28952 293165 301789 33493 33528 33888 34007 34857 385076 39112 411073 46106 46107 469266 469267 469268 511 529881 668817 688031 7462 814777 8590 9057 99522,15
101180 119673 17319 17581 21898 220110 315709 3982 44208 488465 62581 75646 774077 8456 87210,5
10887 11547 11981 119874 137349 146753 147772 149108 163013 18329 208717 276304 330319 34900 363154 369451 39919 41572 447398 45182 464495 487438 509942 51900 528012 54170 579753 580654 770103 801816,5
10257 106380 110721 116144 120854 131076 147300 164262 167236 183657 224412 229331 230417 280459 41029 44427 44886 450112 50403 504454 51082 52208 593799 665960 736646 762098 82496,7
111548 114410 12252 133997 143179 144868 160396 16643 18403 19402 20795 241225 247171 257046 257059 262450 28109 283661 29444 31619 316302 35162 408172 512159 53301 5430 545883 59418 692325 726393 778882 782468 841389 85885 95464,23
102438 120986 12164 12661 128097 130092 135478 136986 15918 160160 16439 17077 19527 19905 204469 223610 229995 229996 231987 238735 26452 312328 33458 37320 38667 44232 47223 48460 509775 534584 56309 56365 576918 577370 62889 637687 685586 685587 691535 74841 7942 848619 8628 9229,5
147880 159037 184246 224686 251348 256048 280377 314496 31792 403066 434006 465409 52645 57143 59797 643569 644479 65160 664900 762297 804305 95569,6
10347 108846 17114 173626 20968 232209 291520 304399 3698 37663 390097 397088 397089 39856 44240 443132 488660 493800 552461 64184 64482 653 71664 72254 79956 837899 837924 84062 85888 85951,5
104028 104766 104767 109649 111017 11504 124704 131345 140815 153826 157632 163217 164844 17167 18722 19335 23749 253829 28102 30890 35201 356553 356554 36796 42906 44704 5636 5639 632866 63616 66377 67803 682573 682574 710 7737 77612 805991 82225 97451,7
10425 104595 106991 106992 106993 106994 115873 127088 128837 17617 192090 21604 22767 239055 29114 30761 34819 348215 384439 384955 47682 478227 480307 48799 9654,6
10109 102323 132767 141054 143114 145401 163414 224844 22599 23867 24630 252842 30593 30624 307313 4060 416179 47106 50803 51493 594112 781346 802715 8464 86126 9120 95072 97169,5
105187 107891 111114 114925 144566 155856 173536 206391 208461 215387 215388 247421 258034 259575 27643 287920 300389 309430 309431 309432 317773 371817 383055 429588 43001 489545 492170 49297 497670 50733 60670 611530 836320,10
10492 113143 113389 114440 13371 14177 155774 163503 16641 197096 225103 229693 264898 27228 313781 32123 331814 36790 374700 442816 44773 474753 490416 50319 52709 55969 62428 64693 668671 6741 702873 740170 7920 8314 8815 9061,7
101903 103436 115076 12928 130614 132738 147286 172299 18352 19667 215760 235873 235882 246480 32032 37794 42716 449283 49424 5001 5002 503688 503689 51889 56833 574209 619458 619459 68100 68494 6912 75816 779556 839946 96555,5
148948 154000 18759 262583 264387 270232 278865 28231 283794 44334 495316 54026 59644 617307 65196 65707 711236 74003,6
100593 102873 11648 133052 133053 164083 173834 178826 18482 212976 23960 241979 25086 252315 26293 26828 280348 283663 28410 2864 32157 35136 37343 432226 4729 50243 519561 52588 54153 5832 65558 657605 69241 7012 7224 750402 754751 9903,15
10217 10774 119727 126011 13544 138672 143837 144641 186195 192148 196156 20377 22967 233821 282167 304998 32357 343101 361366 395994 404484 428642 50345 504282 504283 504284 52936 56605 57934 5820 590642 67430 6790 6864 78056 831570 8790 90983 9347,5
13831 147092 150191 17138 19812 199105 200568 242168 27051 35216 358495 37343 45910 46097 462308 47184 530323 618215 647449 78555 8017 80789 89396,40
13291 16883 182230 20407 214670 228928 299918 303817 368110 39429 433391 59413 64225 6481 69068 76963 774695 834286 88872 89774,40
133375 138485 154640 176484 176759 24392 30527 340539 34679 362877 4428 472618 4749 61484 656357 684651 71304 7336 832228 87410 9057 9347 99372,5
100696 112563 11338 125823 129968 190342 2256 374934 44232 462799 488930 53062 53063 69126 722234 78010 787058 856584 86641 8946 8979 91516 9987,21
112654 116422 117928 13577 147456 15760 159519 171815 17869 210024 22549 23051 23947 24627 254752 26315 26768 294552 31363 32205 327304 38733 436021 48456 52728 66867 70259 74019 780898 83931,5
