104620 105348 1060 10748 112617 11384 11495 12253 1237 1304 1393 14160 16001 162221 16841 1849 1891 19575 19768 19830 2034 2086 2130 214173 2186 2352 2381 246624 2508 2535 2620 274 27519 277049 323 3540 38 381 384 41 41925 42 427224 42814 431 44811 4573 49 599100 63844 6482 650 666 6701 6857 694687 7160 729 7788 823 828517 8989 901 9273 9312 96,82
100924 10321 1045 1048 10766 11123 116479 1245 1296 13192 1526 1625 1660 2027 20651 207 2096 21190 21463 21800 22928 24625 25747 2575 26385 282806 288063 3054 3137 316 3208 326 32937 333 337 3439 3487 3526 3540 35489 379 3979 400 4202 43 432 434 435 438 4394 4404 4682 4784 4799 48 4828 48472 49396 558429 580 58922 618462 64 66 69 7096 76 762 77033 7863 812 830 851 8700 900 9253 92760 9304 93766 9724 997,398
1021 104 112116 1243 1250 133 13596 142 146 1710 17159 173 1824 187 1903 194 19403 194446 2035 2186 2187 2336 23380 23403 2488 2611 2688 314 3175 323 3271 354 35505 3662 391 423 426 428 4562 4867 537949 5402 5411 5422 55309 5581 5695 5696 59209 59235 60 6189 6482 756 78105 79 792 879 901 9100 913 915 9488 9840,357
101839 113782 11618 11620 1233 12402 1243 1248 1290 1320 1337 13887 1445 144769 155686 1607 179 1856 1891 19443 19455 2018 21892 2320 235008 23666 252 25637 2685 2705 2712 2851 28838 296570 303817 308366 311 314 35196 354 3567 372858 376 379 382 392 41253 4271 428 49 4934 4991 5049 5074 513 5227 5893 59542 60 6087 612139 645853 645854 72260 731 7412 79 8020 8235 8306 8366 847 8535 859 878 918 9236 9746 97859 97861 98997,656
10502 11450 12130 12343 12893 13009 1301 13731 1419 1523 1637 165500 1808 1891 1935 22296 2282 2327 23628 2364 2500 2530 25591 2611 29731 3309 33669 3500 36284 37382 3831 394 425 44024 4404 445 4845 4847 4987 5064 507 5384 5456 57 58 5821 606 6395 646 68005 6968 708 729371 7311 7533 79 795 8257 8464 869 90267 96 966 97904,81
106 10892 1127 1181 12914 1367 14401 1442 150 1511 1514 1582 1653 1694 170631 1772 17929 1800 1856 18965 193 19443 20059 2025 2040 206 207 2082 2101 213 221 2373 2453 2499 25131 28104 2829 31 316 3200 324335 326 3326 34368 36832 3789 402731 418 423 426 434 435 44336 4535 45897 4724 4730 47902 48 48458 49 507 5175 5227 5727 5915 598 6002 622 67477 6931 7047 739 741171 8223 8673 878 8794 9243 94235 997,1113
102 1048 10583 106 1060 1095 111460 112002 112003 1174 1243 138 13879 14002 1405 1460 1507 1508 151 1536 15543 1655 1669 173 1759 176085 177 1798 1799 19340 198 19848 20332 2097 2142 2157 2163 2193 2194 2208 222 2250 2278 23 23678 23723 255867 2611 2662 2663 2664 2798 2799 28 29182 2978 299 302977 3037 31165 311906 32210 323 326 3271 3518 3540 360 36600 3664 373 3772 38 3818 383891 384033 393 40058 418 424 4288 434 435 435461 440 448 46536 4677 4715 4747 50802 5313 5502 57 57733 5865 6052 61328 631 64357 6448 6706 68 701 713 736 740921 743 752 7814 795 797 7977 7978 821 8322 847 907 937 95467 959 9680 97,936
10321 1033 1040 1048 1075 110701 1146 1153 11958 1200 1280 12975 13182 13644 14231 1442 147 152848 155494 1622 1625 1637 167898 172 173 1796 183 18425 1845 194 195414 2047 20665 2074 20876 2115 2164 2168 21904 23034 23035 23269 2500 2507 268148 2685 2710 2711 27482 290673 309 3114 312 3136 316 33087 33563 3508 35362 36374 382 4009 403 41 42 4202 422 423 43286 434 435 4468 44756 4558 464 48 4809 487 4937 496 5122 5301 5458 5577 5603 5614 5721 57519 5768 580 5839 597 6177 6853 6854 6982 7898 79 79737 80 800 84644 878 879 886 8989 8998 900 9404 9730 9859,571
10141 104 109 11340 114850 11667 1168 12738 12960 13004 132 1364 1367 14733 14778 151 15127 1514 15488 16250 166105 1759 1763 183 1849 188882 2023 20507 208190 20824 2086 222672 222674 223 2356 2364 237 23761 250 2500 2685 29055 29430 3059 323 3367 337 349099 3710 38258 410 41314 416948 443 4432 483447 483449 488472 488473 5695 5696 57 607 6157 6226 62532 62691 63 64 6448 65 676 6844 6893 69 692925 692926 700093 7208 7231 729 737 7555 757 79 8386 874 878,236
10378 106 109041 10967 111152 112594 11266 11268 1212 1251 1357 13636 1417 14206 14247 14873 151431 1539 156092 1561 1570 1571 157598 1600 1703 172 18594 1897 194 2002 2007 2056 2075 2151 21603 226774 2286 22879 231 237 23848 249 2493 2530 2622 29622 2974 315 33518 3412 352820 35628 365 38741 391 393 40028 404912 41 425 426 434 435 448460 48909 48910 5016 5028 51581 5508 57 57004 576 598 60 63 634 6733 702 738 748 7532 764 7770 79 821 859 86668 915 941 9501 9506 951,376
106 106549 10802 108671 1095 1168 130374 1327 133360 1337 13531 1364 1367 14119 1433 15273 154193 161964 169567 173 17600 17601 178 1816 198 199005 199006 2074 212946 223 23255 2360 242750 25223 25880 2683 27501 311 312 3197 323 3281 33140 333 342600 344865 3460 400 407917 4127 41653 429 434 44864 4670 49 5064 506653 507 5074 508 513 527 54637 6263 6853 7197 7595 79 790001 80 816646 817330 8207 83 8437 8632 87161 879 886 919 968 98727 9994,291
10843 1104 1181 119257 12960 1301 1367 144798 14759 1522 17299 1827 1849 2069 2187 223 23269 2364 24045 2685 2710 27566 27842 2798 2939 3109 314 324 33918 34321 3508 36563 3710 37301 376 38258 393 39480 41235 434 436218 4492 4699 49 4937 507 528468 5411 54185 551026 55117 6189 63292 6448 6729 6757 6893 7209 757 7804 79 941,227
101936 105312 106 13287 133629 14052 1442 1511 1582 17014 1798 188708 1891 201009 2018 20825 209 21282 2130 2214 236350 25558 2685 2707 2816 30368 305070 31961 326 3321 347 36289 38779 39725 410548 4236 429094 438 54338 5761 58621 5871 6284 7153 73524 737 8539 8647 901 9325 9453 959,83
1010 1065 1160 1183 11947 138372 1386 13947 13995 141108 15151 16068 1625 183 1919 1930 21459 22010 2250 2336 2381 2502 25973 2640 27122 2723 30062 316 32667 361647 3720 39839 41 410841 42 434 435 4404 44737 46798 4698 48 4875 534832 5438 5468 602 6075 6108 61396 629993 63 63545 704605 7310 735 7441 74869 7531 775950 77636 78 79 795 797 821 9029 9453 9892 99,482
1021 106 10703 10748 1095 11081 11157 112617 1168 11920 1194 12330 1302 1311 139 14052 14435 15152 1517 1523 15576 155894 15604 1570 1594 1622 173 17731 17732 17974 1808 181920 181921 1824 183 184228 1849 1919 197 198 200 220 2213 224056 2529 2662 2663 2664 2666 26841 2701 2709 2710 30426 31165 31568 315709 323 33299 3534 381 40036 403 41 42 423 426 429 4432 4487 4934 50465 50802 5520 5727 5913 63 6475 664337 67979 729 736106 742278 752 768 770 81002 822 826 8554 9181 9266 952 97 997,741
1036 107853 10843 10902 109767 110619 1147 11818 118659 12037 1214 1243 12540 128016 1282 131 13302 133311 1337 1364 1367 137016 1371 13927 13991 1421 14949 1511 157940 173 1749 176905 17896 1811 18513 193 2023 205 2074 208391 21373 2191 2210 2250 2352 2364 239994 2530 25964 2683 271 2774 27796 28844 2930 29864 3150 3189 3540 376 37958 381 382 3873 41240 424 42441 426 428 43 43300 434 435 4448 4475 4492 4570 4682 47542 4809 482 508 5170 52496 527 546 5502 5688 57 5836 59198 59241 6222 6284 6542 671 681 686 74 770 7704 80364 810470 8200 823 8255 8257 8437 85639 901 9034 913 94 944 959 96657 970 99,748
1057 106 10748 11298 11412 11450 1216 1239 1320 132271 132272 132863 133340 1370 151 15460 154658 1594 171511 17378 17876 181 183250 1849 187 18794 18795 19060 191 1945 2005 20464 2098 213 221369 2229 225634 225795 2263 231 2335 2349 2386 23955 24110 267 2685 2733 279796 2808 2838 287 28948 299744 3141 323 326 328 33131 339104 38 38393 3874 389477 40572 423 426 427 428 4305 434 435 439903 445 4453 4513 4736 4742 490 5404 5440 5506 5862 5968 6448 6551 6893 757 762 770 779 7895 79 7955 80 823322 8672 878 890 918 9181 9230 9544 9779 9977,625
1048 106 110551 11354 12447 127714 12944 12960 1311 1337 136519 13824 138422 139455 144785 1475 1514 1569 1573 1710 17207 177 183 1849 1883 191 194 2035 2164 2194 221778 223 23257 23813 24515 24523 2541 255994 2685 2710 2713 28129 293660 312 314 315 316 322 3248 333483 3498 3539 35496 3662 3710 376 38 381 382 38258 383 391 3928 395 4006 4158 428 442490 5165 5168 530859 594621 63 6448 6893 701 760 7721 7806 79 8082 8632 8776 88396 9041 9193 93987 9438 945 959 972 999,423
1 1010 1040 1095 110694 113945 11509 11522 11529 1243 1357 13781 1440 1453 150 1547 1593 1730 190853 201935 20204 210 22478 230370 267 2685 28 2813 3255 328 3437 349 40079 423 426 43721 464 495439 495440 5066 5371 5821 6893 706819 726 7677 834 87206 901 9237,129
1 104 10415 10544 1075 11450 114908 11913 11996 1250 1263 12668 12732 12776 13161 13405 135 13884 14353 1442 14848 150 1522 15584 159 1627 162763 1712 1719 17463 17929 1891 19092 19248 2026 208428 21236 213 22374 225696 22600 22663 2286 230019 23269 2335 2364 2381 2410 2423 2469 24698 2525 2641 26739 2710 2711 28757 3027 30435 30784 3089 315 31688 321326 328 337694 35336 3817 3892 4006 41 4127 41933 428 45156 4563 4653 4808 48745 4937 4941 5 50213 507 508 5106 5125 527 5272 54689 5557 5659 5777 596 5975 60804 6192 63 63072 641458 66048 685265 6886 7051 71373 726 7288 729 80 812 8202 8277 84731 8724 88373 891 89665 93 95268 974 9807,352
10006 1040 10549 106 1060 10790 113 113595 11446 1147 11514 11598 11967 123788 124621 1247 12698 1274 130000 13155 13235 13273 1357 13966 14210 143 1440 148706 1507 1508 1514 15622 16269 172 177 1813 18152 18291 1845 20107 214212 2186 219006 21931 23269 23917 2465 25075 2615 2641 26613 2685 2810 29011 299 313 3130 314 3278 32805 33469 3367 3449 3500 3596 3781 392 393 41253 4215 426 4459 4475 4572 4870 504 507 5114 547 5520 55677 5594 572008 58 580 5862 60 6157 63 6448 645 6524 65378 66 6888 703 739577 7625 7631 7669 777167 7782 79 800 83863 8808 8989 901 9775 9936,337
106 106131 1075 11624 1216 1320 13397 144623 14738 14739 15409 15460 1849 1897 1952 19768 198675 2086 2098 2164 2185 21888 2335 2357 235782 2364 2431 25 257227 2683 2685 28002 2871 3037 304 3140 326 3300 333 354 3540 38051 3873 3874 41 4127 4169 42 42285 445 4689 4696 49 496398 4986 52237 5369 5506 5731 5943 59695 6089 63 6893 70227 7194 729 731812 7806 788251 80 800 812180 822 878 879 9357 968,173
10134 104 106 1086 1095 114 1168 11699 12330 129765 13470 13528 146 151 1526 1571 15931 168136 186967 1896 1961 197 2005 2147 22952 234542 24931 267654 26780 2971 299 3147 323 328 33875 354 3540 4362 46387 469313 488 49330 532 5334 5581 5808 62176 631 69156 694542 732086 758 7672 7881 901 96 97 970 9721 98070,439
10177 10766 109237 1095 113684 1168 11864 11913 12174 1243 12490 125928 131823 13502 150 1514 1517 1523 15703 1571 16851 16882 1703 1788 1815 185106 1891 1902 2018 2058 2086 2151 2174 2416 2467 247799 2507 25078 25099 25223 2530 2565 26811 26919 2706 2710 275156 2755 28838 29209 299 3027 31350 314 3159 3249 328 37038 381 3819 3880 392 422 42285 423 426 430 431526 4490 46930 4726 5049 5114 527 5985 60333 605 6226 63692 639322 6423 6482 64966 67318 69 694211 711 7465 756 762 769 770 774961 786139 79 8101 822 8393 842551 877 886 9062 93 9483 959 9644,243
102716 1033 12119 1243 1311 15192 1526 16540 18478 19161 19619 19624 207724 225300 22543 23108 2352 2404 24817 24818 2598 2683 2685 2738 286362 286968 29799 3172 3308 337174 35127 356676 362204 38 3880 41091 4236 425 4424 452 47817 50913 5113 5186 554 5821 5968 597388 598 6151 7003 7202 744720 7669 80 8089 837017 879 9109 970 9752,82
10076 104 1075 12694 1282 1311 13224 1337 135 1359 1405 1454 15091 15152 155 1733 1800 18372 191 19251 194 19587 2071 2072 210 21272 213 2252 2286 2364 237 25524 263 2712 30381 3042 3073 309 315 3197 36319 372 3737 391 393 40342 41 4181 42 426 42834 429 44400 4658 4662 4809 490 4916 508 5106 5313 53693 53694 5594 56063 5610 57 60184 63 661 6716 69275 79 7945 80654 81133 822 8256 8257 8292 8430 85515 859 8684 8704 89561 901 91 9585 9685 98 9892,184
104 1095 11143 1337 134 135 13596 150 172 188165 19697 20005 20305 20890 217521 221780 2507 253424 2796 2859 30458 375 37705 3855 39950 41359 417949 427 4809 48294 49439 53842 58 60910 64902 699 70006 752629 871,50
10321 1048 106 11521 1168 1216 1219 1243 13017 1511 155 1593 1622 175364 180 183 18425 191812 2092 2191 2193 2194 225 2357 24743 2685 2713 2729 2732 27501 2881 314 3223 3309 337428 3412 382 393 405 41 433114 52085 547 5507 551 5775 63 6893 69 7571 784 79 8054 8578 9076 90888 9650 97 974,165
1145 1146 1181 1209 1243 1245 1337 144608 1460 15717 1627 1773 17788 186 1897 19035 1953 2025 2074 22747 24686 26419 2685 2777 28925 312 315 323786 32549 328 344791 354 38 386162 3879 426 434 435 4699 473294 48345 4910 5161 5883 5999 63 666 6686 687 6893 729 757 759 7677 7790 822 823 8437 886 9011 91570 9650,544
10421 1067 1214 12340 1243 128949 1310 132117 1337 136714 14171 1441 1511 15279 1563 1623 17058 17591 184089 187 188250 1897 193 1941 197510 209 21327 2164 23269 241376 2685 271 2710 274 295788 30371 30577 317001 317002 3281 3562 363 3733 3738 376 39352 395567 39905 41 41308 4178 438 461073 47955 488 5 50347 5122 5124 538 551 58 5862 597845 60 6020 60908 6284 6853 7678 770 7870 79 795 80 8054 8528 877 8944 970 990,1005
10070 103702 1048 1066 114 1143 114468 11515 11773 11870 1214 13048 133 134 1460 14984 151 1625 169406 1729 17538 19040 210 212 2164 252 2554 264155 2685 2688 27493 27791 299 3188 32489 3367 3441 354 359 360532 379 38741 39486 4082 4324 4809 49 4934 4936 507 5506 55545 668891 6941 701 735 7678 8297 8535 877 878 901,215
101737 1075 12340 12597 133195 14353 151 1527 1563 1570 1571 1608 17036 1839 1896 1961 20625 215671 23269 23397 2364 237 24095 2440 2627 28339 28795 29865 372 381 382 3873 392 428 434 435 49156 5 50347 507 55375 58617 680841 6840 685540 69588 7685 78082 79 8437 855 9492 9971,393
1016 1044 104936 106 1214 121919 1301 1320 1403 1419 14435 148433 15413 15433 160471 16392 167445 1705 17283 179924 1849 1851 1927 2025 2098 221 22564 2335 2400 243403 2493 2538 2627 2676 268254 2685 27199 274 28428 29279 2928 299 301095 319878 323 326 326335 339105 342287 3437 357 375705 38258 3874 42867 46878 48925 49 496425 53459 560115 57 63 636877 636878 6733 686549 6893 69579 7239 726 759 762 789211 79 810656 83 878 915 9500,214
1033 1048 106 1075 111813 1147 115076 11808 11876 12915 1314 13467 13636 13802 14890 15895 1800 1804 1880 19107 1918 193860 194 1942 204529 2081 21578 21651 2208 230 23269 2357 2360 2364 24283 25 2526 2540 2541 2565 2663 26800 2710 3037 306556 311 3158 33174 3652 3710 37301 411 4127 42548 427 428 445 450 454243 5065 508 5424 5581 5643 58 586 5951 6053 63 701 70477 7428 79 797 8047 808 8141 8257 8296 8556 8989 9710 989,186
102432 1036 104 10644 107236 1201 12368 1421 1441 14629 1523 1719 173 17412 1821 1827 183468 1894 194 2047 24068 244400 2488 254 2570 2688 31067 316 316264 32322 3276 3280 3324 35486 357 3596 37431 376 39185 41 42 434 435 4432 4657 48 49 4921 4934 4987 504 512 5138 518 53373 5682 56880 602 6051 612257 63 6931 708 72562 731 7347 76094 76326 771 79 792 795 801604 8115 8256 83745 9136,618
106 11072 119847 119857 1223 13235 136570 138004 150 1522 15895 1617 1744 1757 1804 1849 1856 1880 205 2130 217772 22041 230 23269 23371 23790 23858 245 24539 2670 28716 28717 29825 311 312 31807 326 3539 375906 376 381 382 3879 423 428 434 435 459 486744 486943 4870 529146 5371 554 594 6568 6853 6893 7194 7642 7804 79 8647 879 9710 989,431
10255 10256 104 105248 12570 126227 134 134066 135 137119 1441 1468 1571 16785 1695 172 173274 1903 192 20429 21828 220 2239 2250 22949 2355 24822 24966 253616 26385 2670 2769 3059 30741 3114 31654 320570 3276 3281 337 354 37152 38 3831 4180 4929 493544 5200 603 76680 7768 8065 8077 838 85586 8882 9416,158
106 10625 1147 11515 1274 1364 13807 15545 15546 1593 17033 172670 18082 1817 1935 194446 1971 2076 2081 2151 2168 2352 2500 252 25682 2601 2605 2614 26469 2712 280 2808 2943 3074 31 3158 323 3281 33892 3449 35 354 35591 3583 411 4261 4432 464964 46679 4789 497331 497624 497830 5621 578777 58834 60 6482 65384 658 6921 6985 729 74157 781 79 8231 869 8704 8886 89724 8989 901 9236,82
1007 10076 1164 1282 1302 1303 1440 1624 1712 1773 1856 186 1881 1897 193557 194 211158 2115 225357 23252 26688 267573 2683 2764 2978 3141 3165 3197 3217 350430 35305 354 3555 3710 37934 3876 422 428 434 5140 529541 541936 5467 57 5877 6270 6377 6440 72562 763537 7754 7806 795 797 80 8023 845718 886 9312,73
1005 107312 1095 1168 1237 1290 13134 139470 145 146 1460 150 15086 15460 15576 15870 1622 17913 18548 18857 193 194 206215 210 21056 214087 2232 23014 2500 25502 2577 2685 2753 28483 2912 3033 3289 345654 3539 3561 36762 37 381 3907 426 4452 48065 49 4994 5 50666 5161 5571 5688 5879 5884 5886 6081 6225 65209 67475 706 708 7160 741 748 797 822 826 83 8686 8998 9000 9062 9266 92720 93 96 9735,1153
10255 10256 103418 10364 10950 11443 117699 118 1214 1232 12322 1263 12732 13124 13531 13758 1403 1496 14963 1582 1617 1740 180 183118 187 21848 2266 233231 2513 25466 2663 2764 2790 321451 331 332 333 347 354 3540 37 37524 38 40 41 41507 42 5140 5200 54347 5836 64431 646 656296 708 72723 731 7938 8054 839 90292 955 97199 9735,126
1033 1040 107568 1095 11072 11124 11170 11283 114690 1214 12286 12490 1337 1448 1465 15105 1524 1617 1627 16459 16933 1712 1719 1759 183 184 1921 1938 196373 205 2100 23269 2338 241295 25223 2540 259537 2598 2962 30191 307194 31 31267 3148 315 315121 315122 316 3176 321964 323 33403 33404 347 35568 359 3880 3939 39497 40318 4502 459 4710 4777 53116 550439 569199 5808 634 752125 79 791 794730 811 8248 84470 877 87932 90 9245 9590 9861 9920,2067
10070 104 10552 106 10748 11630 1209 12175 1263 12889 12960 13892 139828 1442 1448 15257 1526 1529 15584 1598 16715 16827 169662 17583 178 17808 1849 18989 194 198 212 213836 2154 2157 216716 2174 223 2507 2565 2570 258398 2685 2769 2808 294174 323733 337 354 3710 379 38 38258 401052 401053 401054 4022 4396 4432 445 4795 4854 49 4934 52737 531150 5698 57638 5777 58 58921 6448 647 6893 6934 713798 759 79 822 8630 8645 92007 9563 9569 98 98173,122
1021 102335 103632 10625 1075 10884 11015 114426 12496 1301 13048 13226 13531 1367 13691 13804 1403 146 151 1697 172 173 173248 1892 1902 199927 20426 2047 20897 2097 21281 2151 2164 2168 23263 2352 2364 24411 246896 266047 2668 267 26916 2709 2710 2769 2812 28864 3088 312692 315 32720 328 3324 337 3441 354 35809 376 381 382 39012 394 403 41 42 425388 425389 42960 434 435 445 46923 48630 48734 507 5116 52255 527 5434 547 5506 5520 5614 5890 61 6382 6601 688 7068 731 7450 7494 759 773 784 8685 879 8882 9298 970 971 97595 9867,580
106 1076 107925 114 11615 11620 11651 12665 12666 1301 13048 14359 151 16091 1665 1804 1892 1893 19015 19821 21522 23256 23269 2364 237 2500 2530 2685 2709 2710 2755 2769 2896 299 312 323 32549 33563 343219 379518 381590 4581 47574 51934 5507 60 6482 677378 6949 711 762 79 800 8257 83862 8437 854803 89991 93987,182
10255 104 106 11384 122536 12959 12960 13235 13236 133 135 1442 14904 160316 167023 170414 1816 1827 1857 1859 2003 2130 2147 2164 217860 2507 252931 26468 26490 2685 2692 273 30873 331 3412 3470 3540 35848 36567 3673 3710 372906 3831 38615 39288 3964 3966 39843 40 41 42 426 430 43770 465182 4699 4802 4994 5161 5442 5614 666 72235 7494 759 7678 795 826 828 83366 859 8808 8917 9151 91964 9330,129
100983 104 104027 1048 1168 11694 1243 13628 1453 14662 1514 15447 161375 1622 17770 18591 198 2023 2351 2352 2465 2541 26598 2924 304 30966 31 323 3278 328 3281 3283 3300 3386 3539 35918 3872 391 394 4006 41 4288 438 47626 5 58 580143 598 6075 612382 63 7367 797 822 838 856209 9084 9930,199
1033 107 11053 1147 12785 1282 1296 1302 1303 13302 1367 142 14590 14614 1536 1800 1809 184899 18782 198 208940 210 2201 2250 22543 2609 2681 2683 2798 2805 3014 3109 3141 3148 3441 344654 365 403 41 42 427330 4307 434 455 4561 4661 4854 4910 4937 4964 4990 531 5506 5698 5877 590787 63 6857 69024 73650 73654 74 743 758 7804 784 80 81414 8242 8328 84130 84693 848959 853649 901 9589,117
100436 10256 1146 118327 1203 1287 1441 1496 1679 1709 1712 17408 1893 191 1961 2023 2164 2201 24287 2525 2611 2712 2738 28895 28925 306255 30670 312 3141 3165 333 36625 379 3868 41263 434 464 466449 49 5138 5161 5422 5581 5614 563728 57 5877 60 62889 63 6382 7485 79 80 813240 855 859 878 88243 9417 9977,203
10622 10822 10888 11117 113 115 116678 11864 11910 12322 1237 1247 1250 12657 12960 1321 14060 145458 145725 151 1570 1585 16006 164081 1745 17853 17896 181 1824 1827 1849 187 19021 1945 197 2004 2005 2034 206 2063 207 2082 2168 22010 223 23308 23337 2364 24132 2479 2500 2611 2620 2654 2685 27158 28 28716 28717 29341 2997 314 3187 3272 3281 332 3379 35345 3540 36625 3710 38258 41 414276 42 428 42809 42810 43 434 435 45017 452 455 46888 47073 471 4809 4929 5181 5509 5581 56368 5687 580 63 64 6448 65 666621 67838 68012 6893 6934 69667 73357 75862 768 7870 7898 79 7946 8054 8257 8505 8657 9276 94672 9637 9640,696
10476 1057 106 10886 1243 1248 1250 131 1358 1421 1561 171916 182734 183 186958 187 1897 1901 194 2081 21325 214224 219930 219931 2540 2565 26057 2685 283169 29097 300766 3027 3141 3280 329 3328 3367 35 36541 3736 39495 39958 4009 40400 41901 490 4910 4994 5065 5153 52238 5236 54064 5577 5684 5700 5727 579 5840 5877 60 63 66 6867 6893 6913 7100 7454 770 800 8086 8212 826 8670 901 9066 992,236
104 12960 135 144945 16269 178 1849 191 20372 230864 24539 24541 2500 2540 2792 315 31770 3710 3831 3873 4029 4059 423 4870 514692 5334 5442 54905 55476 5653 582 616899 6658 6893 7102 7610 79 795 83 8437 879 901 9190 9486 9608,89
102289 106841 1075 1095 1168 1214 124517 12813 1364 137283 141416 143157 1511 1625 16922 17058 17238 17308 184 18801 1885 20957 21848 22744 2364 237 240005 2540 2685 2688 28174 2851 2885 3140 315 316 328821 354 40 46873 4764 48 4809 507 51364 577 5808 58311 5926 60335 6151 626573 6524 6757 68 70835 731 738 822 8292 926 97249 9775 99 997,661
1 10134 104 106 10794 10828 11143 11443 1147 11694 11695 1183 1189 12174 1219 122557 1243 1263 13473 1442 1460 148 14873 1582 16379 178789 1800 184 1856 2025 209 2100 2134 214844 215247 215248 2174 2232 22883 23140 23269 2360 24395 251381 25814 2683 2685 2688 2710 27943 28717 2878 28864 2940 29659 29746 3033 32291 3281 333645 34746 3490 354 36625 376 38 382 437 445 4574 469 4916 4934 50299 5122 5196 5227 5327 5994 605 60938 62517 6270 63 64893 6709 674425 6985 701 7206 7507 7806 792 80 8202 822 8256 8297 9121 9626 972 9944 995 9998,168
10857 11915 11964 13389 1367 1371 137553 15009 1511 1571 18287 1961 2086 2200 2250 2500 25173 252681 268 2723 2769 28724 314 3579 376 4712 4777 5106 5120 5355 5588 5594 5614 5826 6818 7791 779587 822 8397 871 878 8812 901 9711,242
104 1048 11064 118857 1232 1243 1301 1304 1327 1453 15056 15968 1709 173 1855 1893 193 194151 198 213 2166 2189 2212 2216 2235 2250 229507 230 2399 24005 2528 26138 2688 2709 314 315 3218 3300 339 34818 34830 354 38590 3873 392 394 408303 41253 434 435 43986 44104 4432 4448 4475 4563 4808 4816 4854 49 4934 527 5411 57649 586075 6052 607 6077 63 6440 666 6893 7122 720102 7206 729 731 73663 7791 79 792 7970 80 8195 822 840160 8428 93835 941 9490 9508,556
1 10321 10364 1048 114408 11441 11558 126572 1275 1313 1357 135732 1372 145719 151 172 180 1849 18553 1923 19936 2002 2033 203665 2082 20835 2128 2364 261775 2797 280 2997 3114 312 314 32698 3276 328 337 339 3540 35736 382 392 4181 423 43128 43934 44839 449 45596 498738 50106 5064 52255 5300 547 5507 5594 598 6226 6227 6601 667054 667055 6676 672074 67947 7194 7206 72459 77927 80 8207 8257 9273 9428,213
104 105115 1075 116457 126605 1275 13615 139 143 147761 150 1514 1608 16142 16161 174 17711 18446 1856 19443 20213 20216 20230 20429 212 21388 2164 2214 22147 2251 2282 235470 2361 2364 240246 2437 2608 2688 299 323 3281 354 37567 378942 379 428 430 43416 4355 4448 45779 4579 4580 50 5116 5227 5313 5380 55449 570 5871 598 59805 6002 6168 63 6462 6968 709 7255 756 757 762 788885 79 8257 8260 83 8487 8776 878 8845 9239 959 9718,392
10357 104 10476 106 1065 11158 1214 13019 13192 133 1337 134337 135 1421 1440 14505 148 15956 1622 1659 172 172092 17515 1759 18167 183 1849 185184 1891 1923 19331 20551 2069 2115 21204 21597 218323 2231 231054 23255 2337 237 24455 2510 25599 2615 26297 2733 2753 277346 277347 277348 296747 299 3027 3069 315 3158 3159 3167 3197 323 323812 344305 37573 38590 3873 438 47575 48130 49273 5028 507 5138 5158 51882 5200 5384 551 5773 620659 6448 688000 704 708 7194 733 7465 7595 7847 7849 7870 7898 79 793 8202 821 830 83612 8632 8939 907 9291 9514 9696 972 9822 989,327
104 1065 110 117877 12694 12773 1282 133 13303 135 136305 13953 150 1522 1529 1571 15870 1763 1808 183 1830 18332 18540 186379 19072 19919 209 2131 2185 2201 22318 23269 235255 24082 25 27547 2755 2871 3027 30381 304 3141 3144 32264 336 3539 354 379 45715 49 507 5161 52602 5719 5724 574 5943 6457 7244 72681 74458 80 8352 8487 8518 878 901 9506 9622 9983,196
10087 10088 10089 10090 1040 106 11069 11117 11122 1359 13636 143 15015 1511 1662 1729 1824 18762 1903 2038 207 2076 2115 2193 2229 22899 229934 2346 237 245484 2469 250 2598 261968 2620 265067 268 26996 2838 2924 29434 3033 3179 3208 326 3271 3773 3923 40256 415 4237 428 434 435 4444 4447 4509 45151 487 488 5 5070 5181 5313 546687 63 671089 6893 6904 7048 7424 745 75 7569 76 7619 77016 79 795 797 80 8184 822 8312 8528 8708 871 889 904 907 9156 9157 9158 9159 9193 94698 9476 970 987,485
102 104 106 11015 11446 11598 117366 1177 1243 1253 12960 1311 1321 1337 1357 1359 144796 1468 14709 148 1700 172 173 1849 1856 1897 1903 194 1945 20413 2042 2056 209 2142 218052 2193 223 228106 2286 2364 2462 2500 2541 25985 264986 2685 2710 2924 2979 303406 30371 3141 3309 3500 3710 38258 3854 3872 3962 4127 426 42752 432 4658 50161 517638 527 533604 5422 547 55325 5581 57 5877 598 64 6448 681 6853 6893 69 701 704 7163 7316 748308 76410 768 78917 7898 8378 84208 8724 878 9109 9236 93 9642,428
10645 10861 1147 12960 1320 13381 13383 1371 1518 157429 17000 17454 17962 1849 20133 20507 2098 212 212617 2128 215 2214 223 2335 237409 239550 24504 249131 2676 2685 30288 304 3230 326 3710 38258 3874 39063 39568 4009 420 4265 428 429 4394 46 48898 49 507450 57947 598595 6189 6221 63 6448 67490 6893 757 784 795 80 823744 878 907 9504 96888 9788 9807,174
10278 102817 104 10561 1130 12260 1243 1245 12474 134 135 1367 138 13819 13927 1442 146 1474 15137 1536 1712 17200 17788 178 18041 18454 194 20704 22789 2415 24326 2565 2638 266 2688 2690 273 275 301 3281 353 35895 3772 395363 400479 403498 41 4152 42 4432 44756 48310 48780 505 5114 529 5614 5891 593871 63 694 7122 74 7404 743 769 79 8386 94978 997,66
1 103041 106 114119 1146 11649 1263 1288 13253 13292 1337 13545 1421 1460 1465 150 1517 159156 16725 1712 172 17288 1735 174202 178 1807 183 189116 1910 193 213 21434 2194 23976 244861 2462 2465 2530 2541 25481 260 2611 266 27158 2808 28716 28717 28875 29672 314 3166 32132 3221 323 326 328 3280 3300 3367 3476 3487 354562 36625 3710 37626 38 3819 3876 393 394 4009 40241 432 434 437671 4434 46179 47941 4808 508 5200 5357 55297 55383 57 60 6177 63 681 7003 704 743 7447 768 779 7790 7983 822 8256 84961 85587 859 87 919 9236 992 994,175
1016 107 1095 1243 1337 1367 13927 14819 1546 1571 15760 16257 16381 1705 1935 194919 2023 207 209 20904 210 2164 218139 2364 2489 25626 2663 266396 2664 28 284526 3033 31165 312 323 326 329625 33048 351 3540 37 381 382 428 434 435 4448 4689 50802 51 5243 53235 53350 5507 55298 5722 5724 573392 5877 60148 60150 610120 610121 61994 62092 631 654 72685 752 757 79 80 802714 838 8437 877 886 8882 9237 9245 9273 9292 97455 9767,463
1010 1027 1033 104 10624 106652 1093 1127 1159 1162 1168 1214 1223 1250 1337 13388 1367 14120 14161 14232 1444 146 14998 1515 1528 1562 170534 1709 1719 1745 179473 186 194 2023 20476 20743 2086 213566 2194 22296 23167 233 2352 250 2564 26596 2663 2683 276 28104 2904 30208 315 3198 3208 32205 323 3254 3317 33424 3358 33770 354 359 37372 38 4015 409 423 42596 432 434 435 441975 44832 4857 487 505 5225 5429 54464 5456 55 5502 5879 61 6123 631 64 6878 7038 7194 7411 7454 7465 76606 7678 79 7962 797 812 83 834 859 8637 8645 8652 8746 878 879 8814 9186 95477 9721 97849 9946,743
1016 10365 106 1095 1168 12960 13340 140501 14421 145561 1573 16605 17884 182588 1849 188544 189 191 2002 2074 212140 22084 223 224510 2328 24334 24426 247 24935 2507 2685 27566 2769 30150 312 315 3166 323 326 3437 354 3565 3710 376 38 382 38258 393668 394 40 4006 411206 4124 41627 42441 4305 461871 46545 481008 49 505 5138 5332 550438 584516 60246 6448 6787 6893 726 7465 757 759 7788 79 791 795 8380 8437 925,170
101393 1024 106 129192 13254 13352 134493 1367 13749 13824 14385 14759 151 1517 15283 156348 1573 1659 172 1773 17947 17968 17969 187 187692 18967 20382 209 2098 2189 2231 2369 241 2420 25075 254708 25558 2583 25880 2662 2663 2664 26644 2683 2685 276003 28007 28271 28989 3093 3150 3158 32279 323 326 342114 34322 354 3587 392 40 4005 403 405 4241 4322 434 435 44262 44902 4668 48458 487 49283 5027 50474 507 512158 513104 51699 5236 54064 547 5509 55160 56750 584024 59248 5973 6197 62402 6448 6893 6947 7494 752 756 7700 7784 789 80 8031 819 831 839 8414 8632 878 901 90177 93901 9438 95529 9746,507
1 10856 1095 11580 12297 1296 13101 13388 13507 1442 146148 14984 1571 169567 16972 173729 1849 187 207296 2086 209 214733 227 235151 24523 25223 2611 27987 28948 312 3175 323 3276 354 361901 361902 3859 3865 40538 437 449200 47145 49320 52118 530670 5507 5565 5695 5696 57 5743 58 5836 583787 602 603 6457 6701 696 7208 784 79 792 815 8437 95127,188
101672 10706 10973 11115 11441 1168 1228 12330 124011 131142 147948 150 15806 160027 1617 162351 1719 172 17768 179 184 1849 191 2151 22632 252 253664 26123 2685 27736 2871 2941 294596 299 299721 30908 3147 323 3305 354 3540 379 381 38930 39184 39185 3954 40 41053 425 434 435 470818 472433 47661 48811 4906 4929 4999 5006 5007 5041 52080 539222 5429 573 59553 596141 596142 5985 602826 62407 638462 64 67706 69 6904 6931 704 74170 744456 768 78165 79 8098 861 8696 901 923 9273 9775 9944 9977,2890
1048 1066 112087 11274 122723 122724 1255 125747 1287 128900 130 1337 1367 143 145 145029 150 1594 168041 168042 168043 176891 177 18289 183 18313 184 187 2074 22151 2269 2369 24040 27221 2738 28547 29816 309 310 3109 3114 3130 314 332625 3386 355 390495 394 39943 40510 41 42 426 427 429 434 435 520 5225 54683 555352 5663 5862 607 61 63032 6646 68 6974 7447 753159 753692 7677 770869 77552 79 795 886 9285 941 9504 9506 9508,621
100502 104326 10884 10934 1153 11673 11684 11751 1263 132 142 142561 14968 15093 15116 1533 1564 1565 1574 1575 1627 162861 16882 16972 172 17808 1788 183 18425 1849 18638 187 19131 1919 193 19424 1946 19615 1968 20423 204873 205530 205531 210 21892 2228 22449 22879 230 2349 2360 23930 2413 2419 25436 26231 2884 311 312 314 326 347 3536 354 3540 37254 376 378074 38 381 3813 39341 394 3976 3979 3980 42157 4319 434 435 4534 4535 4680 480 48455 4888 504 5180 5229 524922 5411 54346 55954 5653 582 67973 6857 696 70214 72391 74039 7590 762 7631 7788 79 797 8065 822 8243 8382 8437 878 8791 88457 901 9041 9276 970 9974,413
1016 102946 106 108550 114857 1168 11704 12090 1301 1336 1523 15580 16297 1710 17591 17896 1816 1820 201235 203884 215 23454 2360 2364 2369 2377 262593 2663 2664 26650 2683 27035 2709 273973 28 289367 323 3296 345792 364720 37 3861 391 40162 42123 42124 42125 423 425 4280 434 435 4404 4845 50474 527 5419 559950 5603 56331 57 6088 624566 628104 63 64 6646 72520 729048 73167 73767 7510 752 81714 8207 8487 878 901 9029 9246 9504 9647 971,502
10073 1016 1095 11289 113369 11384 1146 12680 130285 132 13856 14514 146 14967 1511 1608 1659 18841 19253 19640 2047 2130 21433 215 21804 22030 2364 2479 25364 25548 2610 2640 2687 2694 282 3031 30548 3059 3114 3141 323 32502 3349 33918 3440 3540 375 38 381 392 41 4244 434 435 438 4389 44404 460 4685 4764 4775 48 488 50 506316 506317 517 5228 5240 5272 53188 55157 587293 5877 596 5980 607 61371 6221 631 6849 6852 6853 6854 69 7334 734 737 750 757 7747 795 8257 8597 9013 9273 9357 9949 997,500
10198 103247 10413 106 1066 113 11764 11773 12174 1243 1282 1311 1448 1468 15923 1719 1774 178 17874 18055 1849 1931 2047 20701 2074 2105 2150 2172 2174 2175 2193 2208 22413 2252 2253 23472 2372 24167 2437 2507 2583 2701 299 299567 3027 30481 3089 3114 312 3172 33885 354 381 425 434 435 45157 459 46301 464 4720 490 49685 5071 5279 538 5555 5759 58 5843 585 586 58765 6284 6499 6886 7103 734 757 7643 79 797 8547 861 8712 87242 878 886 966 968 99,535
1016 106 11783 1212 12308 12309 12608 1370 142330 1450 14500 151 1514 1524 1617 1659 184 1946 2014 20382 210 23007 2546 2688 274 2871 2934 3031 304 3094 31 32096 32097 323 326 354 355 358012 37827 38304 41 41815 42 4309 4404 4800 5303 5891 5943 7244 731 757 8312 878 8791 88523 901 972,2228
1048 108804 10900 11192 1243 125329 12643 130 131 132 13578 14572 1517 155 1735 1752 176319 17773 184 1903 1923 19297 194 20573 22574 238606 242454 299 3094 322014 3277 33518 3487 3527 3660 3668 3729 37485 379 3798 3892 3904 426 48037 48503 52479 5313 5653 58 6189 64 6884 69 69587 701 707 7282 847 849 8502 859 886 8944 90 9027 94 959 992,102
104 10499 11565 125832 12960 1302 13240 1337 13665 14507 146 1712 17751 1827 1849 186 191913 198 2047 2168 2174 21968 223 243 2511 25595 259999 2685 2769 2774 289670 312 314 3275 354 35914 3710 382 38258 421192 4244 429 432823 4389 4432 5086 5204 545023 577 5914 599244 63 6448 6893 70484 705 73608 79 8444 8781 9062 9182 9721,91
106047 10644 11578 116629 120308 120671 128118 1312 1332 136301 1370 1385 1388 14292 1442 144546 1622 1625 166299 1714 17506 18328 1849 1858 1861 1903 197 199465 201 2081 213 2174 225286 23117 23131 2352 239331 243413 24495 251685 25455 2663 2683 271 28509 2857 2863 2873 28966 293373 299 3027 3031 3032 3033 316 32930 32936 32937 3359 33613 3388 34787 367374 36880 395 3966 3999 411 41535 41614 426 4268 429 435 4404 4432 44501 455283 4561 46355 4712 47325 48 4807 4847 4978 503082 5049 532737 5404 5442 551 5626 5759 5829 584 58430 586 60 6004 63 694 706 711 7113 72277 7571 784 78555 7856 79 795 8059 8202 822 8322 8415 851 85180 8874 888 9402,420
1036 12204 12322 1301 13090 1367 13798 1382 1448 1460 14718 1524 1617 184 18482 1849 186 18792 2023 212 2122 213 2151 21513 21713 223 23460 2352 23556 239738 2701 2709 2769 2928 29933 3031 3089 31 3141 3158 3215 322249 3367 3449 355 381 3819 40 4022 434 468 4809 4910 507 5071 527 53853 5451 5565 5581 5916 68768 731 733 73896 754 7547 756 781 784 79 822 83 842 843 86903 901 925 9313 950 970 997 9977,4571
10624 10861 11120 1147 11519 11911 12311 14024 14877 1511 1526 1629 1670 17656 17788 18258 187 18801 1897 1973 2191 2204 23269 23630 2500 2665 26673 2685 2701 2710 27227 29403 304173 30503 3114 315 3150 318263 323 32880 3412 354 364605 3701 37334 376 382 395 456087 4562 45968 504 5113 513 54524 551 5863 62170 6255 704 718000 729 735 76650 7672 788 7882 823 8276 92852 973,128
102539 10415 10505 106 11160 119857 1311 1337 1507 1508 1517 15415 159519 1617 1824 1845 1849 2023 20701 213 2161 22438 2250 23269 2352 23628 2364 2469 2500 26123 281729 282322 2871 304 318378 326 3278 371815 382 393 4127 41878 427 434 435 45215 45221 508 527 52961 5581 598 60 602 6087 63 631 652 668765 68657 69330 6948 750808 7632 767651 7803 7804 79 8183 8257 8989 904 98,789
10163 1029 10587 106 11006 1168 117368 11920 12204 123840 1247 12474 1311 132389 132673 13500 1367 14261 1442 1546 15795 16040 160457 160458 17376 1857 1860 186976 19352 1983 212 212616 2164 223961 240801 24163 2422 2507 268039 2685 2769 2934 3141 315 326 330 3540 36338 392 394 4080 420640 423 426 43818 45432 46914 47234 5074 547 5614 582 607 61 63 63836 6462 6893 7200 731 762 79 7946 822 838 9109 966 970,151
10070 10341 103868 1057 10599 106 1075 10991 111546 1147 11549 116351 11854 11870 12260 12381 1243 130 131 13616 14119 14429 1450 1454 1507 154628 15807 16280 1712 17181 18018 183 18675 20036 20089 20090 2023 20382 2075 209 212 21206 21439 21790 2251 227 2357 2364 239365 24395 2484 257 276140 28 3027 3037 31 310 32055 323 326 3276 3296 331 3320 3367 354 376 405 405927 4127 41718 42237 429 4331 434 435 4375 438 44652 4478 4722 4843 4934 49883 533732 5418 5502 5870 60 620806 63 64 6482 66 69276 69468 71368 738 748 757 7806 79 7944 795 797 80 8297 83 8512 8852 9062 9339 93512 9404 9488 9543 9544 97 9746 9946 997,788
1016 106 11773 1216 12540 13427 14112 142 1524 152916 1537 1569 1600 1719 178 186440 19487 2071 2291 2338 2356 2363 247110 24856 26439 2685 27557 27558 28892 28912 299 31052 3193 32231 3255 326 32775 330768 3422 347 3500 35492 355585 3567 3873 3954 39725 41129 45624 4696 48531 50746 53821 5803 58919 58920 59517 61 63 6669 686 7365 737 738 79 7931 797 8579 87825 9011 959 9949,407
10251 10532 10715 11318 1215 1232 1263 13099 13101 1337 152635 177 1780 187 1935 25067 25068 2683 2685 286336 28948 2941 3141 315 31843 3208 321960 3289 354 3555 388860 400 428 4281 437 4562 4639 470456 4808 5 508747 508748 5116 5429 577 5836 5877 6052 6081 6394 6458 6492 7003 7484 7616 80 878 8863 93845 9503 9504 98 993,264
1010 1016 106 1093 1095 1099 10992 113907 11652 118 1216 12447 1311 134925 1362 1448 1518 1524 1526 1617 184 1961 198 2048 2074 2164 245 2485 2507 2583 271 27553 289159 2937 322 323 33270 3359 33974 355 35682 3749 3753 376 380941 39486 40222 41 42 45112 4653 4901 5 5052 5086 5100 5183 51953 55449 5614 572960 608610 62533 63 6482 68393 687104 69 694 69720 70043 70139 7484 7544 795 812 8256 879 886 9139 9336 952 97,2936
10950 12242 1237 1311 1336 13388 13644 140604 142 1442 14531 1562 1607 16716 1759 1799 1807 18134 18425 18567 18787 191 194 195 2047 2063 2168 22572 24005 2452 259351 29093 3027 30549 312 314 3272 3701 376 382 38730 39068 402486 41 42 423 434 435 43982 445 4739 48 4937 50600 5502 5507 58 6189 63 6406 6475 6968 703 7559 79 797 8378 945 9904 994,614
1048 12322 1250 1337 1367 1705 1855 19654 19837 2097 2701 2710 315 316 3280 382 394 40028 41 42 426 427 429 432 48 49 49954 5507 56441 5653 607 62 63 64 666 7102 7205 7206 7288 7507 762 78127 79 859 877 878 886 90320 9650,130
10074 10164 1026 10364 10644 1147 1159 11694 11695 118271 118273 11904 1248 1337 13531 137757 14166 150 15857 16375 17079 17674 187 1883 18840 190278 19278 1935 20070 209 2151 2186 2209 2210 226336 230466 23254 23976 2404 2488 26596 26598 2688 2709 2760 279 2879 29667 299 3147 325 326 327611 3479 354 355 3928 403 41482 43096 43496 4696 49 5116 5235 53269 54023 5452 5718 57965 598 627707 69 7004 729 73414 737 755010 757707 7589 7784 7870 79 792 80 8013 831 859 878 901 9644,181
104 106 109238 1095 111705 1147 11596 1168 12347 1235 1278 13101 131215 1320 135 1367 1384 153855 15454 15795 1719 175632 1849 1880 194013 19937 207 209211 2098 21081 214372 214373 2164 2335 23395 24377 25626 2685 2777 323 3324 33729 35999 370606 379287 380088 3831 387257 3894 391 39494 40485 41 42 427490 43904 4696 488608 540985 551 56032 598567 603 61392 6893 75707 7770 7788 8202 878 95542 95596 9611,139
1016 1021 103118 10501 10592 10625 1075 1095 109531 10991 11268 11571 11573 11576 12445 124955 1304 13235 13416 134496 1431 146 150813 1536 156929 1598 1605 16363 165376 165473 17198 181 18310 18567 19657 204397 208818 21317 2151 223 2320 2367 2381 242499 24523 2465 2542 25962 2598 26488 2683 2685 27412 27477 2805 28865 29499 30873 323 3271 33231 33501 337 34959 3539 35500 35525 35642 37301 376324 382 3879 3922 3924 41956 41957 428 44998 4532 46316 4693 4789 48 4808 4855 499109 508 5086 5161 51826 52 5250 5259 55040 5614 5886 5892 5893 6112 6270 631 6478 680053 69278 729 7355 74596 757 7570 7619 784 811824 812 822 831 8380 8409 8849 89834 8998 9092 91666 91968 9287 942 95469 9550 97532,188
10615 10822 1095 11168 11582 11598 131372 1442 152669 1804 1849 186967 215 24539 252151 31 315 323 354 36625 38 40510 4572 472864 51536 5522 6189 6448 6482 6893 732007 7870 794800 8380 843 8725 901 93 9650 9754,258
10104 101931 1021 102447 1033 1065 10748 1075 116068 1184 11915 1246 1247 12474 1337 133706 13927 1507 1508 1593 1705 17920 183 1856 194 19487 20493 2072 209 20959 2282 2363 2364 2500 2507 25171 2688 2798 2914 309 316 3280 3859 38849 3922 393 41253 417179 42 4244 426 428 4305 443 4436 445 464 466508 468 46821 49 490 4915 4987 5005 5443 564193 5684 5715 60 6052 61524 628749 63 65 6524 67967 69 6904 701 754 756 757 787 791 792 8257 9483 962 9746,529
1075 112617 116051 11684 138 165297 16817 170767 18152 183 18893 1935 222 2252 2364 2525 27419 279595 31 31855 323 3385 3539 35813 35952 362496 36541 38 381 445 4492 4573 4698 47042 4902 53733 552 5884 595419 6482 669 695839 7514 772 800 8306 841329 869 9482 998,59
100401 10134 10372 1127 1146 122155 12694 12914 13644 1372 14401 1462 147576 1524 1617 180 1804 184 1849 1856 188993 19768 20744 2086 209 2364 24200 25683 2711 2777 28339 29011 31 3278 3281 3283 333 3539 3540 376 381 382 39 403 41076 423 428 44336 47231 48458 5169 5565 590374 61 677 678733 71719 7206 7209 750 79 8020 8257 8287 856633 8801 8989 92476 9330 941,1676
1010 10983 1147 1237 12570 1282 1287 13302 13730 1410 1419 1460 1528 1546 1593 1719 1756 19843 200960 2056 20897 2267 2352 25892 25897 2685 2709 2712 2988 299 32582 3276 33671 3490 354898 354899 37635 384317 3862 38999 40 4006 40648 423 4459 507 5273 547 5718 57338 58381 5882 607 6238 68034 6934 7747 78 780 79 797 859 861 9029 90488 91240 9266 9404 9501 9504 9506 9597 9977,215
10133 10225 106 10748 10817 11897 12099 1263 12960 130 1347 1367 13953 140838 1409 1441 144536 149 15191 15192 1537 154624 15829 15998 1615 1759 1799 182595 1845 1849 19619 20041 223 2252 237 2433 2528 2598 2642 2655 2685 26935 2701 27566 2798 2890 3027 3037 30409 3114 31196 3189 32181 326 326336 3300 34198 34660 3487 354 355 3710 372 38258 393666 41 42 423 429 432 4581 4595 4662 4699 4740 4742 47817 49 5028 508 5127 5228 534361 5383 54704 5507 56340 60 617233 6448 64681 647 65256 661193 661194 672827 6893 6934 79 80653 81254 822 8437 859 886 90227 91 941 970 9746 98812 9917,364
104 10455 106 109 1181 12736 135 13580 1417 1474 1517 1518 15957 1695 1828 18359 1872 1897 2045 206950 21575 2267 23269 2434 24384 2620 26298 268 273 2730 28450 2871 29201 30652 3189 326 337 354 36864 376 3868 40 40533 4496 464 4937 5028 5092 5309 53656 5429 55038 55039 57947 5840 5983 604 63 7125 73582 784 8183 8202 822 83 8686 9553 9604,148
100453 101199 106 12321 1248 12982 132 1337 1357 1422 14372 1473 1514 1571 1601 16300 1800 18208 1849 19768 20372 20501 2075 2086 218 219 2202 223 2286 23269 2465 2494 250 2683 30692 3167 3281 34091 354 3644 36625 369 3729 376 379 3802 381 382 40028 40323 41 418 42 428 438 4487 47571 5138 5691 5891 6189 6284 6681 69738 725042 733 737 766 7898 79 848796 8492 8605 862 8742 91134 93492 941 96,164
10160 10409 106 1075 110277 11383 130 1311 132 13265 151 1530 1679 1733 1773 1843 201 2023 2115 21190 213 2157 2403 269010 274 29 2946 29746 30435 30778 3197 337 33782 35043 379 393543 443 475 508 5914 69 7164 750572 7821 79 900 941 942,109
10177 102939 10544 1075 10794 1095 11384 11551 11565 1181 11813 1214 12335 12474 1288 13397 13401 1359 1417 14349 14353 150 150778 1517 15807 16142 1625 1659 16632 167 17165 17166 1719 1724 1749 1752 1855 1897 19088 1935 198 2004 20075 2023 208699 2115 2130 214 21589 2164 2193 2250 22779 2286 24041 2417 247118 2507 252 2541 299178 3031 3141 316 3172 323 3241 326167 3300 333 34804 3540 3720 372460 3757 3862 3880 395 4334 434 43965 44146 445 4730 48 482 4902 4961 507 546 5475 55132 570194 5777 58 5835 60 6053 6069 6089 618807 622521 63 6305 631 6695 6757 6931 737 769 80 822 8252 8525 8526 8547 91 923 9273 93835 99461,210
102704 104 106230 1104 12050 12613 12814 134 135 1421 1445 1450 16125 17188 1745 180 18366 209054 210916 221868 2305 2364 2469 2485 25097 2606 2653 2685 2712 314 315 3158 3338 3412 3490 354 376 426 427 434 435 445 4809 4870 5007 5074 508 5122 5407 5411 55624 608 61 6221 63 6452 6681 6893 748 7671 7677 781 79 806281 819 8200 830 901 9084 9488 9608,421
10070 106 1122 113832 1299 13302 13531 14094 1507 1508 1526 16241 170190 1849 18760 2086 21388 234732 2364 25078 251340 263754 2701 2764 3033 326 327442 35056 354 3596 369 3762 432 434 435 45220 508 5309 54352 5441 5547 5584 5725 60403 6574 822 8257 8363 9359 9469 9501 966,367
104 1048 10624 1073 11072 11178 1163 1177 1184 1214 12394 1337 13431 135 13681 13802 1541 1561 1627 166415 1758 1761 177 1845 1849 18603 18678 191 194 19488 19843 2002 2174 219642 22747 23397 23918 2416 2500 2507 25155 2683 2685 2928 29325 2978 3027 3033 326927 3280 3505 35436 36195 37757 38 426 434 4402 4513 454704 4795 49071 5 5086 5123 513 551585 5659 57 5743 5764 58 5999 624 63 6573 6646 6687 6688 67520 71165 75996 79 7956 8054 822 859 8774,384
104 11168 11384 12077 1214 13124 13158 13714 1442 14999 150 15007 1514 1517 1608 166141 16740 1734 176075 176076 1773 18185 187 2130 23308 235 24594 2469 2482 28716 331 3318 338 3490 3540 358403 3724 375 3754 376 379 38 3802 39162 39857 40 419349 4211 42130 434 435 4370 44433 45554 4670 4907 50 50911 5200 5227 52893 5506 5761 643200 6659 69860 729670 771 7848 79 80 8437 8487,551
10566 106 1076 10973 11259 1163 118657 120844 1263 1320 13644 1444 1579 158024 1593 1670 1784 1806 1849 186 18880 20287 2098 211590 21927 2331 2335 2410 2528 2669 2683 2685 2701 279 2870 288796 3027 3031 314 3148 325 326 350681 376 3874 40 423 46444 4808 51606 529 5507 570 582 586 5863 606011 6157 6497 6893 7211 7450 77420 7802 782550 79 7973 812990 813052 878,192
1095 1168 1214 12330 12678 13016 137035 13927 14969 1561 173 176786 1804 1856 1857 2018 20701 2081 21572 221077 228855 2364 24612 2500 25223 2851 2971 3027 302725 316272 323 33141 366177 36707 394 4077 41716 432 434 435 4448 5064 5120 51867 5228 56379 60 64 6524 66 677423 69068 750 759 762 76963 77160 79 797 798405 8020 822 823 8257 8437 879 886 888,864
10115 10134 1033 10365 10674 10757 116095 11649 12055 1243 1263 12701 1340 14052 1437 1511 15714 17056 1712 1719 1758 1792 1821 18951 1896 1901 19658 199639 2034 206215 2081 21397 2160 2163 2286 23583 2494 2641 2642 2711 2712 2730 2751 2978 3326 3404 3596 381 38849 38973 3954 3969 41 42 422 426 445 45623 45741 4988 504 5086 512 5129 5400 545445 574 5862 5884 61035 69 695 701 72469 743 7900 819 859 87776 8889 8998 9000 901 9034 9062 9887,102
1083 11100 11450 1160 1188 1192 12774 13059 13247 1337 13527 145170 15390 15516 1625 1705 1710 17552 1757 17853 1807 181 18169 1891 1903 191 192 1967 198297 227 2500 2685 28 2871 2880 29579 304 312 3141 315 323 3305 33858 358 36765 392 41534 423 4572 4866 5182 5581 5695 5696 5724 586 5877 60 6051 625745 66 667201 683 74718 79 815 83 88318 886 925 9618 9745 9756 997,335
104 11072 11301 1163 11649 117 1235 1243 12655 134 135 135906 13946 141 142 1442 150 152513 1563 159976 1773 183 197135 1998 209 2115 2186 22152 24349 2500 2507 27432 2851 316 324 32967 3332 3505 358695 38008 3862 39950 405 426 42641 446718 469 4934 4963 49753 50 5049 513 5138 5565 5588 56334 66 666 6676 687657 70838 716838 7194 728587 762 767145 770 77933 79 790740 795 822 90320 93,212
10012 104 106 108203 1181 120465 1357 1421 14210 143 1440 14940 16113 1712 17391 179569 1807 1813 1849 1880 191 194 2027 21282 2465 2526 2701 274409 2747 2769 28327 28716 28717 3026 3033 310 3114 3130 314 3141 3189 32378 326 32657 32708 3282 354 365 36625 385 392 394 4058 41 42 4211 4215 4432 4458 48224 499486 51744 5240 57 57390 58 5877 614900 66 6844 708 7116 71832 7244 72732 757 784 79 795 79625 8094 822 8549 8550 9062 97136 9775,231
1033 104038 1048 10501 11015 11098 11298 11441 1155 11596 1245 126751 13017 13019 1304 1337 1372 1460 14877 15009 15203 15207 15762 162628 16273 1694 1710 183 19009 1922 195398 1973 19919 19920 199631 199632 201 2069 2075 2162 2163 2199 2282 229873 23269 237368 2500 2501 2530 2710 2795 30520 31 3114 3150 3191 3197 33729 337842 34282 3540 36625 376 379 38 382 41 41230 417227 428 432 434 440223 4661 4693 48 5114 513 516 52080 5228 53112 5409 549 5520 5570 5695 5696 57187 5883 58960 5980 5992 61447 6456 681 701 7194 7205 7206 7386 7464 771 7870 79 831 83595 84343 849 855233 855234 8723 879 8812 886 91091 9151 9203 9273,303
10415 1048 106 11305 1147 118271 119497 120562 12322 12343 1240 124085 1263 1290 13011 1311 132 1372 13742 138 1442 149633 151 1525 1526 1539 156312 163995 168091 1705 1709 1712 173 183 19113 1935 20282 209 2128 21282 215 217430 2209 2279 2364 25400 2723 2796 2816 2881 30374 3084 309 31 311 312 314 3296 3309 33622 3400 34369 35278 367 391 400 403 40523 4143 4144 426 4288 45309 4696 4699 489129 4905 49576 5007 5074 53350 53380 583278 596 60 63 64 686 6898 70211 703 7206 75136 764167 770 7700 79 795 79629 80 80832 8107 8169 8257 8659 869 8790 9488 9511 959 96412,299
1 106 1065 1067 11404 11651 1214 1243 1245 136644 137407 142704 1547 1570 16138 1627 1629 1712 1746 181 184722 187 2023 20282 2074 21327 22260 2248 227 23517 2356 237 257146 268 2685 28768 316 318 3320 35278 37187 38150 382 3876 40 423 426 430 45220 48 4936 4999 507 508 5106 56614 5776 5803 6189 62409 63 64683 671 68 70099 706 711 71866 78 79 808 97 987,188
10343 11652 13388 1405 1412 143 14653 151 1617 16519 1757 1775 1849 1868 19466 198037 215682 2164 2201 220629 23083 2344 2429 2446 2604 2685 3033 31 31383 315 322674 323 32539 347804 36 360 3662 38 391 434 435 46011 47073 482292 482293 482294 4962 5024 53602 54457 54814 586 596 604 7169 7209 7310 7788 7789 7804 822 825 8948 928 9544,474
10177 104 10625 11227 117187 117188 12236 122438 124276 1243 1250 1253 1255 130 1301 13261 1337 136941 1372 138 138483 1419 145725 1460 150 1561 1593 1712 17808 1865 1919 2018 2074 208651 2164 2293 23269 2336 2352 2500 251286 251287 2534 254 26768 273 29341 29403 295322 2978 299 3033 312 347 354 360 36062 36127 3701 38 381 382 394 3979 4432 445 4563 488 4910 505 512008 526327 548624 5538 5577 577 60 602 6024 63 6337 634 648 674 686 6890 690346 7020 708 71156 7177 7206 7583 7584 784 79 797 80 822 83880 886 9237 9647 968 970 985 990,199
100820 104 1042 1048 106 127473 1320 133 135 1367 13698 13927 140379 14819 1496 1526 15413 1561 1570 1571 16269 16361 16540 1712 1757 17876 183 1849 1896 1935 194 2040 20429 20501 2074 209 2098 2151 2161 21837 2250 227505 23087 23256 2335 2368 2526 26605 26658 2670 26822 2685 2710 2713 277594 28165 286423 29658 30503 309 311 314 326 3272 3273 33918 35079 37301 3787 3789 378908 3874 392 3928 40677 41 4158 42 427585 43717 43786 43922 4581 46859 4696 4808 486249 49 505 51934 5663 5689 57294 590560 61060 634 6346 66691 6893 6931 701 72407 72604 759 768 7788 79 797 80 800 81528 823 833712 8437 874 877 878 901 9253 970,242
10213 1232 1275 12813 132 1320 1357 1442 15093 15412 157197 16286 1759 17673 18078 18154 18348 1849 19364 2047 20745 2086 2098 217288 2174 22023 2335 2338 2372 2437 25656 26816 2683 2685 27005 27068 2881 3141 322 3230 326 327798 333 34999 3540 36408 3874 400023 40036 403 40502 41682 434 435 4581 49 4934 5 5065 507 5313 5565 56021 5695 5696 5724 5831 58719 59539 665 6893 6985 731 759 769958 7782 7783 788 79 796289 80 813145 819 826 8515 861 878 879 91686 91699 92137 9268 9476 9506,432
104 108207 1095 110248 13331 134 135 1367 13682 1460 15132 151853 1523 1526 1623 17238 184 1935 19918 2 209 210 216715 22485 225078 22952 232103 234995 237915 25223 2540 2713 2796 2881 29190 299 312593 323 359 37016 381 392 4114 4502 4910 5113 5884 588562 65561 676 74630 7672 796282 7984 834 8501 9692,63
105332 10885 1110 113827 114 1216 12347 1243 1245 1255 12776 1290 131 1359 1362 14086 1465 15155 15165 15186 1524 1571 1582 16074 1700 17273 176379 17836 18483 1849 18507 1856 18672 1919 193 19768 200352 20085 201419 2056 206 209 21069 21719 25035 2534 2685 277503 286612 3033 31 315 337 34198 35948 36359 37 376 377 382 394 4068 41253 423 425 426 428 43339 434 4476 4670 48117 4902 507 5411 5507 5508 58 584 5877 598 607 6191 63 6551 66465 666647 676 69 701 7194 759 7788 79 80 822 82480 826 840630 8437 851 8561 8573 8637 8670 879 9001 91 9450,180
10005 1033 104 106 10649 109651 11006 11412 11415 11694 12100 12447 1290 133 1337 135155 1364 13647 14119 149575 1563 1593 1594 1622 169426 1712 17770 188627 191821 19340 197 2048 208796 20934 2241 2339 236979 2391 2422 2507 2642 2701 28099 299 3114 3255 326 3490 354 37553 387 40 432 434 4559 49330 4934 5228 57 5877 6284 63 6426 644887 6635 69 75271 762 7870 79 7949 85911 8613 877 8788 928 959 9669 9886,188
1033 10499 10727 10843 10964 110479 11078 11100 112636 11345 114367 11458 11904 1219 1237 1240 1243 1301 1314 1336 13647 14435 145 1517 155126 1608 16851 1703 1733 1777 1800 18223 19035 19381 19596 2063 21398 214 2146 21828 2186 21919 2250 22628 22642 2293 2429 25079 2579 2638 264269 2709 2728 28343 290250 291808 2928 29746 299 2997 3029 30514 315 32296 32338 3278 3281 35297 376 38091 3880 3888 399248 41 42 426 434 435 43709 43739 4653 4795 4870 4987 4989 5122 5170 527 5303 5452 5506 551 560441 598 60 60966 61 6189 63 6418 68220 6886 6934 6935 70528 7160 7171 733 734 7678 784 79 80 80395 8231 8239 8268 8276 831 859 877 8776 901 913 971 98974 9977,624
1033 1048 1075 11080 1160 1310 1311 14098 14877 15458 177 178030 1824 18446 1849 19188 20429 2074 20787 21284 21313 215 23067 2361 2500 25239 2683 287450 300 3033 30381 31 315 3596 37510 379 382857 38543 40797 41 42 427 429 44834 4563 48458 504 51107 5113 512 51366 522 5507 63 68560 70925 76108 762 79 795 8001 80076 822 8257 8437 8487 861 9041 9266 96839 9700 99659,286
10107 1033 10473 106 106691 10822 111 11168 11170 1181 120939 1255 1263 13287 1367 14186 14513 1460 146513 1524 1617 16968 17121 173877 1772 18228 184 1849 1915 2063 2081 211249 212059 2163 21651 223 23269 2352 240001 2427 2493 25185 2641 2868 31 328 3498 3539 355 376 3789 3790 382 3880 393 40 434 435 4502 45600 4577 46922 4777 5206 529 5411 5500 580 60 6006 602 6115 61479 6150 666 686 6893 757 7702 7791 797 79909 83 85 86 9151 928,4873
1010 10198 104 1095 1107 1163 1301 1337 14132 1442 14534 155048 1571 1608 171206 17228 18790 193 1938 207785 211391 2164 2216 22499 2317 2352 2368 237 2381 24064 24539 24540 24698 24743 2538 2611 2663 2664 2707 27277 31165 3218 323 3255 328 3324 340740 34424 3487 35165 376 391 4478 4572 4870 489169 4910 5 507 50802 5123 5138 5251 5257 5388 556401 56447 621 63 6457 668678 68892 729 734 741004 752 757 75850 773 784 79 822 8242 8364 8380 86014 86015 89774 90 901 9140 93 95822 99,94
100401 10119 10542 106 1154 11806 12563 138 14132 147576 150 151 1524 1569 1617 16281 1755 184 18591 191472 20488 2110 21474 2157 2209 2248 2359 2364 26705 2685 27569 276345 2797 2924 3289 3712 38645 4211 47595 50657 508 5372 5777 602 63 667381 6893 731 7367 7548 8257 856633 89 8998 941,1584
1095 11412 130 13384 134 135 1351 13644 1405 1442 151530 15292 1561 1637 1694 169567 1719 1749 191210 19285 20258 20282 207 2074 211736 21757 2379 23850 240019 25223 2540 25652 25912 2710 275 3002 311 3197 323 3508 3539 364811 37301 376 381 3831 394 396966 41420 41604 422 4316 434 435 4355 5049 5072 508 5369 5507 5624 5666 570 598 602291 602292 602293 65479 69 71044 755922 7589 7809 79 8437 85147 8657 888 9000 9066 9488 95569,404
10103 104 109130 110835 1171 1177 119670 119840 119861 120668 12200 1224 1237 12597 1280 1297 131387 133 13365 134 135 136570 13750 14249 146 14839 149157 150626 1518 1617 16968 172 173 1760 176849 1799 1849 186849 18777 1880 190076 1903 19681 197 2011 2042 20434 2054 209 2115 2130 2174 2201 22026 22256 232865 233 23361 2507 2851 28996 30316 3141 31549 316 31964 3208 33718 338431 3518 355 362507 36832 3738 4022 4029 404838 41 4177 42 42397 428 429 434 435 44169 442146 44409 4460 4475 453990 4559 45590 4565 4595 4662 479441 482327 486132 4934 507 5124 5135 5138 51526 5266 5297 547 547840 547841 5507 551 551232 5565 5610 5719 57638 596 598 602 6194 6383 6475 6893 7003 7068 74355 7804 7938 797 8005 8077 812 818 8207 8256 877 93 944 959 9642 9979,645
10415 1065 10943 11195 11596 11837 12093 1211 123427 12356 12381 1243 12678 1291 1297 13059 1311 13389 13636 143 143779 1454 1460 150298 1514 15398 1571 16157 174889 1759 176602 17674 1799 181 1857 186243 187 193 193026 200 211142 213 2186 2209 227 22969 233564 237 2372 23971 24259 24686 2507 25894 26201 29667 3197 328 3478 37152 38 391 43302 43804 44168 4446 471360 4789 48466 490621 492289 4998 5 50668 527 53312 566 57 578898 61876 63 6720 7116 7117 7589 79 85436 8563 8957 89613 9000 901 9266 950 959,126
1033 1036 106 107572 11562 1215 121661 124038 1255 1301 1320 1453 151 1523 154550 1712 1849 18873 20659 2098 219576 22091 2248 2335 234163 234508 2363 2364 241285 2500 25565 2685 2751 31 322575 326 37015 375376 379 3872 3874 400 428 4404 4739 4845 49 5005 5064 52171 5603 606 6182 676516 68782 6893 8207 8257 876 878 8989 9095,447
1008 10134 108083 114690 117116 1200 1215 12259 12322 123886 1245 12636 1337 1359 139898 14166 144601 14534 1460 150 1511 15555 1627 17023 1710 1729 1736 17591 1773 19494 209 2100 211 212 2267 2338 237 23932 2484 2500 2565 27122 2758 27943 28 2909 2941 2957 309 3110 3141 3255 3273 354 379 381 3888 423 434 43929 4509 5091 50922 52817 5429 5522 55965 57 582 5877 598 604 64 7197 7202 7332 7450 7677 770 780 795 8306 890 9151 9236 9289 95686 9658 96950 97 99,195
1 105919 106 1075 114432 1163 1177 1245 1254 12781 13 1311 1314 132 14602 150 150326 1514 152777 16269 1714 172 1804 1813 183 1857 201 205 20761 209566 2209 23056 23058 2364 2371 23787 238 2414 2507 279 2904 298205 3054 31 3141 3175 3188 326 3276 3281 3293 359 365 3743 3880 402245 405 40901 426 428 434 435 44324 4492 4869 4907 4926 508 527 530500 5565 5578 570 5743 57480 59525 6011 608 61431 6157 63 6311 6339 634150 65044 66110 6757 731 7519 754 756 79 79790 831 8386 88013 88880 915 966 9882,572
104 1095 1168 11864 1209 1215 121809 123024 14573 148270 16113 164898 1712 18083 191782 194 2074 2151 22151 232818 23940 2683 2712 29702 31041 315 323 34818 354 381 41 41322 41534 428 47571 493970 52084 52984 5369 56475 58267 61517 6284 6406 6482 6501 676 68190 70835 7255 7507 79 81173 8306 83462 8437 849980 8578 85794 86903 9642 970 99036,136
1005 10134 10443 106 107215 10881 10950 1111 11575 116950 11923 1216 123655 1237 12408 1290 1301 131 1314 132 13247 1385 14353 14497 145 14718 15164 15390 1622 17185 17357 1759 1763 17674 183 187 1897 194 195 2063 209 21455 2146 21592 219 2193 2216 22307 22604 22779 2364 245774 25565 267870 2711 274 2777 2803 29093 298033 302985 3042 305497 30590 326 3281 3386 33982 34131 35566 35567 36534 405 41 42 43054 43084 432 434 435 4432 4436 445 47073 4724 488 5 501 50215 502677 508 52310 5313 5438 5450 5451 5553 577 5840 58819 59113 603 60968 6104 621 6284 63 6757 6968 7102 7160 7272 737 73761 7497 7579 7747 79 812 8237 8257 8452 851 8549 8550 87662 928 95 97 9746,660
10669 10799 10822 108625 10985 11072 1160 11649 11886 11904 1240 1243 1250 1290 1301 1337 1340 13995 150 151 15385 15386 1570 1581 162834 1700 173808 17402 1761 1857 190953 191 193 20413 20701 2074 215997 2163 2164 2186 2203 2209 22223 237465 24095 24132 244555 2451 2663 2709 27755 28716 28717 294523 299208 3027 304 311 312 315 3166 3539 35888 36625 376 379 382 4077 41 410188 42 428 434 435 4404 4502 4670 4809 485330 5 507 5332 53652 5454 551188 5614 5659 58 5884 60768 61 62092 6221 631 642441 656440 6633 68204 69 696 6986 7197 7205 7206 726 731 744697 7625 776720 7802 79 7938 8178 822 823 8437 8704 8774 879 888 89695 8989 9650 976,653
1163 11773 1181 120844 1245 1263 1285 12975 1320 1337 1372 1466 1625 1719 1757 177 1773 180 183 1849 187 194446 20501 20745 2098 2232 225715 225716 225717 225718 226438 2286 2335 241064 2500 2685 2705 276219 2871 3094 3114 323 3278 3280 33830 344506 345491 3478 3773 3781 38052 38741 39352 394 3956 409079 409709 41 42 434 435 487991 49 5 508 54346 5506 5507 56286 5691 57 579 58 6075 608910 609 63 6482 66422 67901 68892 7206 734 7513 762 77 79 81028 8231 8549 8550 878 879 8871 9977,631
101754 10398 104 1095 11115 1134 116725 12448 12714 1282 13084 135 1357 1367 13681 1419 14796 152993 167 1725 1745 175068 17850 180 18106 1816 18425 198995 200751 209 2151 21575 2200 234 2352 23914 24523 2507 26596 2662 2663 2664 266430 267524 2685 27296 298688 31165 314 323 32333 3281 331775 34117 349449 354 35926 3612 36284 3652 366474 3782 37988 38 3831 38768 399864 40 40340 41330 42438 426 428 43 4558 45597 459 4682 4907 4934 501043 50802 5138 519046 5411 5429 5442 5507 573424 598 60 63 6404 64840 666 703 71178 7208 7209 752 757 79 8047 812 823 8812,162
104 11167 117747 120844 1214 1243 1290 12960 1320 135 1442 1447 144828 144869 1453 1515 157197 184244 1849 191 19340 2086 2098 21313 223 2335 2656 2685 27566 282758 283298 2930 299 326 3324 3540 359 3710 38258 3831 3874 395352 4040 4575 49 4935 4937 4985 5369 5581 5663 57129 57947 61033 63 6448 656793 656794 6893 72993 75660 779262 79 8202 825054 825055 83 8437 85312 878 93,218
100676 11010 1168 11965 1214 1235 13741 1441 1511 1594 165831 1736 177 18034 188988 1910 1935 1967 230627 23740 24377 2683 2685 2706 28800 2971 309 31 310 323 32541 33671 33892 3534 36625 394 3954 40 4094 432 55119 60 62391 63 6531 66162 729 76719 7802 7898 79 869 8728 878 9690 9692 970 9947,923
101236 104 10409 10511 10515 1168 1371 15764 1594 165457 1808 18507 219134 22267 2873 3142 324523 3831 400 410 41222 4181 4207 4250 48927 507 5138 5167 5337 5581 5612 63 69 75514 770 79 8202 8630 87033 888 90893 9266 9292,310
102262 105750 1075 111 11770 1219 1240 12447 12486 12797 13500 1372 13786 1419 14877 155 1570 1571 1622 17017 194 20128 20382 206202 2074 2352 2359 268 268788 2709 28206 311 314 3141 3345 37044 376 381 382 41 445 4566 467497 4725 4910 4938 5 51489 529 5840 5877 61382 63 6462 6763 7206 7898 79 80 815 822 8292 83 901 9416 9469,96
100580 1010 1171 1183 12960 13319 139051 1444 146 16331 1849 223 23852 256141 25858 260 2685 287201 30150 312 323 324964 3412 3710 38258 382723 432244 4465 45807 4868 5 5389 5952 596 6081 615874 637229 6448 6482 655386 6893 7067 7172 7499 7532 75850 795 7956 8023 8410 8454 93512 959,531
104 12175 135 183368 1896 20006 201 2047 210 24986 2541 279 31 3441 355 37126 3831 389151 43621 5175 52387 5369 5508 5565 5831 5884 5983 60164 63 7521 793 8202 830 831 878 8998 901,78
106 1181 1243 12496 12738 13615 1364 1385 13953 14119 1526 1561 15998 1608 1613 17009 17360 1849 1856 1903 191 19768 2086 2092 212 21377 228 229374 2346 23685 239 2488 252 2624 267798 2683 2685 2688 269386 2701 2836 28362 299 3014 315 3189 326 3273 328 3300 354 366070 377305 38 387 45338 4699 4815 50 5053 5727 5743 5914 59656 65213 6693 68031 694571 69641 709 73864 752 757 792 822 8382 8579 859 8659 8676 901 950 9644 970 989,252
104 1095 11414 118 1255 135 1442 14436 150 1517 1659 16779 18310 1853 187 1870 18787 19309 2187 2364 237198 25400 2663 2664 2753 29986 30178 3033 31165 323 3300 3308 3487 36284 3802 3831 405 4090 422 434 435 4448 460753 460755 48503 507 50802 518 528320 537424 579 6077 6147 63 64 752 7806 80 822 82291 8252 8630 9161 9468 972 9746,445
104 1057 1248 1320 135 13545 13547 13777 1472 150975 1591 1712 1756 17686 17850 1805 2098 223 23825 24539 24541 2538 262777 27576 2792 311328 319 323970 3264 3359 33937 3490 38290 394 431398 4488 4614 4870 5502 5722 64 6948 80 82854 8463 878 901 93 9312 9471 9608 9880,329
101579 106 107582 11006 11703 1177 118026 133 136471 13748 14116 1460 1524 1574 1575 1576 1653 183889 1897 2164 229199 2352 237 2446 25578 27640 2797 2838 2871 2924 304 309 310434 315 3159 3189 3208 3276 3280 331 3406 34485 354 35946 4181 434 435 48481 5065 5138 5227 53193 5565 5614 5624 579 5985 6002 6255 63 65514 6941 69788 7105 7209 7806 79 795 797 80 81704 8172 8437 8776 89226 90 97 9746 9977,561
104 11209 113075 1160 1188 13019 130706 1337 13531 14119 1450 1475 150 15807 1637 1719 173 1736 183 1856 18966 1919 195 1967 2019 20701 210 232234 23658 24377 2499 2507 26928 290105 29991 316 3338 393 3954 39950 41 42 426 44125 447580 4561 45741 47472 48 544339 5565 56372 57 5727 63208 6696 7047 7102 77 784491 79 795 80 83 8366 901 98194 9956 99778,190
10 10000 101784 102328 10269 104 10458 1057 10839 10967 111152 117087 12175 12204 1250 134 135 1417 14819 14873 150 156092 166 1713 17415 1760 1765 177 1827 1849 18594 18692 1902 1923 209797 210 21603 2174 2305 2343 237 23998 24388 2500 25729 2606 2683 274 27809 28 314 3141 3255 3412 34128 36637 38 3862 41 41192 42 429 434 435 43512 46120 47323 4998 5010 507 5115 55342 576 58 5821 6284 629863 63 64 68699 711 729 735 797 81821 8200 8346 836 8645 878 901 9062 93 941 951 972,600
102 1033 115 1208 12198 12204 124853 1571 1624 182373 1897 2025 2075 21459 215 2151 2174 2199 2267 2349 2395 25 2583 2641 26505 267 27582 27714 283657 2851 299 3027 3033 30549 30786 309 3114 3141 315 316 3189 32582 3272 32828 3308 331 34241 34527 3733 37928 3831 392 395 39661 40 4025 403 419 421 4211 426 4319 434 435 4443 4448 4691 4809 4901 49156 500692 507 50894 51804 5228 5409 5477 56909 5877 5886 5969 602 607 62154 63 6701 702 75824 75826 7609 79 797 80 822 828655 831 8380 8492 8528 860 889 890,671
1080 12309 1245 12563 1282 13193 1372 166061 195557 213299 2201 25223 2611 28 2924 2978 2997 3027 30503 312 3141 33194 3795 38 391560 394 399675 41 42 434 435 4404 4408 4682 4828 507 5120 52782 53799 5565 5775 5808 58429 5877 63 65986 677404 7206 729 789609 79 822 879 9867 995,509
102848 10502 10527 107747 111642 112669 11514 12236 12831 1287 13235 1327 13389 1341 13465 1388 14485 14620 1474 1536 15581 1561 15735 16152 175204 17582 186 1891 194 1967 199327 201 2092 2250 22540 2286 233 23792 243 261 27440 2759 2795 28418 3088 33283 3460 354 355386 3743 377 38109 382 400 403 4051 432 464 4810 4811 49 4908 4910 493406 507 5155 5570 5703 574 5818 6440 6864 7177 7406 79 8257 85 877 888 90 92988 9434,65
10748 1095 11201 1160 12563 14041 155894 1602 17331 17853 184228 1845 1849 1890 1892 1926 19380 19753 2043 21308 2279 2364 25144 2662 2663 2664 2709 2851 3109 31165 316 323 3281 37953 395087 41 41241 42 429 508 50802 5161 63 681 68200 7237 742155 752 8883 901 9936,124
104 1048 10662 1075 1076 1095 12347 12694 1280 1282 12868 130 132 14024 1448 146 1517 1522 152840 170964 17404 18185 183 1849 1851 1856 186967 1896 197 209 21536 21931 2250 23141 23269 2364 2440 2653 26778 2753 2871 28783 291568 304 31 312 314 315 323 3255 3308 347581 354 35813 37217 376 37668 381 382 392 4059 41878 434 435 452351 48792 4908 5041 5066 5113 5358 551 5565 5653 586 594675 6093 63 634 64 6482 674 686 725334 731064 752 757 76023 7895 79 8207 8409 9062 9144 99,661
10173 1075 1095 1140 1168 12004 120886 1209 1252 12666 1276 1385 13899 142 1496 1522 16287 1665 1855 187 1897 20216 20876 21049 212 215 2168 22845 22920 2364 240851 2420 24217 2431 2541 2604 2624 268044 28693 2879 2880 2881 29746 3037 323 352237 3567 3710 381588 381590 409 4127 431533 48 4964 5168 5507 58138 6105 623344 6255 6482 677161 689364 715022 7179 729 740907 7443 757 7677 788 8250 830 838 9045 9488 955 974,471
10279 104 1107 1181 121837 1226 12595 12694 13785 1422 14258 151 15101 1546 162908 162909 16345 1736 1773 180 183 18433 18653 189277 1897 19043 2151 2166 23341 2336 2683 2873 312 3218 3273 331 33589 354 3697 3831 39066 39454 4114 4561 4562 45696 4808 4910 5581 580 5821 59128 63 630212 6457 6531 6893 69000 729 7295 750 757 787 80 815 816 8202 822 831 8379 8679 877 878 88951 901 9505 994 9977,240
10255 10256 10967 11006 1147 11565 121314 124073 1290 13185 13401 1347 13625 1390 15610 1612 1625 16358 17056 17402 1821 19092 194 198 2168 21706 22074 2212 2250 2351 2352 2364 23889 2440 24729 2500 2538 277965 29199 2963 299 30404 31 31347 314 314792 330484 3320 3371 34530 3540 35797 37479 376 379 38 389 391 4288 429 434 435 445 48554 487 4877 508 5086 50862 5113 5115 5167 55364 5565 569932 5777 58254 58765 5884 623642 63 642826 6462 6488 66940 6862 711 715248 7229 723556 7677 79 821 8437 8647 872 874 9062 9085 9090 91 93 9312 9736,550
10070 10649 114280 1147 11915 1337 13588 1422 1460 14819 14998 1512 15203 1524 16020 1617 17713 183 184 18841 1902 2097 21578 2200 23610 2444 2486 25559 2928 29594 3130 3309 33887 40 426 4475 455 469 4808 579 602 6605 666 69388 72277 7283 7343 744142 74767 7806 8406 862 9746,2604
1040 10527 1075 112980 1168 1243 1301 132768 13646 145401 159563 159779 170696 17737 184 20305 205 20531 206594 2134 2201 2250 2364 24898 2530 2611 30267 311 313740 314 3141 32713 3324 3412 354 376 396932 396935 464 4987 5052 5064 544411 56379 574629 579 5808 5877 5964 60 606 6681 67296 701 704955 731 79 81811 822 8257 97169 9730 9747,138
1 10364 109 11348 11615 1207 120831 120832 1214 1219 124468 129 13 13689 1382 14024 14050 14435 1460 1517 1571 15956 166165 17208 1729 177 17808 181860 1849 1851 191 1935 194 1946 205 21234 21448 2150 22783 23055 2341 2360 237 23914 24101 2620 2701 27708 2778 3255 3342 339 3411 353 354 359 381 382 40127 403 41 41752 42 4202 426 449 4554 4559 4747 5045 5113 5409 5610 5727 64 6423 702 70351 7209 757 758 770 80391 822 823 83 879 9867 9977,281
101289 1014 107 10756 1147 1159 118659 1248 1290 13434 13681 13699 137121 13991 1442 151 1523 15405 1710 1719 17196 1807 1935 19387 197752 20082 203350 20410 2074 2201 22024 227 2279 23166 2352 237 2485 25 2724 2777 2858 299 30694 315 3158 3193 3251 3440 355 37061 3756 376 37765 381 382 3892 393 41 41457 42 423 4404 44595 482 4828 4845 54327 555 60 606 6075 60818 60867 6277 63 70604 713810 72269 72584 72585 7362 75236 76 7617 781 79 8001 823 8402 8437 8487 861 869 8948 91410 9746,205
101497 1048 106 11168 1153 11680 11958 1219 1243 1282 1301 13531 13749 1460 151 1622 1744 177 17736 17955 183 1849 18737 18859 1903 195751 19768 2074 2086 22177 2237 230 24010 24064 24638 2500 2583 2709 275107 28716 303031 3033 314 3215 3251 32905 331446 3367 3469 353164 354 3637 36625 376 377558 384980 384981 39 392913 394 4054 41 42 420 4280 4459 4466 44966 4587 4809 49094 4934 4935 49991 5078 5091 5197 559719 559720 5727 598 5993 605 617233 6357 64 7206 7244 73499 7678 79 800 808310 8207 821 822 8380 8852 891 9006 93403 941 9618 97 98812,307
10020 10278 1075 11331 11651 1304 13090 134452 14389 1460 14703 1729 181 192 194 20701 21009 21678 2186 2279 235513 2364 24180 2500 27972 285961 30550 3281 3490 354 3831 394 402455 428 4288 4492 46440 4653 488 4959 5086 5507 57 58 59170 59391 602 63 6701 68012 703 731 7521 77 784 789 79 8257 8292 8379 859 870 9011 9237,195
10075 1048 10512 106 106727 11074 113971 1168 1211 1216 12322 12938 12960 1314 1365 1367 136900 13870 1441 147049 152831 16640 1734 177 1794 1849 1856 1883 191541 2023 211622 2151 21777 21937 223 224510 22879 23035 2355 24010 243892 24395 2469 24935 2526 267007 2685 2710 2724 2842 2941 2957 299 3089 31340 315 3159 316 3166 3197 3255 32720 331 34125 34388 346133 354532 36914 3710 3789 38258 382900 385 38551 40 41 412 42 42130 428 4319 434 43451 435 453885 4723 4999 505 507 5116 51331 52224 5227 53573 5432 570 60 602 6069 6130 61390 6157 64 6448 6468 6719 67864 68 68826 705817 72002 7244 726 729 737 7443 752 7788 7789 784 787 79 8208 823 8520 877 8882 90520 928 9312 97,793
1008 10119 102040 104 10514 106 1075 11246 113440 1168 1184 120327 12064 1214 1260 12641 12769 1290 1301 132 135 1362 13644 1367 1448 147687 147688 147689 14772 14934 150 1514 1547 15594 1571 1582 160857 17015 17016 1723 1739 1759 1777 17974 1827 18425 1856 18653 18840 190758 19083 195 20399 20544 2115 2176 2201 2352 2359 2363 2364 23658 2376 2429 2479 2526 2630 2709 27327 276612 2796 29873 312 314 3177 3187 3201 323 32363 3298 3364 340463 3490 35489 36343 365 372 376 394 3966 4071 410 4324 434 435 440417 4448 48 4929 4994 5169 52189 527 539946 54023 5500 5507 5508 551 56672 57885 5849 61 6881 70214 705350 7394 74 7866 79 8048 822 826 8868 9213 9327 9334 959 970 9746,914
10443 106 10624 10649 1095 11115 114805 1160 1181 1304 132 1337 1372 1460 14956 14984 1524 1526 1529 15637 15666 1593 1617 169567 1726 1807 184 1922 19343 20075 207 2074 2163 2164 22133 22796 23269 23273 2437 24463 2488 2500 25223 2538 2638 2688 2709 27553 29341 299 306 312 31992 323 326 333 35224 3540 35828 37581 376 381 382 395 4114 423 435 4425 451765 460 48 48390 48553 49 4999 50204 5091 555193 5577 56 5786 586 58614 58948 6025 61 6157 62092 62568 63 64 65940 6931 7206 759 7616 7677 770 7859 79 792 7938 802581 802582 8083 8242 8328 854 8593 8652 8670 8989 901 925 9273 93310,2234
10624 1095 11565 11608 1215 1514 157016 173 186967 1961 227 22741 2416 24344 24685 24707 24913 2520 274721 2937 312 314 323 381 50566 5100 5113 5506 55820 5610 586463 586464 60 6482 731 732990 750 757 79 80 88242 9062 9236 9977,142
10280 104 11340 114093 1154 11719 11913 12119 12681 130 1301 132 1320 135 13612 1419 1522 1561 15973 17732 179286 1849 187 18705 19060 2042 20501 20806 2098 212 2171 21878 2335 2364 2371 24010 24064 24452 2540 2622 26822 2685 27 2709 2710 2764 280 28251 2926 299 31732 326 335102 34163 354 36017 3737 3757 37953 3831 3874 434 453157 4535 46878 48817 4958 49864 501658 5472 56 57 59446 6051 607 63 636392 6853 6893 694565 7402 7469 7678 770 782541 799035 8344 8379 878 8835 9062 925 9661 970,396
1007 102767 102768 1033 10409 1057 10861 10931 116742 1200 12065 12447 1308 1337 1437 1445 144643 1450 14800 1485 15064 15390 15991 1627 16417 16925 177 1773 1807 1827 1870 19332 19843 20223 2074 2075 2156 2200 22543 23124 236 24640 2507 25731 2609 2641 2871 29053 31 311 3183 32549 32732 3449 349252 3500 359 381 381895 3880 392 39744 4009 4127 42020 42929 43249 434 44 5016 5147 5411 5743 615 68 703 7217 7609 79 795 7956 8206 829 831 8437 861 9154,236
104 10536 1299 1302 1303 13221 1337 135 1454 14629 15870 1594 1648 16582 166656 1705 1919 19491 198 211019 223 227 2364 2615 2622 265802 2798 29403 3278 3364 3813 4127 45996 4784 4871 5 507 5327 57380 58 580 6157 6448 6659 747325 7870 79 795 797 8409 8559 9096 92453 93 972,168
1033 1095 115200 11602 1163 1168 1214 121939 12497 12785 131 15265 1529 15321 15399 160599 1633 1659 170372 1849 221026 2231 22543 2267 232 23882 2685 2701 318 323 3272 330 346691 354 361 361230 362449 3733 3738 381 41 42 422207 426 432 4324 434 49 50667 56211 5724 5883 602 6238 65916 666 6893 757 75802 7625 77809 7788 80125 8099 8242 8528 92069 9422 9506 983 9977,244
1007 106 1095 10991 1111 111772 113166 113558 1163 1181 11864 1219 12309 12570 1282 1301 1304 1312 13549 1364 1372 139 15137 155883 1593 1631 1679 177 1792 18297 1849 186 1891 1897 19596 2048 20964 2115 212 215 21578 2201 2300 23269 2352 24935 2526 27079 2709 2710 289886 2946 3114 312 3141 323 326 3478 3540 37744 382 394 40036 41 41253 41925 42 42605 429 431 433 43539 4404 448167 4540 47515 48 4845 490 49890 504 50532 5063 5509 5565 56345 5766 5768 58 59012 60 604732 61 6182 6284 63 6382 666 69 69082 700622 7206 7788 7870 79 826 8380 847 9069 96034,459
100996 10235 10528 10880 1095 11212 11450 1147 1160 1163 11867 1210 12322 1263 1393 1442 146 151 15133 16725 181 18108 18188 187 18837 189 1891 19083 1921 193608 194 197 19953 2047 20501 2074 20759 21026 2134 2164 217679 23288 2352 23852 2423 244167 245 2500 25223 25558 2598 2683 27360 27936 2803 2851 2873 2896 2971 3027 31 315 316 3187 323 326 3324 33319 33822 3443 3498 35438 376 3862 39615 41 42688 43 4319 434 435 438 445 4501 465058 4670 4696 4736 4902 4937 5 50 5049 507 50972 523318 5405 552 55829 5626 57 5808 584 58724 5899 598 63 634 6525 686 7494 7783 79 793 795 8220 83061 8366 859 8630 8645 87875 90 91639 93908 9471 9511 98,753
1007 105246 1095 1391 148550 1546 17556 1778 182732 1845 200802 2039 2164 22571 25652 2604 2609 2838 296149 3059 311 3329 337 363 36976 394 4091 41973 434 464 47750 507 534 5357 5404 5614 5851 58809 602 6079 64 74464 7704 784 79 822 83 966 97239,52
10076 106 1159 1163 11730 1214 1243 1245 12518 12718 13042 13134 1337 134840 1359 13609 13644 13962 13991 14119 143 1442 14497 14772 1522 1563 157639 15807 1593 16815 173 1745 1749 1813 1819 19060 19365 194 198755 207 20701 2074 208 223 22530 2286 2363 2369 237358 23761 247258 249 252 2653 2711 29182 294498 3020 31062 314 315 316 3208 325360 347 3527 354 3581 359 35991 36062 376 393 394 3956 4006 408062 4082 41 42 426 428 4303 4424 4498 4573 45897 4662 469 474 479574 48 4816 5303 5332 5477 5506 5581 57489 58 59245 59827 602 61523 723416 736432 79 80 831 85280 8613 878 8849 9018 94 944 959 97,854
1016 104 10443 106 1093 1095 11006 11623 11637 11675 122609 1248 1287 13500 135195 138 14 1524 1617 16540 1734 17360 1756 177 1773 1783 1824 184 185900 18850 1926 1935 1938 198 207037 2181 221929 2360 246 24986 2507 258711 2683 2685 2798 28253 29770 30784 3087 323 328 3283 330 331 34419 349 357 360354 38188 4006 426 428 434 4432 45967 4871 49 4916 505 50821 5228 5313 58 582 60875 637822 6893 726 73741 7505 7533 8250 8378 8431 86 871 9266 97375,2512
100095 10076 11251 11965 1245 12532 12533 1282 1290 13090 1336 134 1710 1740 1807 1827 183 18417 1849 191 1910 19768 2074 21701 23182 235 2360 239 2777 300 3132 32468 32805 3282 337 338 3490 364627 3876 394 40470 4096 41 42 428 429 4459 47348 4809 48840 52885 5684 60 6211 6291 63 632422 642157 64488 6458 6575 69 707722 74247 759 7639 7866 79 826 832 9029 90867 941,177
10040 103545 104 10410 1048 1067 1075 112617 120971 132 13596 1453 1574 1575 1627 16400 16847 1712 1745 175753 1758 177 1903 1945 1967 198 19843 205 20584 21823 2250 2282 230 2352 2364 23685 23870 24640 2541 27041 2723 2728 2730 2757 2777 2798 28205 2873 28806 31 314 3150 32045 323 3276 328 33589 3486 349584 376 38 394 395 40 40136 41087 4432 44695 4864 4962 5122 513852 5161 5262 53652 53958 56040 5653 58 59952 60 6073 6093 6238 63 64 6482 7206 729 748 757 7591 7679 79 797 8193 8196 83 8379 8613 91 9236 9287 95274 993 9956,562
10510 10806 11515 1243 12570 1441 14915 149650 1807 1849 19768 2086 209 2174 2642 311 3275 3281 32891 3367 3541 37757 38 3876 41 42 441942 4475 4699 4934 4999 517939 517940 517941 60 63 64 74226 7497 762 79 80202 8255 876 879 891 893 959,57
118340 1214 124929 1320 13596 143 14578 18086 1849 1883 191 2098 2209 2318 2335 2357 2364 241285 2586 26778 2685 326 349 354 359 3874 4071 4176 427 434 435 49 5168 52171 56015 59142 6893 725678 725679 7589 7748 823 878 9121,510
104 108657 11419 128538 1311 13292 14800 14819 1571 16847 1714 181145 187 19188 197 207171 2251 23269 24060 24950 2501 2540 2710 27820 282286 309 312 3278 3283 353524 376 391697 39905 41 42 426 4432 44445 456 4696 47472 4789 481 5 5369 5500 551 5823 5983 66 6853 7870 79 80 8013 8573 862 901 9062 941,187
10173 1048 1075 1168 1301 1310 13125 1336 1385 149614 15151 1526 179 179128 180 18080 1903 19492 2357 2364 24539 24540 24935 2685 2701 2792 28117 2873 2971 3037 310 314 3152 376 41 41328 42 43288 438 4670 4870 49 491792 5170 5227 5314 5507 586 5862 63 686 69 7205 7578 7643 780 79 8214 8291 8292 901 9121,249
104 106 10983 12810 129383 131 13101 13465 135 13681 14819 1526 1537 157580 161524 1659 17077 1729 17985 17986 181 1813 1849 187 2092 21459 2231 225 2347 2349 237 23705 2489 24986 25 2783 28976 29011 291104 312 3189 326 3281 3533 354 3540 38 3873 41 411 42 4581 4698 4809 484500 5007 5138 529 5402 5429 5442 5724 574 602 6177 63 634 646644 666 69 731 73732 738 770 79 8294 846 851926 856 8635 8645 87428 890 971,109
1000 104 1066 1075 1181 1243 12780 1282 1305 136 1367 1783 184 185087 1897 20194 212196 21719 219 2269 237 2500 2510 2528 2881 2946 3109 354 392 4043 4914 4916 5161 567876 5684 61206 7197 729 73964 7591 7804 7812 822 851 9506,97
10173 1033 10364 10624 1243 1290 1296 13287 1336 1377 14948 15099 1518 168310 169344 1710 1732 1792 184 18425 19161 193 20964 21999 220 22543 2372 24051 260248 2712 3115 3141 3367 3539 3637 376 3880 423 4280 434 437 4994 5411 5522 5877 5886 598 602 63 79961 826 8380 859 87 879 90 9029 9152 9289,151
104 1095 112274 1168 12785 14416 155894 17609 1777 179530 184228 1849 1868 1952 19768 20305 2086 211998 2174 2232 22499 226767 2364 2500 25223 2662 2663 2664 2709 28716 31165 323 33141 354 41 42 434 435 4795 4809 5064 50802 5106 51157 527 585883 59940 608 622662 67356 680857 693939 731 752 768040 79316 795 811 8273 879 9237,528
103141 1042 10491 10510 106 10625 1067 110078 11015 11330 11404 1163 1181 1189 121184 12257 127054 12738 1275 12974 131 1311 1417 142 14615 14633 1561 172 17263 17349 17584 1827 1849 1897 19596 1980 2004 205 2069 207325 215 2151 218446 22037 22281 2250 2352 2525 260 26588 2710 272493 274 281444 2855 3027 31 314 3141 326 3300 3317 3388 339862 3411 3412 376 38 381 385 3863 391 39444 40036 41 42 4202 423 426 434 435 438 4389 4699 488364 4907 49201 4934 5169 5200 528241 528242 547 570 5764 58 5877 5890 598 6077 61 63 631 6313 64 6557 6681 67006 6753 68068 705 734 7443 757 7601 79 7900 822 826 8260 830 8379 9062 959,663
100152 1048 1075 11010 11118 12335 1290 1301 13306 141534 1561 1564 1593 15939 16290 16425 1710 173 1804 184369 184913 1850 187 18999 1903 191 194 19681 19896 19897 2018 2033 2074 209 21049 2160 21610 2213 2250 22865 23073 23543 2364 23758 23790 2683 2709 2755 2769 27714 291645 314 3272 34660 347 354 35570 37 376 393 4006 40342 41 4127 4169 42 42091 423 426 437 445 46936 49672 5049 51 527 54102 5507 5577 60 601 6093 615777 63 631 63352 68554 69 69027 706 7194 7202 748 76175 7678 7712 79 797 80 81379 8437 879 8882 9152 9236 93 941 9506 959 970 9947,343
103917 106 10838 10839 109312 1177 121274 1305 137260 14583 14789 150 152164 158514 176254 183 18579 204962 2115 2151 2163 2184 23131 23354 2507 26596 2685 2937 3218 326 328 331 337 3469 35424 38 393 40582 475830 4821 50401 512081 522209 5257 5454 555596 5594 57 66 666 6700 701777 726 729 759 80 8051 83 8849 89586 93 992,83
102 104 108154 113 114386 11651 118367 1214 135 1514 1792 180 1849 2018 23269 2352 2373 23876 2525 2685 27129 29907 304 312 314 319549 3367 3519 3733 3738 376 381 3937 41 42 423 46675 4987 503154 51254 53943 5507 5577 598 6157 62517 6893 6944 7267 7270 759 7806 79 797 7983 8437 847 878 901 9062 923 9236 92710 96294 9746,209
106 1127 1163 1248 1287 14132 1460 1597 1600 1653 172 1729 17366 1839 18507 216657 2279 2357 237 2381 24014 24377 2656 26566 2683 2685 26888 2723 28969 330318 34195 35198 354 369040 38 41 413142 415 42 423 4288 44883 4573 5086 546 547 5581 584 5891 59691 607577 63 6322 635501 651 69 7003 701 7511 762 79 8776 878 8801 89544 913 92366 9553,256
1048 109143 1095 11366 11459 11667 1275 133101 1357 138 1576 160439 170461 174850 185469 18567 193 2074 2250 2364 24946 2499 2526 2541 25682 26538 2683 28169 312 3309 331 3367 3412 3527 354 357 376 38 382 40502 41 423 428 43371 434 460012 477260 508 5138 5161 5251 527 5301 531 5381 5423 63 6597 66193 6681 69506 8257 8430 85048 87550 96775 9746,107
10321 10544 105969 106 10637 11072 114402 116071 11805 1320 13292 1441 151 1525 1526 171200 183 1849 195785 20099 203596 2098 21715 217193 2200 22323 23108 2335 2338 242521 2437 24579 25075 25179 2528 2683 2685 26981 28752 3114 326 32611 3271 33224 3384 354 375353 3874 434 435 43735 4558 49 4961 507 5227 5458 547 56266 6893 7009 7202 7494 7498 757 7669 8024 8089 831666 831680 831681 878 879 950,475
104 109155 1163 1168 118466 133 135 135307 1455 1509 1511 164923 1749 176304 17876 22951 2360 249019 2565 26154 266728 26673 3032 315 323 3241 3487 35391 38 5106 5169 5442 5506 58 63 64 6482 7211 7671 79 795 797 8202 92713,1439
104 1075 1153 11578 120183 12064 128724 128725 13267 134 135 1454 150 1576 16611 17034 1757 1760 183 1849 1932 1967 19768 20501 20758 2086 209 2187 227 2364 2369 2683 2979 311 312 313 314 339478 339479 37953 41 42 429 43059 4458 4937 5 5411 610501 610502 63 67900 71684 7558 79 797 87 886 8923 93 94494,79
100163 103756 1045 12100 1337 13615 14904 15164 15182 156151 1608 1624 1710 1712 17288 17515 1773 180 181 18169 187 1897 1952 2023 2033 20966 2115 2176 2237 231 23308 23397 23790 2525 27124 2730 2861 287886 314 32338 326 32698 34530 376 381 382 391 392 39547 39548 3966 41718 422 428 429 430 434 435 4432 4453 457191 45752 466 467 50 507 5122 51271 5313 5429 5679 5983 6157 63 666 694 702 709 7288 743 79 7956 83560 8437 85258 8630 941 9513 959,557
102500 10436 1048 106 10755 11979 1214 1215 124162 1255 1259 1357 13638 138 145930 1468 151 1522 1539 154750 154751 15749 15760 15875 1671 16833 17129 173613 177 1812 1813 183 1860 1887 1903 1926 194 20174 2018 20303 20581 2063 2157 22461 22578 231468 2364 24265 2430 2526 25452 25972 2606 2611 2640 2730 27851 2790 3092 315 323 3254 331 33981 358059 365 38 3956 40385 40386 4184 425 434 435 4712 48080 505 5138 5200 5298 5440 5547 5549 5579 57 5821 6255 637121 63981 6672 701 71238 75762 79 81709 8238 8321 8553 89940 9136 950 9590 9643 97282 99472,632
100296 1048 104974 108441 119823 12283 1301 1511 1514 1593 177 1849 191622 206 209 2194 225478 23332 2688 31 3112 3114 3141 323454 324037 3255 3412 34537 3540 38 381 427 432 437 4558 5120 52080 5256 5456 556993 5893 631 64 65476 6894 7202 734 7379 7412 756 7560 758 7876 79 795 8645 8811 901 9273 9276 941 970 972,223
1048 1075 10871 11015 11667 11680 11684 11702 11766 119674 12018 1216 121629 12228 122616 12275 1301 1310 1320 134501 1460 14921 14999 15444 1571 15727 1574 1575 1576 1594 1681 168708 172 17884 180 1804 1849 1857 191 1981 2025 205 20651 206616 207 2098 215864 2239 2240 2335 2356 2364 2429 243511 25520 26015 268 2685 2705 27597 2811 2988 30279 326 333 336290 340982 3540 381 3874 394 400194 40533 40667 427788 4288 429 4426 4562 5007 518321 529 5653 56950 5882 60 602 61155 6252 6893 69 69439 7209 740958 7464 7540 764924 787789 79 7973 8437 8512 878 928,181
1006 10202 103 10338 104 1048 10491 10592 106 1075 1095 11003 11219 11389 11582 11586 1162 12259 1282 129080 1301 1318 131807 132 135260 1357 13644 13809 14143 1427 1431 146 148 15086 15527 1571 158812 16186 1625 16824 169567 1710 1736 1761 1800 183 18332 1860 187 1896 1919 193 1930 194 197 198398 2004 2023 20586 2074 212389 213 2147 2163 23254 2364 245 246 2469 248653 25223 25632 2663 26692 2709 28259 29046 309 31 314 323 3293 3309 33918 3406 3539 3720 37301 376 382 38691 396333 4091 41 416227 42 423 426 432 452078 45647 4668 4696 46973 469838 48 508 5095 5313 5507 5565 5751 57791 58 590 60 6075 608 6133 63 69 703 7721 7806 7819 79 7938 797 8260 840647 8409 8437 861 8632 878 8894 9000 9260 9649 97 989 9921,356
1095 1168 11864 12063 1243 125175 12827 13 1304 13310 1421 153410 15948 1622 168678 176964 17818 1849 189261 194 212 24667 26811 2683 2688 27361 2764 2931 304 30692 314 315 328951 328952 376 381 392 4006 4029 41 41478 42 428 434 435 460 499113 5679 58 602 6193 6482 69133 701253 7575 7617 7791 79 792 8054 816 8573 886 901 9029,445
10021 106 10786 109312 1095 112781 11404 1168 1243 13843 1433 146 1506 151 16614 17066 170992 1712 172 19837 20432 207 214 23269 250895 25810 26521 26596 2685 294327 3020 31 314 315 326 328 3317 35424 376 382 385540 3880 3972 401414 401415 4181 43 44 45550 464262 4648 47788 518163 547 59463 608 61 617954 63 676 6893 69 699 7669 7804 79 8537 9062,406
1095 11592 11799 12204 1263 1347 1372 142 14206 1454 146286 1570 1705 1857 18848 191 19275 19391 19392 194 205144 207107 2163 21678 2269 237 250 2500 25912 2610 3027 3059 31 314 323 34078 35582 381590 429 434 435 4475 4668 495 4962 507 508731 508733 51643 5644 582644 5884 64 6482 65195 6735 69 7206 7288 729 751849 7540 7553 79 823 847 853077 8866 913 9341 9545,783
10371 106 1075 11509 12470 1301 13092 132 1320 1340 13467 1453 14739 14902 1496 150 15257 15258 15734 163 17388 174 17600 17601 1763 17718 1778 18377 184 1849 1861 1901 2098 2186 2237 2335 2364 2685 2709 2711 2861 3037 326 3281 332 34627 354 386660 387 3874 4009 426 427 47828 4959 5167 52413 527 55415 5635 57 59247 59248 619 6337 6893 6934 722975 738 762 776812 79 7946 821 834 878 89 90047 990,130
10346 109 10979 11328 1168 1191 12140 121817 12387 1251 13106 132147 1336 1337 13844 15670 162054 1625 1785 1827 183 183107 1839 191292 20107 21590 2201 2266 2349 23905 2440 263702 26439 268199 27190 3141 323 32469 3541 35717 360 36050 379 381658 4433 4434 454900 4868 4924 50717 52424 5388 58 63 6382 646 6482 653 660822 66497 70449 70450 729 7435 7515 752854 79 8151 889 9174 92188 93170 959 968 9726 9949,146
106 118126 1211 1228 12960 1320 151 16709 1849 1872 2098 223 2335 2380 2685 273075 286565 297344 297360 312 333 337 3540 355 3647 3710 38051 38258 394 42752 434 435 455224 4575 46879 4861 49 515193 56273 5718 599356 63 63172 6448 6893 713 722689 758 7672 781137 79 878 97 97720,474
103645 104 1075 1219 1243 1248 12556 1301 1314 132 13231 13253 133 135 1369 1371 1372 139 14016 1420 1421 1517 155528 16199 1633 1824 1851 1864 21313 21606 21691 220 2213 2262 2282 2465 2469 26298 26497 26744 26783 2709 271033 271456 2730 27747 304 33812 355 359 372 387 41 4169 438 445 490 5 5007 507 508 51 53603 5423 5628 5684 63 631 63332 6935 702 70742 736 759 770 79 8077 819 8203 8289 84966 8525 8526 85698 8868 8882 8891 93 9416 97 98630,209
110363 123805 1301 1304 13101 135395 13973 1526 16744 1736 181 1849 1860 187 18855 1897 19057 2007 20262 2055 2115 2163 22080 23423 2364 23685 2538 26849 2685 26873 294601 3033 31066 313411 316 320661 32098 326 328 33700 3789 392 397686 428 434 435 436396 46632 4738 48 488 508 5124 52790 5429 5442 5506 55137 5577 6093 6131 6700 6893 69505 7209 731 7450 7788 79 822 83 901 91 9436 96872 9746 9801,663
104 10799 1188 1252 129848 135 1357 1442 14535 14615 14774 1608 18507 1935 19893 20062 21047 215 2323 2360 255965 2858 28838 3277 331 33628 3859 4217 422 423 4432 4476 4695 4910 5 50 507 5313 5411 56855 57 5877 61 63 67979 681 7678 79 877 9604 9606 97488 9775 997,74
102 104 1057 111305 112459 1153 11578 1181 1232 12960 131 1347 134876 14868 151 1526 1849 19223 198094 205 20507 20908 21539 2164 21941 2201 223 2352 237 24344 246896 25385 2685 2939 315732 3208 323 326 331154 331353 357 36264 365 3710 37466 379 38258 388082 40 425434 431 434 435 4849 508 5486 5684 61750 6224 6448 66875 671 681323 682258 682259 6893 739 740730 757 7619 7900 795 8029 8645 877 88849 89109 89110 9136 9462 95131 964 972,473
10202 1033 1048 10612 11328 115040 1181 1188 139 1441 150 15386 1622 1716 173 1736 1758 183 1896 1897 1928 213 2186 227 27721 287 301 31 3147 316 32753 337 33918 3490 360 363273 36707 370110 381 4058 41 41207 417448 42 426 4424 4475 48529 487 5092 50923 5180 5272 538 5831 59408 60155 63 6311 6418 6643 6696 68098 762 8107 815473 83 838 8614 93 976 99596,193
10255 10256 1127 11273 114 11773 12356 1243 1263 1280 13165 1357 13776 13995 1406 146 14679 151 1515 1518 16 16167 17196 174614 18742 18924 19710 205 20868 212680 22257 2372 2507 253548 2583 26021 269 27812 3027 31575 318 3240 3241 326 37479 4051 4054 415 434 4460 463 464 4689 4902 5115 51237 51878 5197 5264 538762 5449 551 5581 5777 582 584 5840 6075 6686 683 706 7244 733 7465 7470 75545 758 793 80 8328 855 871 886 9745,267
10070 100814 100815 106 11129 11219 1163 1174 1183 1282 1301 1337 138 14601 150 151 15196 164079 1817 184 185020 187 19271 20170 2023 20531 20728 215 2157 2162 223 231719 2352 2359 245 25405 2709 2797 2871 304807 305016 30876 314167 33152 335904 407235 41229 4141 432 4405 47613 50156 5106 51736 5497 5577 56832 5777 5914 59222 603 6221 6452 67116 67117 703 729 7547 79 8379 8893 89849 925 94227 9436 959 989,81
1 104 1095 1219 1240 13927 1517 1529 15795 15857 17458 1746 1757 195 213 2151 22578 2338 24217 242273 245550 25062 2507 26496 29446 3089 31 323 32613 3300 371099 37765 3876 400936 4370 4480 49832 52495 572913 602550 6123 64 6701 6842 688025 700161 71131 735 7547 7627 7639 79 800 811 822 901 907 96893 9712 9729,112
1075 110 1130 11361 11673 1174 12119 122924 12793 1321 13465 141204 1462 15195 1524 1608 1617 17302 1752 1827 184 18643 1870 2005 2035 2146 23284 2334 2357 2364 2465 2469 2525 2611 279 2880 3037 30670 3089 31 31338 3218 33164 34051 36152 379 385992 39451 39486 3954 39679 41180 4127 418 427 434 435 4498 45723 46090 4808 553573 5654 580 592 620255 631 67749 779 79797 83939 8432 8702 877 923 944,2119
10269 1033 10748 10957 11170 113665 12175 12804 13298 1382 1453 15312 15576 1712 177 1849 19575 2060 2134 2174 2292 2355 25210 2709 27361 2777 28379 28382 3033 30617 3141 316 32226 3539 36079 41 42 445 4502 45833 4855 49352 507 52555 55559 57 5839 62672 6426 65183 69036 7096 7450 773 7788 7977 8207 822 8298 859 8989,246
1 1048 1095 110972 1168 11946 127019 140962 1465 1530 1593 19403 197540 198024 2150 23141 2710 2713 3027 310204 3175 3255 34282 3439 34681 3540 3662 36934 376 381 391 392 394 41 428 434 4492 47622 5 5138 53497 5409 602 6043 61 6853 70 70150 79 795 8140 915,170
1048 106 1075 10909 1153 1163 1177 1214 1215 1274 1301 1304 131 1314 13287 13688 13713 14072 1450 1571 1593 17025 17026 1719 175639 1759 19094 191 19188 194 210 2147 21715 21942 2286 23269 2352 2357 2360 2364 2469 2547 27473 28962 2957 295955 31 325 32510 326 3296 3539 361 372 375 376 40 400 400577 4029 4147 426 42771 434 435 44195 449483 4502 45875 463 468195 477650 48345 496 4994 508 5095 5316 531646 5472 5610 58 5993 63 631 6337 6390 6533 65602 69 74442 748 7791 80417 823 8257 826 8268 8292 8380 878 886 8866 9109 91941 93630,516
10134 1033 10398 106 1095 1214 12322 1240 13101 133690 1337 13388 136890 1372 14119 14120 14353 1442 148 14819 151 1523 15459 1624 1712 17238 173 18148 184 1849 186 1952 1953 19702 2023 2026 20429 20501 20871 209 2097 2356 2357 24411 2638 2659 2710 274 29746 31 311 314 323 32525 3256 3272 3275 3278 3300 333 3359 354 35441 359 365 37 376 3859 3873 388519 3956 4071 41 4176 42 428 4306 434 435 4475 4570 4699 4854 4994 5007 5041 507 508 5225 52646 550342 57122 58251 5884 5886 59142 591779 64 67282 6887 700653 7206 7450 757 7790 7791 79 7907 797 808208 822 826 827023 830 834 872 878 879 88520 8998 90 901 9488 9545,1289
10334 1075 11214 11459 1214 12563 130 13236 150 1518 15791 159975 16113 16191 173 1732 17604 18185 1880 2164 22463 2356 237 2382 26546 2683 2711 273 2881 296601 29816 312 316 323 3271 3359 359 3789 4432 48 4828 4941 5332 55009 5600 5614 5695 5696 608661 608904 6221 63056 63981 6482 7074 73818 7898 79 797 821 847980 879 92269 96022 9775 98924,263
1 1006 1016 10160 104 10544 106 106334 10643 10902 1127 1134 11518 11946 120426 122791 127743 135833 13779 141 14161 1417 1419 142 144383 14998 150 1528 1598 161581 17360 17616 17737 184 1860 1880 1897 209138 20959 215 2163 21631 222483 23339 2352 2469 24932 2565 2641 27106 2871 2878 3014 3159 3255 326 3275 33424 34062 354 381 384724 38571 392 4202 4211 426 427 43990 44336 445 46441 4696 4941 4987 53630 537664 5458 5467 54716 5653 574 57492 57951 58612 5862 60399 6130 6189 6284 6931 7196 7208 7616 762 78503 80 8031 816 822 83070 831 843 874 913 9137 9268 9269 959 966,303
1 102 1057 1066 1075 10943 112457 11414 11499 1237 1243 1245 129748 1301 13011 1310 131656 13302 1337 13416 13644 14050 1441 14534 150 15536 1571 180 184 19170 193 195626 20488 2250 2364 2713 27750 2798 2909 29342 300 3037 309 312 31618 3255 33188 33438 3367 3442 3648 382 40016 4065 41 42 428 434 4492 46024 4764 4910 507 508 5106 5155 53396 5452 5507 5663 58 59363 60 6051 606 61 61526 63 64072 64073 64074 69 70720 7138 7209 77658 787 79 795 8104 8257 8292 838 8437 8547 8714 89811 9626 992,145
101665 10273 103805 104 10528 10943 11064 11582 12812 132 135 13590 1362 1384 14435 14772 14909 150 15303 1617 1713 173 18106 183 1859 188632 18893 194329 20701 2074 209098 2092 2097 2149 2186 2250 22634 2279 23322 234678 2364 247142 2538 2685 27573 279595 279596 279597 2799 2909 312 315 315724 3281 340954 35946 3939 398406 4091 4288 43261 434 4492 4808 507 5201 5328 540795 55170 57 58 5862 58724 6462 6893 701 757 7791 79 793246 795 797 8193 8202 83366 8437 861 871 878 8883 9956,291
10705 1104 11651 1214 122607 12656 13317 14531 14678 1514 15827 159 167397 1710 181 1849 187 191 197 20897 21571 223948 22401 227 25647 2764 2809 2810 294532 299 326 3271 381 389111 395 44377 445 4808 5064 51538 580 58253 63 7310 74 7494 779 79 8702 8781 96079 9895,153
10505 10644 11604 12403 124636 12496 1302 1303 13195 134079 13886 14065 150 151 1526 1529 15762 15971 16068 18385 19364 194 19843 209 212 23140 23269 2437 26352 2683 2685 273 27307 27755 28169 28709 2934 299013 304 3058 31 3273 330425 354 354348 376 379 40 4123 432 4330 45554 4581 4819 5086 5288 546597 5509 5602 5916 6270 6377 6468 666 68 6985 704 70932 729 733 7503 757 7870 826 8704 901 91 9144 9868 98744,269
1095 12742 1320 13397 1441 14676 147555 1529 15321 1745 1773 19455 1968 20772 220 237 24898 25018 2564 256821 3172 319535 323 327567 37036 43 4868 49 501 52424 554725 5735 574686 759 7640 79 80 851712 86000 94163 959,48
1039 104 112727 11598 118 1214 129181 12992 13547 14132 1517 1573 16275 1647 1769 1849 195 201 209 218052 2201 25630 25747 264986 2685 31 3141 32253 32971 34447 3738 38 3868 387941 40451 427 437 4857 4870 491074 4934 5074 5138 529 5419 57314 5823 5877 64205 6893 7003 7194 729 730896 759 7791 7806 784 789614 79 821 878 879 9669 973,223
10119 10501 10705 10794 109 111465 11391 11443 11522 11526 11658 11682 119926 119927 1223 125273 1263 12681 129065 131 1312 13165 1321 13236 1337 1371 1372 1382 1442 14850 14938 14964 1526 1529 15293 15296 1622 16404 1732 1755 17896 1793 182771 18299 18567 187 18760 18985 1945 20184 20868 209 20939 210 2164 231222 2356 237965 2394 2534 2565 263 273 2871 299 30873 3090 339 340 3412 3485 35097 35990 381 391 39716 39717 40 405 434 435 45487 4570 459 464 4653 4934 494 495 505 5113 538 5383 5502 5614 574 57444 58 6189 62698 62699 63 631 6334 634 649619 6554 6701 683 6975 7206 72235 72734 7365 739 7505 7648 766443 7669 7685 775069 787 79 792 812 8366 868 9237 9422 9513 96315 997,569
105600 10794 1095 113389 1168 11682 119103 1301 13388 134 14052 1441 15343 1570 1625 1697 1773 1800 1830 1849 1896 191 194 2027 2086 209 2097 2184 23269 2352 2364 2382 23971 2541 2663 2664 2709 276005 278 30503 3114 31165 312 3132 315 316 323 33365 35198 382 3894 393 40543 4502 4910 4994 5091 5115 5138 527 546 55040 5581 558362 563885 5884 608762 63 6457 65692 6863 6886 6893 6899 706516 7068 71849 729 731315 752 76412 7678 79 792 797 7977 822 8257 826 859 8850 901 9298 9745,329
102 106 10888 10929 109944 11223 1140 11552 115738 11577 1160 1200 1216 123803 128020 13032 13155 13465 1395 1403 1450 150 16007 166489 16799 1684 1686 1687 1688 17545 1760 1773 17750 1808 183 191 195 197 2068 2082 2098 215 21884 2203 22882 232478 235 2352 25307 255791 25826 2615 28 299 3032 3092 31 312 3147 3150 323 326 32885 337 35828 3619 3620 365 3781 3795 38342 41 42 434 435 4404 443 4777 488 513 5165 5197 5448 5553 55805 5626 586 612328 64 6571 66 69183 69366 711 743 7806 800 815 8273 8487 8676 86845 8939 91 91949 9246 9545 96562,525
102 103141 110995 11168 112617 11404 11461 119 12044 14030 15458 1576 167222 17538 180 181 1849 1857 186 193 199403 2023 2035 2038 2187 23932 24095 243655 2507 264430 2685 27317 2901 296261 299 314 3141 315 3175 31997 323 3324 354 3749 376 37744 3939 394 40036 41 42 428 4324 434 435 43538 44028 4460 4699 48746 52207 5507 5540 5877 6069 61603 64 6482 665 694696 73435 737 7788 78708 79 797 8005 824 826 838 84190 8437 851587 89849 9100 9182 9266 9487 96859 96860 9746,537
10133 10134 101635 10416 106 10608 10615 10644 1093 11163 115738 1168 12145 124011 1243 1246 1320 1411 142680 1441 14487 145 145308 1546 1563 1622 1631 1632 17164 1745 17551 1806 18425 1849 186 187 194 19606 1968 2056 209 2098 212 2162 223 225337 2335 2437 24722 258312 2685 269662 2710 2769 2777 28381 28463 2879 29189 3027 3079 315 3172 3190 323 326 347 3490 3539 35670 357 377 381 3862 3874 39905 409 41 4124 42 42344 43479 438 4696 487818 49 53058 5378 54641 5775 6104 6252 63 6482 65 667 6703 683996 68499 6893 708158 780 784158 7870 79 7965 824454 834286 8401 8778 878 95509 959,566
1010 106 107148 1075 11015 123546 128261 1290 1320 13241 13389 141025 150688 1712 1734 1849 1935 2074 2098 2117 2335 2469 2685 278647 285398 29907 31 3141 315 326 33737 37041 3772 381 387288 3874 42130 427 434 435 4373 4562 4670 46879 469820 49 5411 57 5983 604 608 61459 63274 660410 66323 6893 698345 718444 718453 79 794368 794512 8292 8386 8437 85795 8662 878 9287 97,426
101238 114 116190 1168 11947 1250 12608 1302 132 13660 143 148751 1496 1498 15065 151 1517 1576 1578 1719 1804 183 197 201257 2082 2163 23055 2352 24395 2535 2641 2642 26705 2871 28726 3027 304 3094 3276 354 37202 388230 3956 445 45162 4789 513221 5249 526375 53251 5404 54149 55119 5577 5600 58317 6505 666 69432 731 735 743 752 77478 797 8184 8636 901 9266 9404,452
1021 106 11598 1214 12687 1320 13642 14839 1524 1579 1617 17064 1763 184 1849 1976 2042 20439 209 2097 2098 21112 213649 213860 215 2201 2335 2423 2469 26583 2685 281 29602 29603 3089 3141 326 33312 3384 3469 3474 3555 364944 3812 3873 3874 434 435 4561 4573 45967 472835 472836 47812 4937 52413 5328 551 5514 5719 5983 60421 61565 65038 6893 7003 709359 709360 709361 7203 742521 74740 799152 8239 83 878 90555 918,2999
102518 102519 102520 1048 108389 1107 12322 12356 12707 1301 1372 147717 1579 163 1662 17039 1708 17357 1771 178 183 1849 1897 194 19460 2074 2216 2292 230 23419 2465 25 2710 272 274 2873 2938 299 30731 3086 3088 312 314 326 353024 35601 381 3873 393 39661 40 4094 418 43 434 435 43533 443 44924 459 4869 4943 4959 5 5086 52803 5388 54396 547 5510 5526 5555 583 61603 63 6410 6681 6740 6893 69 701 72 7206 7310 7450 757 7700 7788 79 795 8055 815105 8262 8352 8596 8808 92788 9658,496
10134 102240 104510 106 1095 10991 1140 11773 1297 13886 14119 1529 1615 1638 172295 18981 1901 209 213 21976 2267 23472 2364 2434 2462 24946 2622 300 30788 323 3276 3281 3412 34138 348631 365 381 400 4169 459 470 53716 5390 5654 585934 61561 6269 63417 646 6694 676 699180 7325 7402 7503 819 8257 9245 9266 9515,189
1007 10078 10261 10334 103668 1048 106 11965 1232 1240 1320 13235 1336 13802 1442 14631 1551 1569 1602 16020 16142 1800 18150 1849 190007 19560 20413 2074 2098 213 2164 21905 219388 2250 2253 23287 2335 2352 2364 239164 2453 2501 2685 2757 29659 299 3078 315 31733 3208 326 3278 3324 375 379 382 3874 3979 41 414817 418 42 428 43002 43299 445 4509 460 464 49 4904 496490 5091 51642 5260 527 5357 5507 551 58640 64 643692 65038 6730 6757 6893 7124 727041 737 738 7435 753620 753621 7691 79 802511 8248 8256 8342 839 86148 878 9244 9334 941 9971,197
10462 1048 10510 1065 11074 11098 1252 1275 1311 1337 1362 14320 148537 1496 1525 1526 15355 15838 177 178228 179 181 1856 1880 189001 191 20151 212 2139 223899 2286 231446 237 2372 23882 2624 280 30320 323 3272 3429 350626 360 381590 38694 40113 403 4077 4178 43371 4432 602 607 6077 60863 6090 61 6103 63 6482 685004 754 756 759 7806 79 793 989,261
1021 10255 10256 104 11383 11412 11519 11702 1177 118 12274 12718 13101 1311 1321 135 13770 13995 146 14633 14769 156306 1602 16273 164 1668 1694 1732 174693 1773 17737 180 18481 1860 1919 19600 202558 20501 2086 22199 227 2336 2407 2417 24844 2488 25079 2540 25972 2663 27640 2881 29828 31 3150 31923 3201 326 3272 32810 3320 34997 354 3540 376 379 381 382 383 383762 40557 41 418 41997 42 4280 4696 471165 4885 4914 4916 4959 49855 5 50476 513 528577 535 5411 5669 576 580 60 6103 624482 6284 63 65060 676 686 7310 7470 7575 7806 79 80 8014 805750 815 8172 822 855 8684 886 9042 90456 91 93 945 9488 976,156
1021 10706 1075 10865 10884 112647 1132 1133 1134 114773 1154 11582 1367 1381 13927 149856 151 1524 1526 159 1745 19466 19768 207 20745 2075 2086 217773 2248 2250 2360 2364 237 248077 24820 2485 2501 2507 25531 258 2642 26596 2663 2685 28104 3089 31 3103 3109 3158 328 337 354 3542 3740 3789 379 380589 391506 39666 422990 422991 42390 434 435 435929 45445 48 48472 486918 487588 487676 4929 4994 507 52026 5227 5246 5415 54794 55624 5621 5624 575468 61833 6191 6195 63 656011 6757 68 6893 700294 70604 710252 71654 7177 7250 733 7339 74 7494 78 7804 781 7895 79 7938 826 874 879 8968 90 90090 901 935 941 95535,638
10748 11619 1171 11719 118657 1245 131 1320 134343 1347 146605 14934 15244 1562 15864 15865 15866 15867 15868 15869 160405 173 180 18053 1807 1849 190102 194 198 2003 201671 2042 20501 2098 212 217814 2250 2251 22944 2335 2360 249108 250 2526 2669 2685 2798 3025 3037 3073 309 312 315 3157 326 32705 3272 371425 3721 3874 394 400023 41 42 438 45112 48321 49 5106 51606 5507 5581 57 60 6051 63 6352 67043 676 686 68826 6893 71080 711 713 73480 7683 7720 7788 79 80526 821 8292 8306 8437 8438 877 878 8823 91203 9237 9416 98,481
10913 109259 1095 1111 112596 114 1154 1181 125519 12823 1290 1301 13048 13389 13444 1473 1475 1498 151 15478 16269 16526 16716 169567 1719 17378 17788 17808 1804 1967 2096 2272 23269 2335 2364 24639 2479 25223 25818 2611 2685 2709 27755 2816 2911 323 326 3276 33935 34131 35747 365 376 37980 3812 382 403426 4547 482 502 51107 5621 5719 586 58654 629487 63 6568 6696 676 6887 69 7239 7255 7494 768 7870 79 8059 822 8257 8379 83803 844732 859 9244 9649 9700 9804,539
10177 1033 106 11048 11113 113558 115375 12044 12095 12445 12447 131 13101 1311 13450 1357 1367 1377 1442 151 1593 16060 1667 1712 1713 1719 1736 17402 17751 1807 1849 1861 187 19111 195818 2047 2097 2151 2164 2168 220 221876 23269 2352 2356 24010 24556 24557 24558 2479 2674 267530 2710 2711 2880 2929 29907 300122 306 30601 308375 309 312 31267 314 3275 331 337 36319 36712 376 382 391 394 405 4077 41 42 423 425 43 434 435 4378 4723 48153 4816 5 50 5041 5086 51332 52782 5313 547 5506 5614 5654 57 5803 5985 598815 598816 60 6156 624946 63 6346 6406 681 6824 6853 6893 69278 7218 734 770 7806 79 8262 874 886 901 9023 90456 9062 9136 9236 9312 9357 9503 9504 9721 997,504
102 1036 110665 1145 118 1188 12447 1288 1311 13592 1403 164 164366 1705 1763 1772 179662 183 18303 187 1961 2023 214958 2286 229 232132 2500 25080 25992 2685 2711 2758 27799 289114 326 367862 37245 38 382344 41650 424 426 44993 4502 4738 4764 48012 49889 56302 5731 586 598 6893 7197 7578 7694 779 7932 795 797 848 8724 878 8942 8944 915,154
104 116440 11694 11695 1243 1296 12975 13016 132834 132843 1358 143 1442 14848 150 1564 1604 1605 1606 2074 210 2201 2282 2530 2579 2641 2642 2683 3141 3412 34519 354 374431 3831 384 3888 391 425 428 434 435 5052 5091 515011 5500 5502 5777 5877 6681 681 729 731 73242 7353 7677 80 81811 8200 8202 83233 8430 8437 855 901 9287 93 9747,801
104 10822 127952 13397 135 140810 1454 2055 21572 227 230 23403 28716 28717 288383 3114 322 3317 3318 354 35498 36625 40170 41 41572 438 5161 5228 53742 5402 6007 63 6852 6853 6854 7038 7194 731 759 7632 76859 79493 80 8207 877 879 93 9840,51
10104 116547 121467 12413 1243 12960 1337 13644 142 1442 144828 148255 14904 1561 1570 1571 16430 167510 17278 1729 17315 17404 1745 177 18425 1849 2047 2074 20959 215 2151 223 22950 2352 2507 2683 2685 2710 273 27566 27987 299 3027 311 312 32116 323727 324 3255 326 3412 354 36237 3710 38 3802 382 38258 385 397000 40 4152 4185 423 42378 4365 4580 4816 48345 49 5005 5181 5313 54020 5502 5775 61453 63 64 6448 65479 676 6893 72002 7209 7379 7454 75032 75268 754 756 7721 79 8437 859 86014 86015 861 8645 868 877 91 9289 93 9956,450
1015 106 1075 11450 11579 11582 1168 120273 1211 1214 121632 1245 1304 13042 13302 138 140674 1453 150349 151 15196 1576 1601 1622 164923 16972 171161 1735 17983 18108 184 1851 187 18750 1883 1891 1919 2149 2157 217500 23273 2352 2364 24984 2500 25723 2685 27068 2711 2715 27842 283456 2896 2940 2946 2958 30371 323 353280 36708 379 391084 392 394 4064 420 425 435 43986 44435 445 48 48854 49216 496070 5 50467 5161 51678 546 5588 5610 5614 5659 5727 5768 579 63 6482 6646 6893 701 729 73256 75 7595 7642 7747 7791 79 797 8020 8257 843 847 85340 8613 87282 878 968 976 9969,1557
1036 1048 105 1071 118659 1216 1243 1263 1282 141167 1422 1442 1453 14534 146 1523 15474 1620 1622 1625 16567 177 181 1821 18535 1880 1910 19519 19532 20019 2005 2074 208 2081 22805 230 23022 2352 248522 2730 2807 29145 2979 315 3159 316 3223 326 3293 38 3966 4006 423 4280 43563 4489 452921 454953 48115 482 49427 5052 507 513 51882 5372 5406 550926 577 60 602 605 63 6389 64330 672 6898 7244 725118 759 770 79 8352 835766 8437 886 9017 9138 9285 959 96 9887,302
1016 10349 1048 106 1060 108198 1095 111459 113610 1168 1181 119393 1312 13192 15053 151 177 183 18854 19104 19206 20070 2068 2080 2132 2286 23723 23724 23744 2508 2526 2565 2611 2670 27005 27158 30519 305770 310 311 314 326 3521 3540 35441 355345 361153 379 38 395 41 42 434 435 445 4863 4907 49202 504 5074 51882 5533 731 7379 7619 79 8523 862 9482 9710 97281 976 989,583
1005 1039 106 10747 1140 11713 1250 1251 126770 1304 132879 1395 1403 1523 155146 1559 15665 1570 1573 1582 16097 1637 1659 166595 17033 1806 1807 18117 18670 1935 1936 19392 194 2003 21069 2231 2416 2534 27002 2710 274186 274187 275882 275883 275884 3027 3031 332156 3386 3412 3489 35314 36271 37019 37837 410913 41286 422 423 428 42892 429 431 4404 4429 4845 4910 5 5025 507 5114 51997 5506 5581 57742 606 607 6447 658 6681 68587 68879 69 7277 76 7625 768 76845 80 822 8346 85164 8577 872 8939 901 9483 9591 976 9843,258
10124 1048 106 1075 114083 11414 11445 1200 1214 123710 13042 1320 1364 13829 13843 1593 16172 16847 16937 1849 205 2075 20784 2098 2130 23106 2364 236635 250 2631 273 28219 297360 297361 3033 31 31070 326 3262 3329 33703 354 3540 38 3873 3874 392 40 40385 40386 41 411 42 423 4244 46620 46621 4861 5 5065 5297 63 631 665 7011 79 80 822 8257 83 8632 873 877 878 879 8972 9273 9936,150
1009 106961 11514 1153 11815 1252 1263 12814 1288 13016 1336 1364 13814 151 1518 1571 1694 1757 18057 18058 18059 1843 1849 19340 19345 1952 20701 2074 20825 21282 2150 2164 2175 22069 226324 2364 242244 2434 2484 249 2534 2755 2797 2807 281115 2896 299 3027 3087 31 312631 315 32596 326 3309 331 3367 347 34847 355 392 400 40862 4127 43350 434 435 43709 45104 4550 4567 47922 49 49130 4950 5 5049 52186 5249 5357 57 607 6075 609 63 64 69 7228 7450 74935 7527 759 785116 7870 79 822 8257 841448 8457 861 877 886 888 8948 9038 91158 9148 9237 941 9436 94389 9497 9501 9506 9513 9711 98630 9880,656
10133 1033 106 10630 1095 11786 11924 1216 1243 127125 127356 13 13150 133 13320 1367 138790 14119 143 1442 1454 1522 15537 1604 1659 16632 17902 181 18425 1849 18510 187 1883 1896 1980 212321 2164 2214 2292 2336 2338 2355 2465 2540 26152 262261 2683 2764 2777 28717 292041 2931 3033 315 3217 322 323 32569 3275 3324 34530 3539 3649 37495 376 3800 381 3876 39905 41 42 42306 428 429 4579 4580 4699 5 5161 5191 52712 547 55382 5581 5605 57 5886 59525 607 62491 63 6313 6462 6534 66798 6849 6893 750977 7870 79 822 83 834 8492 8998 901 9237 9308 9944 9988,264
1 106 10748 1107 114 1153 11674 1245 1282 13048 1311 1336 1419 14328 1444 1460 151 15460 160072 1827 18733 18794 194 205 20501 20581 2097 2352 2372 24411 2484 2507 2530 2685 26916 269604 271 2836 2841 28864 3089 31 3255 326 3276 337 34893 37152 38 3831 405 41 4127 42 4305 445 44517 446725 4488 4529 474 4809 5614 5830 5831 6308 6688 6975 70449 70450 709 7274 74776 757 7831 795 7979 8297 8657 8845 8885 8951 9076 955 96 97191 9804 992,247
10146 10164 1048 10550 11168 11617 124669 13 1301 13201 13287 1337 134 1385 142496 1460 1536 158541 1594 16890 1710 1746 1749 1756 177 18446 1849 1856 18577 1859 1860 187 1880 18801 1910 20292 21313 21439 2250 2278 23308 2341 2361 2364 237 2484 25508 25582 2683 2685 2709 27206 2755 2769 28221 28381 28716 28717 2941 299 3025 31 310 3300 336355 3367 3412 3505 3539 354 36976 379 391 394 4236 43 443 44878 45017 4502 4562 463 4661 4752 4994 507 50896 5114 51355 529 5304 5313 5405 54648 5507 5594 57 598 60 63 65433 6681 6724 70 708 713 73757 737899 737900 75843 7619 77719 79 7949 8005 822 8257 826 861 9504 959 9690 9692,494
10321 105522 11233 1188 11904 1517 1524 16097 1617 16735 1710 1778 178546 1788 184 19379 2074 209 209301 2164 2171 23528 2440 25342 2641 299 315 3201 32072 326 3345 334574 34591 347 376 379 381 3814 382 383 3892 39 393 40092 42264 423 425 4285 432 44125 45794 47203 4931 53290 5357 60 6075 6089 63 64 67364 6819 6832 7349 79 795 7955 86029 8834,1764
1042 1214 124011 1301 1511 154679 1740 1809 18299 1849 186 20964 2364 2685 2701 2709 273485 3027 30534 311243 3114 315 323 41 42 4217 4570 48840 492697 517 5663 6211 6482 67997 6975 80,624
10225 104 10539 1075 10766 11259 1314 133 1337 138 13927 14476 157058 1593 15930 1670 177 1849 19223 201 2018 206005 2174 2364 2446 2500 2538 25747 2723 299899 30762 3120 3121 3281 360269 4432 46620 46936 48224 48532 4934 5120 5175 5442 5467 55348 601 6075 6077 61 611067 6440 6893 6931 711 7625 79 797 811 8202 822 857765 88210 90968 92290 941 9754 99,265
10255 10256 104 105584 10587 106 10867 113 11514 116210 1191 124592 12525 134108 135 142447 1507 1508 1612 1773 188096 210621 210622 210623 210624 210625 210626 2186 22037 2250 22871 2364 24230 25205 2997 312 31354 3193 326 33086 331 3540 381 39985 41 411 42 428 42884 434 435 445 4793 49 495131 499 4991 5088 564193 577 5891 63 666 6893 69788 7003 7881 7920 8082 822 8418 8632 8647 878 9524,398
1006 1021 10269 106 10748 1095 1168 11832 12758 12982 1306 1308 13498 146 151 155986 1604 1735 173962 1745 184 18899 1935 1952 19568 1961 20464 209 2151 2174 220861 23263 237 2377 2423 2540 26469 2701 3029 30905 3114 3141 316 326 337 3437 354 376 381 3867 3868 390853 390984 391265 405 427 428 432 440312 46121 4699 47862 4855 5156 5502 5722 5884 5885 59485 6087 6189 666 757 7641 784 7881 8297 8742 8852 8921 8989 8998 93247 96513 97,268
105840 1075 10822 11434 1250 1304 1357 14016 1505 1514 1527 1571 1593 1624 1719 175005 18134 18258 184 1845 186 19188 193 1961 2035 2047 2060 2074 2079 2151 219221 221426 2352 2364 2366 24044 258315 25847 268 2687 274 2816 29763 3025 3099 326 3273 3404 376 3800 3876 394 41 42 423 43022 434 4447 464576 48 4808 4809 4814 49031 509 5100 516 5222 57 5722 5768 60 6026 63 6457 6757 69 701 703 734 7560 7572 75816 762 764 79 795 79987 80 8298 8437 847 88636 8882 9253 9269 9459 9671 974 99661,630
106 11412 12285 1243 1245 12960 137996 1395 13962 13976 14002 144866 1517 15408 15895 15945 1849 1853 1855 1967 20708 222 223 2282 249959 2605 2685 27324 2871 2928 304 3223 326 36740 3710 38258 393 4016 41878 434 434828 468868 4747 5313 58 5968 598918 607 62976 63 6448 645600 6551 66 6893 69 7463 79 795 83 874,954
1033 104 1048 11412 11773 1209 12119 1301 13802 139 14171 1419 1422 1511 15207 15264 1562 1608 16142 1624 1740 1746 178 18292 1845 1856 187 18862 1903 199 19991 2002 201338 213 214 2152 2174 2250 22543 2267 2373 25565 2683 2851 28716 28717 2873 310 3114 3371 34537 36625 375 37981 3879 40879 40990 41 41172 42 42757 428 429 434 435 4424 459814 4795 4934 50 5091 5123 54170 5688 5758 5882 63 6305 6377 65 65030 6753 6857 70884 7802 79 795 8168 823 869 9152 9236 93 9746,603
1016 10643 10719 1095 113595 118232 1245 1248 127088 1357 13621 138135 1460 1496 1511 15569 167664 1714 172 173 179 181 187 194 1980 207 227768 229807 2381 2493 2683 2934 315 3272 3309 354 375161 39490 426 4319 434 435 45289 4910 5028 5095 5138 51772 5235 5423 576410 5821 60 61 63 6377 647 676 6863 70828 726 731 7533 757 7704 7843 7898 79 795 797 8412 8505 8506 8539 8647 8825 901 90187 9453 9754,451
10338 1048 12317 12568 1337 1471 14911 15939 17117 17737 183 1910 191706 19841 20847 20908 2526 2713 2769 2851 3027 312 3150 33696 340901 34810 3647 3748 386 41263 4653 47571 4808 4959 50288 507 52814 5581 569932 5925 6193 6238 65742 67783 7135 762 770 7870 79 80133 8098 8326 8366 8696 8713 87221 9029 9092 9237 99515,345
10134 105660 106 1060 1076 111 111198 1168 1237 1282 1301 1367 1441 14557 1573 161440 1659 19761 2039 209 2093 2110 213 223 22767 23288 23308 2381 24064 2567 25851 2611 2627 2683 2709 28609 31 31108 31368 323 326 347 381588 381590 3868 408988 410 428 434 435 437 438118 4492 4698 4699 4828 507 50882 5145 531 5418 542731 5451 5594 5603 606 6306 639 6421 6458 6482 6492 686597 7494 76 7669 784 80 846 8644 878 9947,744
10088 10134 1048 10649 12283 12356 1240 1311 132 1352 13822 139891 141281 1446 1529 15312 15321 15413 15496 15824 16142 16973 17159 1838 1849 1856 1857 1919 1946 20570 208105 21037 21578 2287 230 2336 23463 2355 241076 24326 246799 2469 2530 254 25814 2683 2712 272 274 2769 3027 312 3289 328983 3367 354 367 37573 37738 38 381 404237 426 427 429 4318 432 437 44756 4562 4653 474415 4862 4913 4915 5153 5313 5429 5444 5448 5506 56799 582 59655 602 607 645 65566 66 6948 697442 7017 702 7218 79 793 858 8851 88928 9476 9500 9754 9775 9836,534
100676 1033 10455 10884 109900 11585 11904 12605 12734 1277 1297 1337 138091 1440 1511 15459 15622 1570 1571 172 186606 188988 1896 1971 20758 2086 209 2209 2293 23269 24133 2449 2565 2685 271400 2769 288250 2971 299 31 3141 320753 322 366072 376 38 42192 422 4447 4488 525 5768 5884 608 6617 666 683382 7295 7409 756 7629 768 784 7946 834 8423 84641 859 8921 922 9266 997,218
101071 102115 1033 1057 106 10619 11170 11405 1240 1243 1274 1311 1336 13519 1359 13615 1372 13753 1547 1593 16053 16632 173 17431 176563 17711 1800 195 19837 2018 2048 21047 213 214693 2174 22033 2213 23269 23594 2364 2730 274731 27542 27750 316 3175 3215 323 326 327650 376 3855 38717 39 41 42 434 4453 447099 4808 4908 4910 4934 4937 4961 504333 507 5127 5138 5337 566 57 5764 577 58 5884 5886 598 5980 64072 6482 6909 7179 7206 733 79 797 79810 821 8276 834 84891 8573 859 8630 8741 90662 90735 9266 93510 93511 93512 959 97 990 993,334
1007 1010 102 10822 1095 1130 11326 11366 1168 11876 121066 12467 12494 13 1301 1310 13192 132849 1337 134 1442 14633 148255 14958 15086 1514 1518 158272 159128 1625 1627 17310 177 1773 17899 1804 181 1849 187 18840 191 20189 2023 2163 223 227 23413 2363 2364 2500 26673 2709 275 27898 28613 29091 299 3031 30582 316 317377 3478 348553 3498 36459 365088 3733 379 394 4 41 42 4379 4404 463 48 492163 4934 504550 504663 5422 5439 556879 5581 5594 5743 598 5997 5999 60 6451 66 6690 7028 71128 71153 7379 79 812 815780 8257 8397 842159 842160 8528 8535 85399 8724 879 941,712
10342 106 11450 1243 12447 13226 151 1571 186 1891 191 192611 19455 198 2086 2168 2209 2318 25085 26707 26708 2723 302130 315 326 3278 331 3386 354 361443 376759 382 392857 423 43 4448 4696 5086 5099 52064 5425 5727 583550 598 6075 6157 6893 7288 772 79 8443 86 93300 94 97,118
1021 10431 1057 106 11053 116 12056 12532 12533 12657 1305 138 143 1448 145396 1455 14709 147477 149794 149795 149796 15460 15742 1594 1617 16610 1702 1736 1769 183 183811 1849 192603 19740 2018 2171 2186 21958 2200 22448 2360 24033 2423 26596 27280 2924 29312 2946 312772 32229 328 3296 3498 35424 38 393 4116 42429 434 435 438 4562 48 48352 4855 48963 4910 49503 5065 50779 5122 5150 5206 54892 57325 5882 6136 6171 63 635895 669 69 7353 76604 770 7803 7804 8290 8437 8443 87906 9151 9218 9237 9680 97 970 997 998,473
10173 10460 1048 10541 105946 106 10822 1162 11651 1171 11766 1188 12064 1214 1240 1245 1448 14720 15995 1622 1624 1710 173 1849 190848 191 205 2157 2160 220097 2282 2356 2454 2526 2633 2685 2763 28716 28717 289318 3027 314 315 3165 318494 3264 3281 36625 38 394 40049 426 430027 43207 434 435 4356 4424 4448 4575 457662 4786 4795 48 4934 50288 5064 5181 5573 5700 5703 5763 5765 598 60678 6104 63 64 65809 681059 69 702 7501 7625 7679 786866 79 80 81412 823 832215 8437 8632 93567 93568 941 9476 96263 98403 98820 98821 9902 9947 9956,732
1 10364 1042 11219 112617 114978 1168 117406 1181 12283 12515 125401 1270 1296 13 1313 1321 1422 1460 1511 1514 1517 1561 1593 1740 19106 19172 194 195430 206 20697 2074 21976 2339 2372 2534 2538 2653 2712 2870 3027 3114 312 314 3150 323 3255 3309 3412 34537 376 381 392 394 422 432 434 45289 4677 4994 5167 544333 5727 5808 601098 601099 634692 64 6462 6482 6634 6857 6893 695343 700916 7194 743577 77 772 779358 78 79 795 826 8437 856851 8811 91160 9151 9154 941,269
101180 1018 103175 1033 105234 106 11072 11168 11177 111834 1214 1243 1320 13287 133 13758 13808 14114 14120 14979 1713 1729 1730 17897 187 1896 19400 20567 2074 20871 212617 2229 2641 279708 28716 28717 28970 30549 310109 3159 326 3281 329191 331 3320 33530 33545 3386 353133 3539 354 359 3789 3956 4217 42775 428 434 435 4432 4910 5007 51404 525389 5367 5423 56879 57 5703 57424 58491 60 602 608 61 7209 72416 735 784356 78539 786500 78721 79 80 809958 810444 823 83734 8437 86595 8670 878 9287 9312 9327 9563 97439,654
1 1048 1095 113049 11580 1245 1247 12593 1263 1336 138359 140017 140018 14353 1449 1529 15317 15321 1627 17096 171761 1719 1807 18297 18749 19332 1945 198 209334 2100 2134 2286 24523 2469 248476 25682 2583 2663 2664 27296 2798 29034 3027 31165 323 3255 326 32786 3300 33365 36976 3721 3939 39490 3963 41451 42125 423 426 428 432 43270 440644 44378 44400 446014 4475 4695 4896 4937 504514 521742 5313 5388 607 609 64 6458 677022 713 726 729033 74 752 759 7596 7625 768 79 795 797 80 822 9151 9254 974 98,187
100061 104 1147 1250 12947 1336 1337 1364 1367 138154 139801 1455 1492 15949 159561 16512 172 17284 1807 18425 1973 198 2163 2201 23443 25075 25292 2530 2558 2560 25985 2683 2685 2690 2713 2764 282221 301218 3141 326280 326281 326282 3276 3329 334616 3367 3412 354 3701 4271 428 429 434 435 4432 5052 5064 51071 547 5506 58 5877 594186 594187 6077 63 6448 6681 71095 7163 731 7353 756 76 7806 7820 789 79 8207 82849 901 925 944 9488 9502,547
1015 1048 1057 1159 1160 11773 11996 12380 1243 1250 1263 13 13500 1421 146 150 1523 154 1593 16048 16720 16735 1694 1746 183 18426 19018 191 1910 193 2092 21760 22725 2351 239177 239179 246 24686 2493 251879 25298 2540 2655 2683 2796 281873 29325 2941 3033 3054 309 3165 3189 323 331 3449 354 366391 3738 3781 381 38148 393 394 401549 4077 41 41180 42 423 429 434 435 441338 4562 45696 4698 497 507 5071 53314 534 5418 546 5688 580 582 58477 6092 63 6482 6568 66177 706 7507 758 75805 7660 79226 795 8017 8045 822 8223 832846 8528 8687 9018 91 915 9266 9514 970 98,568
1015 102 102296 1048 1075 11716 1177 13134 1359 1403 1447 148002 1524 1617 1709 173968 1769 1807 184 1919 20130 20933 215 21747 2357 2364 24070 24229 29386 29763 3037 315 3490 355 376 4388 4772 4929 504385 5687 57979 5835 7491 79 83 93 96256,3062
106 1243 1245 12694 1282 13165 1448 14934 14935 153033 1571 1623 1807 1849 1857 2023 209 2157 223738 2251 23269 2372 2683 27304 3033 30601 312 322252 33672 3498 3664 373983 376 381 382 38741 391 394 4054 4077 4324 49108 4937 51068 5115 51312 5167 5250 5502 57 58498 616505 63 64 65 656041 7244 7449 79 822 8223 8260 8939 901 9062 94738 950 9504 959 970,128
12326 1243 1245 130 13269 1447 1570 1571 165457 17034 1734 17587 1857 186 19624 1986 20399 213 2150 2232 2250 2352 23850 2422 28716 2943 3079 311 312 316 3218 376 382 43165 432 434 435 445 4492 45554 5 5074 5565 5614 5659 5884 59657 6189 63 66028 6852 7153 7898 79 80001 821 8437 9945,487
1095 1121 132 132722 136691 14534 14578 15249 1526 1529 172 1738 177 178 181142 1821 18677 1903 194 205 2074 2081 2162 232251 23269 24743 26162 2663 2878 29342 312666 312668 315 3190 323 33393 336822 337 3407 3412 3415 3416 354 376 377 3894 40367 41 418 43074 438 45597 45973 46024 46558 4907 4959 504 508 5183 5404 5725 575069 580871 5951 6601 731 752 759 778 79 83 8437 94506 968,248
10118 106 10911 11115 113 11514 1159 11694 1219 12557 1290 12960 131 1312 1336 144890 147049 15486 1561 15939 164510 168635 17443 1745 1748 17770 1849 1901 1903 194 205 20507 209 2151 2212 2250 2339 2352 2416 244484 2469 248394 299 30691 3089 311 3255 3256 3271 3281 3367 3411 34388 35659 3710 37840 3876 394 424 434 435 49 4908 4910 4937 505 5095 5138 55806 56372 57 626390 631 638004 638005 64 645523 6462 671 69 70330 748 757 79 8061 822 82244 847 877 901 970,499
10410 1044 11 11036 1211 1320 13698 1460 14849 15363 1649 172 17426 182528 1849 18577 1867 189261 1897 20136 208253 2098 210606 2115 2163 2191 229300 2335 234163 234508 2380 2407 24088 25196 25364 2685 28931 2903 2909 297277 304 31 324205 32458 326 3329 341185 35141 3519 3526 3759 3874 40299 422817 42286 43535 4861 49 4998 507 513 5251 52992 54009 5522 5581 57 598 603 64 6893 69 74085 789174 789176 79 7900 823 851 8683 878 9488 976 9814 9885,165
100604 1026 10321 10455 106 106268 10806 10916 11050 1215 12273 131 1367 13710 137863 1448 151 1522 163707 1648 1961 212158 21724 21922 2331 24876 25418 26326 276 27806 278933 313 314 326 333 33506 354 3540 3879 391 41230 4319 4572 4744 4792 537225 53905 5890 6090 647 6701 70519 729 7386 757 79 797 80 8704 878 886 9198 9273 9276 9503 9504 968,74
102056 1021 10304 1048 10495 106 1188 13084 132 1340 13644 1403 142274 14718 153487 1571 16269 16553 1705 1712 17164 182439 1849 1855 186 19072 19236 194 19768 2023 2086 2092 215 22361 237 2423 2502 25565 259498 30404 312 41 42 422 42608 428 4319 434 435 4424 4432 505 507 5280 54858 5507 5578 5581 5666 63 68024 7788 79 798988 80 80937 83 8437 852 858 879 8989 9023 9305 9434 9735,502
1095 11167 11412 1211 12322 13 133101 143 1522 165973 1710 18362 1849 1897 191 192 194446 20054 29746 299 309 323 33321 34985 36017 37908 418 4432 4535 518466 523513 5313 53602 5584 57 5892 60 61603 6482 650058 706 7325 7431 7450 759 77 7788 79 808 8527 91052 941,257
11446 11694 1263 1308 131 1337 1377 14152 1460 1533 1637 1662 17129 172 17770 18806 20701 211649 21282 2253 2423 2469 24935 2525 26655 275133 2857 2937 312 314 315 3159 3320 345897 362048 376 3794 392 393 4077 4432 4657 4809 4934 507 52828 5422 57 58220 584 598 60 62810 63 692708 705 713288 757 7682 79 821 82522 8256 83447 96999,70
10134 106 1075 1095 1164 11651 1261 12960 1320 13352 1385 144532 144782 144788 144796 144827 145295 146 1624 169567 17011 181 1849 1881 1882 19837 202739 2097 2098 223154 226735 23269 2335 2364 2469 25223 2525 253050 2685 2710 27280 27566 2909 3089 314 323 326 3271 3278 335768 3367 3412 34957 3534 36728 3710 376 38004 3874 423 42752 4276 428 432867 434 435 4436 49 51538 5167 5389 5468 57 60229 620204 6252 633764 6853 6893 6930 731 767811 7806 781749 7898 79 812318 812319 837376 837377 844732 847 8684 8777 878 901 91 9236 925,694
106 10646 109729 1188 12078 1243 1255 13768 141 1524 15390 16140 1617 1622 16269 173 177 1777 18313 184 1868 191 2018 20280 20810 216533 220401 2250 2263 2429 25886 266 28389 301960 3075 31062 314 326 36850 37420 376 385054 395946 40 4059 434 435 44359 44361 4455 4808 50611 549523 5688 6153 63 68098 682573 682574 7097 739 7625 797 8107 813 85 9032 928 93 9488,3154
1075 11115 11352 11509 1181 11854 1243 12652 127073 12738 1301 1336 13531 1359 1419 1496 1517 153715 1539 1561 16425 1659 1719 1736 18841 194 195 198030 21272 215 2151 2168 220 2327 233506 274 28874 2929 29617 312 314189 315 3165 3275 3437 36742 3743 3801 382 38589 39019 3925 41104 4114 4118 4123 4513 46 460343 4662 4678 5129 52815 537213 56236 57343 57733 6206 66821 69 6941 7009 701 71619 72397 735 74167 7494 7520 780 79 80 81502 8394 8785 9355 9977,71
10134 1033 10748 11170 1214 1243 1267 1282 129897 1311 1336 149045 150641 15458 1622 1712 1740 17789 180 1849 2074 2081 209 20933 2097 22747 2360 2382 24988 2500 2507 26332 2683 2685 2710 2769 28142 28757 312 326 3275 328 33189 3330 3539 376 38 381 381767 382 3913 4006 428 43304 434 435 4572 45832 4699 48474 507365 5507 5913 599603 5999 608 61 6211 6212 65456 68095 68659 6887 6893 69 69949 72444 757 761590 7787 79 83062 8437 901 9121 923 9236 9253 96110,544
102208 102209 1048 1075 112617 11383 1168 1224 1225 1227 12330 1243 1301 13130 13388 1357 13915 1454 16678 1800 18289 194080 205 220 227 2286 2364 27384 27652 27941 3033 31 315 323 3497 35566 3644 37866 389 3969 4076 41 415 42 432 4492 4744 49556 49557 5 507 51 514227 5182 5384 5422 54930 57135 5997 6105 63 64048 6568 66 6757 68 68770 70659 79 79525 8061 822 8276 8287 8292 8828 886 8882 9034 959 9650 9668,453
103756 10511 10887 11958 124011 1261 1301 1375 1376 1380 1419 1422 15086 1571 15727 1574 1575 1576 157640 15851 15945 161416 16338 1714 1788 182958 183 18369 1845 1856 187355 190903 191 198155 201677 2074 228138 2292 235922 23852 246 2530 26056 2662 2664 2709 27237 274696 3027 311 314 323 3276 33141 375 376 3896 3932 394 40801 426 43427 50474 507 52040 5565 559603 5653 5700 6147 6305 6337 64806 6482 680065 7244 729 7494 79 812 8255 8462 8506 879,314
1005 1008 1042 106 107080 10794 112409 11301 1183 11913 1211 12525 128678 1359 138559 14998 15207 1526 1535 16250 1712 177792 1827 1903 194 195278 2018 209929 2128 2209 222 2261 2337 2364 23658 237 2380 24329 2469 24796 254036 255384 258 26154 28737 2928 29548 3027 3033 3058 3114 315 3255 326 3292 3293 3314 341441 3542 3576 37606 379 38 39149 39244 41 41777 42 42535 434 435 4448 456 45652 46974 474 48523 48602 4862 4885 49206 4988 508 5337 5581 5602 5884 5915 602 605 6151 6159 6226 6255 63 64 643976 645 666 6721 69 704 7200 72100 7524 75397 768 7832 79 7910 822 8340 8572 861 8745 8828 913 918 919 9814 997 998,659
1033 1036 10745 12931 1299 13042 1337 1460 150541 15734 1623 17820 193 19370 21321 2150 2201 2356 2359 2364 2534 2701 2747 2933 2962 310 31078 311023 3141 3255 332318 339923 36163 423 434 435 4432 4542 502007 507 5086 527 53217 542 5506 5577 5877 60386 65761 69 690 711 755728 757 9253,415
202967 314009,1
5057 7870,6
8879 189029,1
6893 238610,3
1849 468116,1
598 572602,1
7932 215334,1
20863 165718,1
6456 495676,1
3329 248933,1
34162 45159,1
4432 44531,14
237853 532493,1
45027 60768,1
11117 23769,2
15186 41661,1
44780 65816,1
4242 5663,1
694 67955,1
372 2749,1
95 175331,1
5166 10658,1
144741 218980,1
754 217217,1
33344 44190,2
40556 396443,1
5657 42370,1
85579 212461,1
874 297196,1
5165 464009,1
4022 44490,1
106 99675,3
13747 98658,1
49129 76922,2
19843 33892,1
3749 15355,3
10842 22451,1
2014 728901,1
11855 75706,1
248 6662,1
5106 70224,1
10134 426366,2
20962 52563,2
726 19619,3
20053 162670,1
16268 43702,1
1903 12515,8
455 3422,2
108182 111503,1
13746 40478,1
1800 43984,1
2600 7777,2
3020 73353,1
1233 54149,2
80185 152353,1
33260 34861,1
2209 70636,1
608 143233,1
394 23727,2
2213 437987,1
25 48346,1
35472 94733,2
7560 229262,1
2328 324874,1
40 2855,2
127525 335615,1
6957 16825,1
8052 176924,1
4868 49958,2
12496 85629,2
5106 44819,3
235 14391,5
558 51817,2
913 16927,1
5677 7038,1
61721 557806,1
3033 76893,2
710332 710392,1
34129 45433,1
528 155199,1
2723 359541,1
1214 313292,1
507 50221,10
15730 114856,1
2469 90222,1
155 3027,56
13613 370178,1
7251 90320,6
3389 240934,1
322 10288,2
1492 21086,1
103307 639245,1
15895 17740,1
51856 272394,1
5004 17012,1
3664 421937,1
22277 22820,1
408200 578775,1
300 37959,1
7973 42283,2
