109 112847 130 142 1648 1801 205 23227 25147 262 2808 315 3560 403 416 459 46 473 5548 64 7 831 910 965,37836
1071 109 1125 115 119 1368 151 1559 1632 1766 1913 20103 22206 2252 241 2485 2550 27251 2760 3177 3546 43 459 4745 5532 562 633 6465 6626 6876 756 790 8005 85 886 94730 9487,33953
102 10209 109 1099 1150 11909 13719 1379 142 1442 1476 149 156885 1603 1747 179 181747 1935 1943 21 21915 2233 231 2363 2369 2377 276 2764 28 2980 30337 3061 3120 31849 34074 34339 3926 39299 403 450 5 501 5620 60 6006 612 644 66 6657 7000 7016 7052 738 778 79 8480 862 92 922,71460
103 109 1126 126 12945 13004 179 2104 229078 258 268 2751 3526 36497 400 5173 58479 5989 60822 6610 7397 7490 7807 8005 813 819 95 958,34474
10185 103001 1056 1059 109 1090 1118 11964 126 1317 14526 1531 16 1668 16681 179 18 181 1856 187 203 2064 2292 2384 249072 27507 27999 28016 3061 34408 3468 367 409 4511 4901 495 5 5062 52 5201 543 591 60 644 662 6839 6932 780 80535,94362
10086 1035 1077 1211 1217 1345 13587 143 157 1636 2089 21123 22847 2459 2795 29197 3683 405 522 5536 599 6193 6657 700 8320,9456
1019 102 1026 1079 1083 11003 115680 1173 1192 126 14303 1476 1583 18452 1943 2299 2377 25 29278 3394 34 3669 403938 42 4684 4909 514 5157 586 598 6121 6197 6727 6894 715 78551 7912 841 86243 88646 978 9975,21491
0 102 1046 115 12374 126 12653 1439 14709 1529 1548 17 2005 23434 2384 2425 2491 2836 284 2840 289232 2895 3028 3240 333 417 4310 46 5344 56 5689 570 591 62 62161 71 728 92 936,54627
102 109 119 1272 128 13074 13964 1455 156 1592 17 18018 1996 230944 2502 2631 2751 339 3804 389 418 420188 4636 464 4687 475 5 5113 516 565 6338 64 6458 6774 68 71 7201 7565 778 786 806 8218 842 8806 91981,64200
10388 109 11863 13472 1438 1588 163 16307 16325 166 1692 1771 1845 1869 19255 20819 26191 267010 2771 3013 30849 3480 363599 373 4150 4161 417 4263 4404 4641 540394 5873 6952 781 841 845 85,36560
1075 11322 114 11820 125 143 14441 1523 17 173 17431 177 192061 1996 212607 2232 224 2309 2425 2477 24836 2551 2607 27 28 28246 3194 333 3467 3538 3546 3883 496 5837 6225 6252 6266 633 6411 6589 6618 71104 8352 9166 9630,26711
1000 102 1055 11730 129510 143 1452 15 1612 1765 17719 1806 18336 2012 21 2279 2402 2945 3538 373 4119 415857 44 444203 4548 5420 738 811 850 922,20953
1192 1196 1225 1292 13324 13700 14411 14526 166 1686 17 1746 181 1821 194851 2045 2069 2296 2478 2559 26782 27039 30576 325 334317 3363 3760 38 3881 3977 39888 4072 4160 426 433 4517 5806 60 638 66 672 673 679 69 756 802 9316 978,46250
1055 1075 109 114 126 129250 1439 1475 1561 16520 17 1763 18 218 2356 23610 2384 2477 2742 28 338021 34212 345 37643 380 458 49401 496 5137 5344 537 64 68 685 686 69 693 81780 83606 86165 908 943 965 98266,78133
1019 1098 114 126 143 17 17667 197 2089 2347 269 2710 284 2912 3526 3563 3644 3776 380 4925 5 5620 59400 6362 64 763 798 90314,40155
1079 121 1489 15866 196 2166 22930 23088 247 258 2666 307003 333 335 380 403 428 438 450 4650 4844 5 599 6006 6405 69 7455 8001 9528,41550
109 12488 1356 1393 144499 1504 1626 1651 1661 1777 18886 205 25182 2698 3199 320 321 351 353 404 466 51466 525 58 591 599 60806 612 62232 629 68 69 693 80 8282 85,62642
1001 1043 1099 11312 1192 121 1321 15 1532 16793 17 1819 1869 187 1870 2313 2546 295 3039 316 3223 3250 345 3514 3571 37636 400 4768 4831 5065 532 5902 59418 693 766 8448 886,23459
1140 126 1376 161916 17209 179 1790 1792 18 1856 2 2045 2355 2382 27620 2925 3127 329 333 34477 346 417 426 4819 50 569 5863 5864 657 6657 7460 7807 808 8908 928 93466,23266
10064 1013 102 1065 1149 1192 127972 13261 1350 14367 17 1734 197 200 220 221 283865 295 4500 473 509 60 79 85 8508 886,55005
10089 10596 121 1547 16251 16520 17599 18452 1854 1963 21 2306 2355 238 284 33853 4439 482 5 51 5192 58267 61988 64 6510 693 722 882 9925,17101
109 1159 1225 126 151 16258 17 18069 18335 2301 29282 33 351 354 3687 377217 4087 4263 44 473 4740 51620 5238 5301 5721 58 58987 591 599 60 6441 6704 7022 755 764 807 811 8346 876 92 947 965 971 982,68402
1005 1019 103 1078 115 11955 127191 13682 1561 177 2504 2889 316 32402 38 401860 4027 4607 4687 4785 506 5248 532 56394 5822 59408 61 633 67 69 6979 7293 841 8414 86997,27072
0 1056 1065 10796 10829 109 11 1115 1116 11240 119 126 129 1436 151009 1594 1604 167342 1678 1851 185511 2070 21511 22472 234 26008 2771 3064 331 333 417 4368 4695 5134 5183 560 571 591 67 69 756 770 7720 781 786 81357 871 911 983,53863
1010 108 11813 1208 1256 128 131 1359 1379 1384 1539 17352 18 207 243 279 28 335 38382 429 4415 5113 516 51964 5635 60 63 66 6793 692 722 80 82184 926 947 957 975,34173
10203 1038 10724 11495 1208 1273 139871 142 151009 1576 16934 17 18 197 2306 238957 24927 2811 3044 327 3589 382 399 4368 462378 473 478 479 521 532 5650 58 60 617 74829 79 8282 85 981,51566
10047 1034 108 1101 1199 126 1330 15092 1755 17558 18 2009 2283 262 2710 28 28219 301 307 360 3952 403 4256 44 4517 4606 4959 5136 541 5417 591 60 633 68 69 7182 7448 850 8619 8670 908 953 985 9906,40466
1062 1159 1182 1228 1282 1481 150075 16 17508 1780 18 1848 1891 1917 197 2050 2060 20658 2077 2144 23977 249242 3286 389 3919 399 417 46 5243 558 560 59234 737 79 838 8438 84605 850 871 872,26156
1107 13742 1420 143 14406 149385 1499 1534 1657 1697 1773 18 1812 18815 21 238 239 240 26219 27896 2921 345 381 3942 417 4305 457 463 4931 5 509 515 5172 60 61 6298 69 71 75794 812 81274 841 876,43376
100 102 1166 124625 1308 1330 18549 1893 1919 1926 1969 20007 24164 26 28 345 3750 3883 3963 426 44 466 4964 5078 5431 560 599 6935 778 8758,28700
1019 157 1585 1857 2262 23493 2517 2577 298 304 3712 415 417 426 458 5 526 578 58443 59 6289 763 85 86 913 92 9533,34518
1050 1083 11826 12103 136046 1429 1548 162311 1661 1689 19338 2 2309 2317 2436 248 28 284 30932 345 35842 4025 438 47 5 599 64 6753 710 7303 79253 8031 81874 844 8758 981,30272
1083 109 1115 114 1166 1217 12345 127727 139 14411 1452 1569 15836 1633 1783 1919 2169 2180 234731 3567 4415 4421 4494 4510 453910 458 531 5534 57887 5877 599 6653 6763 7094 842 95364 9586 99,29816
109 1145 1208 143 1606 17 177846 18004 181 1999 20315 2056 2070 2161 2355 247 2658 27186 275 332 335 3423 351 35857 457 4906 501238 5167 522 5310 59 64 647 85 8877 9014 979,67874
13361 14424 17452 179 20801 2207 24937 26413 2710 3561 4094 473 5802 6379 7650 862 8915 910 911 953,11906
10854 11938 1262 1267 14872 16258 1643 16778 179 1819 1864 2001 20819 2363 24890 2537 2691 274510 2814 2918 3078 3181 333 35 3571 37347 3745 3883 399 407 4404 45251 459 49556 5987 60 6359 6382 7302 778 921 927 9668 9870,20413
10435 109 1099 11293 1139 115 1317 15990 1603 16879 1796 1894 19752 2 2277 2369 2406 241618 247648 25074 28 3750 4003 409 425 450 4517 4868 516 589 6283 66 6657 691 7224 778 9258 973 9762,31166
1019 1065 1090 1185 12174 1225 15306 16188 17633 181 1822 1919 19314 2 206 20641 24017 2521 25826 28 310 340 373 3765 3889 40162 419 42827 458 50994 55660 557 599 6362 6376 693 7029 7123 781 82350 841 8919 922 9526 976,58669
103 109 1149 1245 1259 13971 1539 1575 17 1805 2089 231 2356 2611 2945 35007 41815 44016 473 48092 5478 599 6132 6716 71 811 850 868 89413,65082
10426 115 1165 126 1413 16 1614 1626 1692 18 197511 2344 277 2807 284 3030 34108 35610 3938 4126 42 4216 5714 5797 5799 5800 615 693 695 7585 763 788,36766
10012 109 123372 13083 1351 142 1441 1692 2356 2485 2491 2711 2854 35489 35867 409 521 522 574 7332 738 8926 966 9674 983,25167
1099 114 1225 126 1273 12852 1312 1368 1439 1576 171329 181 18309 18316 1855 1856 1879 1948 2012 209 23183 26357 302284 310 3526 35970 3814 3913 4300 511 5266 537 622 636 65380 6567 6623 6695 756 7807 85 8539 8857,27633
1026 10801 1098 12490 13719 143 1440 15341 15879 1640 17667 17754 18074 1835 20284 22472 2347 238 2389 2477 2599 26167 26530 2845 28544 2953 3060 32059 33719 3437 3526 3563 3648 380 3808 40022 4035 4061 4182 43049 447 458 48728 514 528395 5454 5702 59509 6 6010 6160 6362 64 7029 71 738 771 8109 9064 922 9573 9672 982,16990
1123 1179 1211 125 144676 1583 16 17599 17789 2207 23292 24326 28311 2924 3060 3157 3252 33503 4245 42614 44330 4710 476 544511 6655 679 76398 778 7802 8159 81754 83 922 9406 965,14400
1055 1241 151 1547 181 183207 1887 2406 25333 2744 2760 284 3064 327 333 348 417 4311 450 452 591 599 6657 68 691 72 726 756 765 8576 86 8783,41086
100491 1065 1149 1215 12227 1249 1279 134880 1398 14155 16218 1640 16749 169 17 17128 1722 177 1819 18248 1919 2168 2209 2262 2305 231 24200 2534 25352 26662 2899 295 333 34046 35502 3781 380590 380591 38182 444 452 458 46609 48905 59339 599 60 609 6116 6138 618 644 6465 651 691 7081 762 82643 82712 8477 85 8666 916 958 9707,69604
10820 11261 1192 15135 1529 18 18101 1902 2547 310 32 3289 32940 354027 37630 3792 44 4512 473 525 560 66712 7278 841 8421 85 9228 969,21187
109 1093 119 1203 122398 1232 1265 128 1413 1430 14805 155 17289 179 197 2384 279095 286656 2943 3060 321 333 333923 359 3738 3919 3992 4203 5 56253 711 72 726 7560 7807 79 830 842 8457 92 9972,53259
10353 1065 109 11201 125 139601 146 1534 15594 166 174 1746 177 1771 179 1814 1943 199840 2186 234 2412 2491 2897 295 311031 348 348758 3547 389 399 403 4150 428 459 462 5 51189 58 6692 672 69 7246 738 7399 7525 8074 850 994 996,64357
102 109 1365 16650 1668 17 1703 1753 1757 1810 18219 1897 2150 223 2369 238 2667 279 303256 3120 325 333 4282 4911 532 552 560 60 612 6774 7054 713 7372 743 7823 80 859,56108
1043 109 11606 144 147 1662 1838 205 2443 2552 2600 2701 28 32 345 360 3647 382 39 400 4381 473 4879 516 5208 5209 522 560 578 6655 7 703 7197 7798 785 846 85 850 975 9960,49608
10346 10647 1065 1179 1184 12440 1312 1345 13569 1413 1479 1606 17 176 1763 177 17961 18 181 1842 2052 2139 2317 243 2491 2521 256 257 25787 27 274 2897 3179 320 349 396 4096 415 4263 44 466 4721 489 5243 525 61 6160 68 6885 7 7033 752 766 79 85 870 876 975,84636
1012 11003 113964 12128 130141 1315 1453 1568 166 173 201214 231 2461 247 27847 301 3170 341837 3694 373 3964 4560 512 81094 8652 8719 965 981,16950
103 117078 12544 1430 15248 15671 157 15964 16 182752 1845 1940 19454 1971 207 2096 21788 23 25467 27 2910 3273 3439 373 4174 428 4321 44 450 4594 466 5602 58978 662 713 831 85 9493,35274
10037 11971 1243 126 1310 1385 1439 1598 17003 1856 1972 207 216159 2223 2233 224 2557 27 3022 414 49575 5016 5344 60 63 69 764 811 862 957,18062
1292 142 144 177 1787 18 21 269 27 293029 46 496 51746 586 68 737 7443 80,26299
112388 11619 1176 1266 1439 1442 146 1722 1896 1943 1972 2032 2064 2451 2546 2918 2928 3067 3087 3115 327028 331 333 3365 4154 447 5344 56031 59 599 6464 6887 7021 7089 737 7423 7430 841,14573
1165 1242 126 14888 1901 210772 2137 258055 32333 32430 336 35246 3798 428 45956 473 553 5806 686 7013 7997 9 9565,6059
1035 1308 1416 1501 1561 16 1614 1626 1692 17 205372 22962 242255 250247 295 335 3716 3743 4216 458 473 543109 5797 5799 5800 5806 586 5873 615 657 729 7691 778 788,36874
1047 1065 1350 1452 1672 1787 1814 18360 200 2358 23669 2710 2744 279219 29440 295 29647 306397 306398 32045 321 32281 3798 406 4190 44 4492 45601 459 532 560 5858 591 599 60 604 691 738 763 944,34642
1065 1093 114 1187 1233 13232 13531 1466 1570 1609 1751 181 198 2089 209654 2168 2411 245791 2471 2669 2730 27728 2898 3258 338401 3482 363 3788 382 4004 4310 44 44409 4911 5208 525 528 6678 7046 7623 80 8071 8297 93438 9658,28824
10010 114 1384 1441 1520 16017 1697 181 1824 1940 2036 205 21070 2344 284 292 3096 3179 320 3480 349 4000 403 5344 574 58 62 677 726 7863 79 7944 8357 922,42809
10356 12975 1358 143 1486 1531 1599 16616 169 1785 181 1821 187 220 226513 234 23587 269 28 304 306 380 426 5183 526 5806 60 6185 6839 700 83928 85,42123
103 1118 11218 11253 11766 126 1365 1408 1431 1757 1792 1956 2012 2474 2480 2813 310 3550 359 436 44 452 46 4998 578 60 6405 65 7 7041 709 78105 90 957 981,29442
126 1410 1481 1755 2093 23106 2384 2461 2733 3060 351 37164 409 4167 4172 4305 5534 6753 68 6849 81 83996 841 8670 883 9610,16653
102 10517 1056 109 1187 1195 12033 1225 125804 126 147 1470 1491 1586 15910 18235 184877 19163 220 234 24039 2425 246 247 2513 269 2839 29413 333 348 3526 362 363 381 397210 43354 4483 4524 48317 527337 532 5338 5577 5702 60 6283 69 7202 745 7643 781 785 7913 80 80922 8218 831 966 9743 9946,59615
10029 1083 1208 13097 1345 145 146 1487 1668 1684 2459 28851 3114 3222 331 348 3571 3743 403 461 478 479 50386 58 599 6153 6376 64 671 793,18029
10111 1029 12140 12141 13450 1453 15330 1548 1549 16 17119 1715 1755 18289 21110 2384 2416 271473 284 285 2854 2871 293 295 30943 327 3480 36503 39849 4126 4177 47541 5078 514 5441 599 6027 61 6152 63 64 68 6839 6891 7052 7708 841 9230 9565,31533
101 102 103 106726 10932 12078 1209 142 1440 1479 15 1531 1573 16 166 17 1755 1757 181 194763 205 2060 2168 2213 2370 2471 255 258 2593 2741 302 33005 335 346274 34843 421 426 4278 428 4550 46 473 5 53505 5373 6128 6301 6777 7022 7497 766 8226 90 9064 973 99490,88012
1060 11729 1242 13058 16 1686 18 2242 2384 26539 28581 3515 438 4403 444 4586 571 7560 7716 841 885 994 996,17924
12666 131620 1359 1570 16 1683 1828 2369 247 25260 2546 2676 293459 295 304 33912 3679 376676 409 44579 48 5583 560 7291 7713 7846 8749 9151,11523
1047 10564 11126 11180 128 143 1430 1819 183 200 2002 2091 2345 23588 2472 2673 2715 3061 3118 319 331 3321 363 3675 4 4123 417 4318 497 59 6041 6097 680 780 79 8809 916 953 983,20672
11541 139 13902 14471 1641 1658 166 1671 18 1856 1914 192 19752 200 2093 2114 28 2926 2928 30529 351 3532 396 425 428 449040 45349 4868 49 6150 651 673 8139,17482
109 1118 145 1531 173 213736 22276 2304 238 247 2760 3092 335 345318 3668 46 466 599 6619 85 888 89901 90,42400
10120 1065 109 1126 16 16520 174 18060 18452 1919 1989 2285 2435 2584 2667 3049 331 401761 4125 4453 4502 4942 5234 5522 5855 62537 6619 666 7605 85 8913 92591 983,39464
102 1071 10838 109 11003 1169 1679 1683 1771 1805 2 207 2468 2470 2559 2976 310 3514 35859 3716 3804 3990 4073 409 4428 454 4992 5272 53089 5357 58 60 67 841,47197
1000 102 109 13133 1528 166004 2227 2550 2755 331 379 4124 4585 49603 60 66034 915 92 921,33907
102 1065 125 1251 12647 14729 1584 1919 2331 2412 2436 3084 3121 426 428 462 4947 506 522757 544 632 691 8597 9258 975,18543
13466 17 181 19462 22 2262 2461 287 299 303747 3060 317 3526 35489 3707 3864 409 496 5572 67 68 6950 75794 79 85 9695,44833
1000 1029 1179 1481 1538 1666 1677 1731 177 21 22823 231 2323 295 304 335 3470 3487 3553 3569 3642 3697 409 436 44 478 484 5142 5280 673 841,20998
100 1005 1060 1065 11485 124834 1390 1668 1814 246 28891 2954 2955 31630 3371 3462 36250 3759 4511 496 580 5950 80 813 8620 8632 9597,10965
1107 1186 1539 1561 16502 17358 184 1901 1939 19959 20033 20035 20173 2070 2502 2509 284 3293 331 3569 3684 377 4015 4054 429 4535 5024 64 6458 6655 690 79 84 84420 85 90916,20300
1158 1573 166 18 1940 2686 27 32 4123 415 4650 511 5120 552 61 629 85 8895 950,26396
1008 1060 10801 10879 1104 11397 1142 1179 125125 13015 13319 13665 1395 1482 1483 15031 157 16478 16502 1750 1760 1845 1919 192929 20641 20988 2144 22584 23060 25826 262 2751 28 32103 3223 3447 345 3480 35867 417 450 4750 5338 56 5635 574 598 6674 675 6979 7912 794 859 870 87191 921 971,15002
10179 109 1099 1208 1266 1529 15910 1671 17 1746 1761 1763 1861 20772 2248 231 2348 2410 241536 25 255 2888 310 33 33005 3526 3559 377 415 416 44410 4958 55846 56 618 651 7013 7032 764 780 7831 8125 8218 951 987,48732
109 1149 1166 12488 12723 13359 1345 1363 1384 149936 166 1759 1763 195 2 21463 21761 238 2710 29133 3130 3199 3312 3457 34627 36768 375 3807 38819 38904 4138 415 4150 4160 417 426 44 508 525 537683 5642 60 603 607 612 644 680 686 691 6967 8629 9433,52242
11063 1163 1210 1398 16 1692 1829 183085 2064 2168 2207 2916 310 33 332 34567 348 4216 47 496 5797 5799 5800 60 615 6174 629 657 673 788,30924
10464 110 1126 12267 1499 15524 1782 179590 21022 2357 310 3204 3385 3785 4330 4961 4962 7910 803 85 9796 994 996,5494
10044 1065 107 1090 1149 1186 12274 1308 1345 137 14073 1628 16645 17 179 185 1978 21131 23865 274 2770 2971 3004 3084 3135 3729 426 466 5 5021 5024 506 516 5365 560 5871 59 6097 6165 62 629 666 677 805 85 870 911,80068
10179 1099 1437 1439 145 1486 158890 16553 17 1713 181 1835 199 2091 353 360 3668 416 4337 453 586 59 60 6253 6512 7548 9 910,30582
1060 1099 1242 1430 1452 16 1650 17895 1828 1845 1983 24214 2425 24870 284 28581 3167 331 3563 4216 428 4524 464 47277 473 522 5798 59 615 738 775 8306 8901 9406,19084
1062 1075 11376 114 114818 1235 1273 128 15522 16 202632 205 21 211 2208 23306 2436 27 2773 28 301 34435 347 359 3668 3672 36961 40341 4445 4548 4761 5663 5794 5855 5873 62234 63 6382 64 6941 7477 8670,19833
11876 1643 1659 21 2381 2980 310 3247 335 3452 4390 54566 67 6820 7170 8247 87031 921,10974
10075 10454 10854 11602 120 1385 14530 14850 15845 16031 166 1814 197558 23241 299 30254 32638 3404 4210 4310 478539 478540 4909 4992 52945 5316 5409 5577 61736 6397 68 6937 921,10838
101 103 1038 1090 1278 148750 1684 1727 18 1891 20472 23253 2384 24717 275 31534 3595 425 47 50230 509 522 544 64 653 778 78 798 822,46438
1000 102 107721 1110 126 1521 1570 1653 16643 1757 1785 181 1886 2078 229790 24443 2580 26046 2618 295 337 358 3603 3609 405 4439 445 494 50927 56 58 5897 599 624 7123 8306 8531 910 911 9281 9380,27817
109 117 11827 1197 123446 1241 125795 1273 1279 1439 157489 1576 166337 18127 1874 197 228 23517 23839 24102 2430 247 2550 26008 29488 304 3247 333 335 34281 3509 37630 3804 458 460 4611 4984 5263 5323 57 58 60 629 6977 72334 740 7668 7807 80 8058 9365 96283,50441
1056 1083 1211 1299 1345 15882 167633 179 18 2 2003 2060 2259 2384 2709 2710 284 29313 3034 339315 35169 384 464 511 5822 644 67 785 8540 947,47770
10820 11349 13754 1452 1496 1606 16520 1668 179 181 18137 188076 20514 21267 218646 2259 2279 2327 2384 2828 284 291814 293590 293669 32 3260 38831 4202 429 430474 476 4847 511 514 599 60 6301 644 6678 743 8005 82028,45722
11298 115 14144 16 1636 2 26022 3064 310 3728 4524 4607 49 532 553650 57792 598 629 647 6704 7420 8192 916 967 975 9783 9843,20092
10356 10375 10596 1075 1152 1163 12086 1249 13154 131566 136 13943 14955 1692 177 2 215 247 3088 331 3707 4333 45897 461 5105 55 5645 63 666 67 673 6780 68 730 7968 82872 84 841 93878 982,26511
1052 11577 1179 12362 1317 1384 16 1607 17282 197 205 2060 2136 22835 246685 2608 26598 2731 28864 3114 3280 33 332 38 3831 4125 4342 464 491552 511 629 644 7278 766 8484 85 916 971,51442
1012 102 1118 11848 11997 12248 13279 1341 1384 144 15084 15135 1594 1691 1757 18 181 18294 1845 1943 19707 2024 2036 21137 22949 2445 2595 2710 331 395 406143 4567 483 5229 56633 568 5815 60 64 6580 6634 69 690 717 7216 8074 8231 922 949 975,47174
109 12103 13051 15010 15647 181 1819 18951 197 1971 2 23969 2484 2753 304 3130 33389 34071 3579 4004 44 4843 528 541040 578 67 686 6871 781 8441 922 9613,49761
1065 1079 1165 1211 122030 126 13956 14303 1487 15386 1787 1819 20513 226613 2317 233536 23436 26333 2673 2807 309 329566 333 348 3485 3887 4092 45841 469 492708 51783 609 6100 68 71,16968
1040 1099 115 1186 12127 1249 126 13004 1317 16229 1653 1693 179 1967 220 2233 2345 2626 2698 27 28723 3172 327 335 3431 458 463 464 599 6079 6245 6451 65 743 7537 85 859 876 886 916,45732
1043 111577 115 1192 12630 1359 155 1799 181 1828 1890 1921 1973 2093 2284 2285 24167 2550 2894 2994 305137 333 3648 3714 4071 462 473 49981 5 501 507446 599 6309 6659 666 822 8477 859 8619 91897,41958
1000 10202 11409 115 1165 145 1579 16585 17 174114 17639 2089 27 2759 3079 3121 316 320 32247 3431 399 4167 418 44791 473 5173 5212 52232 5731 60 6777 7423 8452 850 884 915 916 947,37910
1010 105827 1090 1093 1384 14600 1596 166 1668 18062 1814 2191 23047 23510 255 27437 3111 33070 360 46 4651 4904 5085 535 5448 5596 690 728 85 86954 9356,30437
1010 10132 10432 108 109 1115 12188 126 1563 16 18371 18707 1898 1919 197 2027 2139 223 23766 238 2381 2425 27 2899 3149 3150 333 3418 34563 350 3966 4167 4900 4925 56406 5793 608 629 66743 715 723 79 883 92 947,46539
10064 102 126 1363 15394 1604 1913 220 223 27 282493 282494 316 319 351 363 3716 3759 3895 415 5061 58236 60 6080 69 762 8005 812 922 983 9987,28025
1075 109 1130 146 1611 1763 2586 298 321 332 351 354 404 4130 415 5227 62 63 630 6546 68 695 7671 922,48410
1075 1528 1573 16 1672 17 17829 18 181 183 1920 2094 2168 306 3141 333 348 417 52 6601 79 80 85,54606
109 1098 1223 143 1481 166 166565 17667 1943 200 265953 282 354 379 4492 4493 483 5 5173 5384 550 5857 587 6362 64 6535 7265 7441 93523 965 967,40232
10015 1011 102 10888 109 1195 13076 1416 15946 16 1657 1771 1777 18452 1940 196770 2122 231 26539 2786 312 31655 34658 4010 403 405 4150 438 44 44425 475062 52575 5488 558 560 5657 5841 651 664 679 68 6834 69 744 83285 841 871 9318 9426 947 979,57645
1065 1248 13359 13781 1501 16 1609 17 1807 1958 2218 2384 25950 269 27 2733 2830 33701 41124 4207 4879 514 6283 67 68 6964 73544 756 810,36132
102 103 109 1091 1093 1099 1310 1594 16 16416 1845 2313 23257 284 299 310 4524 4526 458 459 47050 473 48 4958 6594 666 6823 89610 922,56555
1055 1083 1212 1225 124333 12562 1439 1496 150634 15572 1583 162581 1641 166 171 1777 179570 18 181 183 1864 18952 19339 19838 2159 2161 21616 2323 282 2922 3252 3461 3526 403 4123 416 444 45146 462 4711 48 5182 5344 5355 5657 599 64 7721 778 81436 81907 9973,40195
1019 1050 1088 109 1129 1173 11730 13246 1439 15041 166 1668 1750 188 18873 1893 2003 2064 22354 230 2317 2323 2370 238 25039 2657 2658 29570 302 31009 37074 3822 4145 426 438 4427 473 4909 496 5078 5712 60094 6204 6628 67 7279 7837 9405 978,46527
0 1000 1035 1110 11571 12341 126 13232 1351 14373 1537 173 17968 1919 1940 220 233 237681 238 24 2443 2553 2720 28 290 3048 3130 3239 3618 39 417 447 4567 463 5 5005 5153 5337 541 5908 6010 633 64 672 703 7254 763 780 782 79 791 822 8451,35167
1233 1273 1345 14331 1441 15297 15479 16 1612 169 175474 1790 18 1810 200 2052 2072 215 2212 2223 2366 262058 27554 28 28290 2855 291220 3350 363 380084 388476 428 4463 49 5738 5772 599 60 616 644 66 666 6986 7418 79 85 92934,42228
102 103 1035 12307 14495 150047 1545 1548 1612 1857 1950 205 21594 2312 2355 2549 2698 2710 2943 3016 320 327 36250 417 42586 5528 599 636 71 73234 7731 985,31751
1035 1046 1101 14030 1527 1548 1601 166 177 18 1813 184211 195708 2107 23060 318 3199 359 3618 4130 443151 4439 50085 511 5138 5220 5576 5577 69 691 7464 850 8620,19943
1005 1243 126 128 1384 1444 1521 1538 15645 16325 1640 1697 17 18 18209 1845 1875 20085 224 23375 2356 2945 295 304 31435 333 3384 367 3772 44247 464 465 4758 5 52663 532 61 617 6342 6346 66 68 685 7164 79 84 8477 857 9588,54626
1043 1109 11969 120240 1365 1394 1416 143 15 1650 1653 1656 16605 2012 20487 2066 2224 2263 26002 27311 295 295603 333 348 3526 353 3807 417 436 4463 457 55 552 56 5602 576 6121 61212 69 7119 771 795 83 84 85 880 8922 922,34514
1090 12633 128 1315 13209 15849 166 17 17966 181 183 2061 2096 2186 269 29436 30209 33 332 381 39 458 4969 5 50107 5243 532 552 8217 8503 946,62330
100 11410 1173 12398 126 128 12929 1368 14892 15102 1531 1561 16 1626 1692 17 1748 18 18452 1873 207 231 2630 2705 295 29632 321 3223 3277 348 36316 3829 42 4216 4254 4263 4548 482 5797 5799 5800 615 68 693 7119 7731 7865 787 788 8218 9150,70602
1016 102 1059 1079 1245 129 1387 1757 2040 2122 220 2260 231 2459 320 3431 382 383 43 5173 60 63 92 921 9242,26147
1000 102 1065 109 122 1243 126 12647 1351 1356 179 18 1914 19936 2117 2159 220 2306 2641 269 33344 346 353 3861 4305 44 5344 571 57786 58 586 5882 6109 62 66763 67 674 7164 743 763 85 885,79844
102 1098 1179 144 15589 16 1614 1626 1692 2205 2355 2477 2521 329 332 333 33838 360 37 4181 4216 426 4415 473 5797 5799 5800 5805 615 616 650 7731 7833 788 803 921 99,35059
1061 1065 114 11955 121 1251 13063 1508 1760 177 18 181 18239 186124 188286 2029 2074 2139 2168 2323 2425 28 3084 320 3283 3292 3316 41550 4381 457 5419 599 629 6362 7029 7055 7497 786 8398 85 946 9613 975,46119
1149 150 1869 207 2101 2168 21849 239861 2732 2962 307740 3431 345 3474 407 469681 60 64 680 7682 79 798 853 947,21142
1173 1187 1192 12803 1508 1538 1540 21130 2125 215626 2296 2406 262 284 28811 2916 310 320 3223 4025 4133 473 4763 5409 5902 64 7807 95771 978 983 99036,13883
1051 1159 1273 128 130 1344 1397 1427 1576 1592 1606 1668 173 18 181 1811 182068 2168 2263 2264 2485 24860 319 325 327 3508 4168 4222 426 4403 5 517 528 5309 60 60621 6470 6775 68 69 82281 85 922,66961
10047 103 1062 108 1090 116260 12580 13548 13902 147 15102 1713 1734 181 183 2168 2205 23636 2491 2531 2940 310 3216 33361 4381 4519 48 4994 5056 591 60 691 707 770 8020 8021 8306 90639,56847
1035 10367 10888 1241 12589 1408 143 1430 1531 1540 17 18064 1807 1955 21 228 2412 258 27081 2730 2773 28 2830 329 3533 384 400598 403 453 458 47 5160 570 57434 591 59146 648 7365 74 7400 7807 786 79 896 921,34062
1225 13383 13838 13889 1395 1407 141603 1464 148244 1529 17 173909 18 1875 19062 2101 2161 231 2410 2470 26182 2689 27 3070 32 3238 3304 37931 38243 3893 403 407 4492 4493 450 4524 4548 496 5081 5098 562 57653 61 617 6204 6303 654 67 737 8438 879,50417
100 102 115109 12084 1224 1422 1453 145563 1523 16 1668 17 1705 171309 1735 18 231914 2333 27011 2731 316 31926 331 3489 3517 380 3895 4035 409 4132 4448 49 49197 509 5175 5627 67 726 8026 84 85 876 93430 944 975,54439
1065 115 1283 13593 1365 17067 17154 173 1943 2557 333 362 373 426 4428 4760 5160 522 5765 62 629 63 674 6942 88075 97003 9869,33960
1060 1061 11378 1149 117 13323 142 1747 1955 220 22285 2557 2618 262 2627 27 2788 2830 295 3707 3708 379 4096 4124 450 45360 458 4958 5400 5437 5527 60 7038 7199 7200 7409 850 879 94823,22541
1055 108 11003 11826 119 1235 1365 1436 144 146 1487 1549 1644 17 1814 2063 2259 2260 238 2459 26055 3257 38261 4028 464 475 4779 516 59231 64 666 69 722 753 80 870 89180,30919
109 1107 11521 1416 1532 1672 17 1723 1746 1919 2012 207 20902 2285 23 231 2412 2658 27184 2766 332 3554 361788 3881 458 4692 4795 511 57598 598 781 79 7971 803 8095 819 85 86 889 975,73073
1012 102 1047 1056 1089 11673 12069 1273 128304 14232 15279 16250 1630 173 17443 1782 18 1828 1897 197299 2 2026 209134 2139 2214 2549 2815 2924 3883 409 41669 428 4909 543419 560 599 674 6820 737 74046 743 756 7879 8072 8223 841 85 876 8888 89232 947 9519,41477
10089 10511 1056 1071 11 1121 116771 11693 12453 1345 1349 1384 14025 1531 1596 16616 17344 2069 207 211 231 23484 2411 245273 28 33800 382 4177 4182 465 5198 58 5872 596 766 781 7944 8070 9946,22852
1065 1103 117 12284 1315 1345 1356 1362 13728 1384 143 1603 1757 1890 2706 2980 309 310 3284 35726 36105 3716 3881 3883 429 4488 458 460 48 496 532 58 599 61 673 7 764 7950 822 8749 88756 9120 9625,30638
109 112049 1203 13359 13464 14640 1606 17 1722 181 21 2139 2159 2161 22118 2369 2377 2384 2472 3013 31056 318 32 34872 3657 379 400 417 4182 4558 54105 5487 591 61 649 655 674 68 859 9015 91687 925,59535
1075 11165 1225 128 131 17348 181 19603 197 207 2087 2279 24404 25287 262 29445 29890 3061 3118 32420 3526 407 409 43810 4844 5282 5806 6062 64 6702 686 6946 7208 7210 7211 7400 7812 80 8160 86 95987 9691,25952
1349 1415 1416 173 1943 243901 284 2877 3374 3526 35345 3728 411129 4385 53825 64 6908 845 85,12534
101 1043 10740 115 1197 12 12653 1340 1430 1771 1777 18592 1943 1959 1963 2377 2840 295 298 3154 3254 3700 4203 44 4535 4571 4758 479 5167 60 644 781 79 9403 941 975,21710
1000 1065 108 1093 109531 11 11699 1190 12021 12562 1345 1383 1413 1481 1523 1533 1574 164 1654 177357 187 1943 199038 200 2064 217370 2345 2370 246 251607 2892 29065 295 3064 33834 37822 403 409 415 429 4404 4962 596 666 67 672 7083 7254 78453 813 859 916 9177 9544,36625
1047 1083 12927 1344 1359 13597 1363 15692 159961 16 1645 1684 169 1723 1726 1801 188 19371 1955 197 2055 215 2279 2356 2410 2518 2644 295 310 32608 339 398243 409 44 44419 4548 461 4610 4754 478 479 54413 5656 591 775 795 92 9665,27079
100947 1060 109 1090 11722 12191 1312 1531 15406 1566 16 1613 19027 1919 197 2089 2384 25853 284 3166 3199 3754 37552 3888 46886 5148 544 55 5576 5577 5693 5800 60 615 62 648 73971 7419 756 763 788 870 996,79482
101 10329 10388 10529 126 13270 1595 1596 1814 2269 2686 2710 295 351619 3593 37074 380 3951 4594 479 508 6204 693 770 79 7984 873 8988 9,11348
102772 10291 1043 10488 1060 109 1317 1345 1439 17 170111 1998 2169 218 2195 2208 2338 27 2831 286097 2878 3284 331 333 335 3560 359 4123 418 4415 4567 4821 535 5443 557 606 6160 6850 7464 771 79 811 8384 84 85 8517,53451
15022 205 231 234 262 2937 3022 3064 3289 3559 399 400 43706 5450 61 6152 629 644 6536 66 7076 8297 8556 920,13813
106660 10834 11410 119 1192 1243 138952 1440 151629 1845 18452 1919 2 205 2050 20880 2092 220 228 234 274 277267 2830 310 31534 3177 319 33 3553 379 4050 457 560 60 603 621 632 68 685 69 760 795 8218 8444 850 922 9887,37154
11851 1245 1746 18344 1867 1897 1929 229 2356 241 28 2816 2956 3063 3167 32 3407 358 359 362 4368 454 496 5 5175 524 54647 5663 6109 85 8800,21016
1001 10175 1068 1075 1099 126 150352 1672 1684 16994 17 17669 17670 181 20719 24 284 304 31543 3169 46 483 521 522 55 550 5619 5683 609 64 680 700 7981 8889,38644
10576 1065 11312 12630 12710 1273 1583 1697 1887 18881 209 23187 2356 2686 27017 2747 2759 28 2916 3280 344 4315 4545 457 495 504203 5721 591 609 6567 7121 80 846 85,14208
100 101540 103 1056 1259 1632 1873 2 3120 459 481 591 63 6349 6453 67 69 870 8756 99,25025
1150 1208 126 145 16410 166 1763 181 1810 183 22298 262 2670 3084 36686 380 3875 409 4381 458 462 473 49789 5 5310 5702 5810 5858 5901 67623 6767 785 81301 86 97640,38970
114 1164 1361 14595 1479 15198 15564 1574 1594 16958 18 2067 237198 2411 2537 2728 2732 2790 2830 3114 3156 339 353084 3957 4145 4182 4190 425 428 4319 44 482 5 532 560 60 6619 6714 85,40121
1019 10758 109 1350 1361 14229 15296 16195 1670 1801 1973 1985 218 230753 231310 263127 27839 295 318 3327 333 348 3534 3669 3822 458 459 5597 562 598 60 664 67 79 8474,47602
0 10214 113390 1179 11960 1208 1310 1385 1393 1430 144 1452 1653 17 1805 18452 197 198 2242 2262 231 247 2603 318 333 335 3397 428 45 4508 46 5 532 55 5534 557506 570 6050 6128 6301 79 795 8724 88 922 944 9864,68353
100490 103293 11940 1225 131427 1357 139 140 17 1757 214 22871 2550 26429 27165 2751 2765 2983 331 340 3526 3778 4098 44 458 473 511 5130 5885 599 64 692 6933 7217 778 8218 981,34285
109 1251 1252 13072 145 145251 15793 20090 2232 2355 2553 28926 3013 3279 335 358 473 5 5846 632 743 766 911 916 981,44370
101 10993 12942 1330 1492 1630 1692 1726 1805 1943 1966 2191 2491 295 332 333 3784 380 4224 458 4853 5102 71 763 975,24132
101 1065 1093 11438 11885 1240 126067 12692 1279 13212 1338 15035 157502 1588 1620 1722 18 181 183 192 2096 212 2155 22200 22484 228 2491 3151 3199 35867 36516 409498 4123 417 4305 43447 44 465 53819 58022 58183 605 6327 68 7114 740 7879 9380 953 9640,36701
1142 1316 1384 1453 1559 1594 164335 17 1734 1771 184329 195 207 2262 258952 2698 3595 4216 4768 5355 5579 6108 6160 629 6736 771 8573 916,26427
109 12544 13913 17 2229 2944 333 4201 543478 560 60 603 629 670 994 996,41515
1050 1056 1182 1187 1345 1350 1384 142 1544 1666 1763 18 18853 1919 205 206 24648 2491 2745 37636 4321 469 48 5 50250 5170 544 560 60 622 636 67 68 69 766 80 850 922 945,62154
1005 10145 1026 1043 1223 1368 1384 181 2070 2248 2279 239 3517 3716 382 414 465 473 5268 5944 745 85 9647,25571
10488 1099 12176 1225 13859 151 15453 16 18 1916 1943 220 223 23315 2526 2550 281879 29360 32833 33855 34132 4014 415 4182 4203 436 457 4585 460 553 6160 6265 6340 647 770 811 8433 8677 8965 9535,23191
1001 103 1060 1251 1408 15806 16 1614 1626 1668 1691 1692 179 1863 19270 197 2050 2186 231 23690 25208 2586 26539 2809 3123 316 320 4150 4216 443 4827 55 5797 5799 5800 615 6544 67 69 722 743 763 788 86 9807,52723
1026 11090 115 1398 147 155570 166 1742 1768 203 2060 212 2546 2744 331 4318 4361 511 5726 5903 604 644 673 71 80329 87441 9665,22240
10119 1050 1056 10692 1107 115 1199 1345 1359 14121 1548 181 2168 231 2804 32470 333 374 4098 4420 4562 496 55 56 793 8304 85 86 882 888 915,36103
1065 1312 1359 142 1526 1539 16265 1675 1921 203192 2413 2710 2767 284 308390 3135 3252 367 403 4492 511 521476 521477 530 691 7993 85 89735 911 9627 994 996,24344
0 1022 1746 179 18074 2356 28 2843 2905 3391 345 3881 44 457 5211 5606 633,12828
1005 10089 1099 11571 1159 126 1356 165027 19439 2001 212 227200 228 2306 231 2368 2384 284 295 310 320 339 345 397 4159 429 449669 4641 473 4851 5898 60 62 715 722 728 7397 7659 778 79 947,49613
1005 1010 109 1199 126 12696 1385 1431 18 2035 2309 2384 25541 2572 26160 28 2892 34217 34889 35036 415 417 43074 52 54 545 571 5865 6535 695,34583
10354 1047 113290 126663 12785 139035 1393 147 15921 1665 18680 2462 25096 2510 2528 2699 2767 295 32 3532 4313 59 60 6133 618 6619 701 742 770 922 9228 9698,15374
1013 101966 109 10985 1110 113492 11814 1194 124352 1249 126 127374 1312 1384 16 17 173082 1766 18 1854 2096 228488 228489 2292 23 2384 2477 2485 2504 256 270 28 29053 295 2980 301 3136 316 3431 351 3674 3701 3919 4216 4365 4381 454901 47277 48 4897 4900 49774 5249 55396 5803 5951 6303 66 68 788 790 841 85 9855,80740
1107 115 126 1273 1394 1576 179 190442 1921 2369 2384 2410 24162 256 27912 2953 2994 3277 3658 374 397270 3977 4110 48 5 5750 617 636 68 693 84 93438,32533
10073 11315 115 1398 14319 16616 2546 26173 2828 32245 32316 3867 574 62 65 66 686 738 7585 791 8715 92424 9531,15074
1089 10946 11069 11360 1145 11594 12715 12718 1384 144 145 173 1755 231 255 25999 269 27 2962 3181 335 343 35610 3714 3861 40679 4193 4206 4245 4293 54 5496 591 6081 644 666 76409 834 84 879 886 8970 8975 981,19118
1118 11352 1292 147 15461 158 165418 169 18 1929 22372 231 2355 277748 3040 339 351 409 4370 466 513 60 609 6619 6725 674 680 8141 921 970,25685
115 14325 18 181 1821 1943 203 2064 22339 236095 240328 2491 2550 258 269 2822 295 3260 3304 3832 3926 403 4355 4415 459 4901 4958 4980 506 5384 5840 766 81604 8297 85,45138
101 1121 1315 1523 1561 17796 1873 2168 22554 2316 289 2905 340 3991 4119 42258 4789 4831 5170 5454 632 649 654 691 83294 921 947 9855,7080
102 1026 124596 125 127 12968 14073 145 1531 1583 192 2227 2918 312 3344 3526 382 4350 436 464 487935 487936 50853 52 59 66 6615 6979 702 725 762 771 7997 80289 8433 85 876 91 932,19092
1046 1114 1166 1187 14537 14809 17 2260 2491 277 2807 2926 295 302 30735 31721 327 333 380 3956 511 525 599 6010 6115 618 636 691 85 860,38405
1065 1075 1083 123591 1345 15226 1814 197 1996 2230 22686 24235 243652 259626 2751 28 3066 3517 3589 367 39096 3943 458 59 60 674 72 74 7461 778 812 84557 862 87740 8834 915 99,26500
100 10364 1046 1080 1158 126 135567 1394 1529 16161 1766 20356 206 2098 2306 2312 2319 2425 2605 274 2839 284 3084 347 351 4282 5 518682 560 609 6108 66 6868 745 7879 79 8 841 85,33917
11128 11207 120320 13369 13380 13464 1384 15926 1668 1670 1821 1923 2088 2186 2288 319 335 3534 417 4182 4207 4300 44 496 59708 614 62144 680 778 78166 79 888 8935 922,19958
10162 115 126 127989 13372 13376 1514 1601 165 16605 18983 1958 19669 211 220032 27376 3165 3526 3547 360 3812 398 4207 429 4310 43923 4463 46444 554 61028 6307 7721 7825,3606
108 1080 129 16 17207 17222 1794 2262 321 332 346 394509 399 421 4642 473 574 71 786 79 83 8306,18449
105727 1083 11151 111755 11298 11358 1620 1628 1653 16954 179 181 1821 1973 22 2230 2618 2854 3079 3199 325 3284 345 356760 36535 41353 415 4354 462 479 4843 496 59983 60 6037 622 657 722 7285 85 863 8894 9615 987,40728
1001 1024 10445 1114 1126 1168 11960 1203 1332 1345 13702 13703 13823 146 157 16 1656 1672 1723 18 200992 20547 21381 2769 321 331 360 3610 3640 3743 4016 4368 450 4782 5110 55 56 560 5857 5903 60 6086 6287 726 7705 795 80 85 947 9843,34457
10125 1055 1085 1165 12284 1365 142 1430 155 1570 15883 1653 1721 1744 179 1920 194183 22550 2259 2313 2669 283418 29902 303381 3312 333 3397 4064 5120 52418 6711 676 69 709 752 7719 781 888 9063 921,18833
103 107078 10879 110441 1187 1195 12024 126 1526 1531 1549 16 1626 16605 1684 1692 17 20135 203 2096 2512 28 2807 2911 30808 3526 37074 3776 382 3883 426 4463 454936 458 50675 54 5797 5798 5799 5800 5807 61 615 722 763 787 81 841 8451 85 850 870 975,57009
1040 1056 11293 13056 133357 14694 15082 1671 16934 176904 18936 2064 2223 234 2443 28 2875 2904 320 381 46 4635 52 528 666 6769 68 763 79 8139 84 85,34454
1026 10534 1065 1088 11223 1349 1379 1383 150296 1523 156 164 165 1765 181 1845 1868 188 1906 1919 1930 2023 2060 2102 215 231 2344 2425 295 3370 349 352 3964 39850 40908 415 44 4548 458 463 5 511 522 5310 644 6657 67 7029 7397 9 9067 911,66028
10100 1053 11768 12274 1345 1408 142 146 1549 1731 18 1919 20603 2237 2355 243 2770 28 2916 310 3133 316 34 350213 353 4406 4763 560 583 594 60 71 794 8202 8476 85 922 9579 989,32181
1083 11281 11555 11924 131689 1340 1372 1384 14825 151 15266 153576 15700 16520 1668 17 1856 194 1979 2322 2406 2463 2586 27816 340 3613 4216 438 4482 4740 483 511 516 5673 58 59 6006 6704 68733 728 755 7867 79 80574 81 811 85 922 9706 994 996,36171
1038 109 1285 1363 15475 1772 198 2060 207 2289 2425 310 319 331 42 473 4963 516 590 60 62 657 66 6754 756 8819,61974
1000 1060 10962 144611 1496 15209 1525 15324 16 1613 1614 1626 1672 177 197 2064 21114 241 2564 31656 3167 32777 3716 4150 4207 4216 4300 473 508 511 615 63061 6401 778 787 788 805 92604 944,22134
1065 114 1187 130 1345 1413 1549 16396 201566 2103 23271 2580 30808 3214 3286 3546 35535 407 409 4677 58451 691 6964 7305 737 7417 8 883 93250 982 99 9924,8835
103 1059 1060 114 1199 11992 121 127583 1432 144 14805 150 17 18 183239 22458 2413 257519 2837 340 3425 3516 35706 417 426 4516 473 54 599 68 74 7859 79 794 841 85 852 859 9237 97,63687
1019 11380 12870 13513 13553 1436 156751 16616 1662 168073 18 1919 19303 2537 2597 2686 2830 301 30569 335 3436 3714 399339 426 440 48851 4893 527543 527654 5949 621 624 6280 629 722 7683 770 786 8178 8843 9312,21130
1001 102 12244 1239 126275 1819 182846 2064 23296 26333 28049 29323 31436 3199 3219 358 40034 4263 4492 4493 4590 473 49 496 56 5646 61 6174 6337 644 666 675 7436 7450 766 79 800 850 95,22342
1035 115 1195 121 12882 1531 15599 1966 247 28032 333 33399 3601 407 463 466 5419 562 62 6653 958 9863,19859
1208 1317 1408 1603 173 18 181 221828 2285 299 3120 3260 3286 335 43549 438 6876 762 778 79 8647 8919 942,30737
1083 1110 1394 1607 1640 1671 17 174 18 2064 2356 2557 258 262 331 4223 4290 555 56 781 841 85 947 967,32363
1061 1083 11003 1245 126 1416 1418 142 14365 1531 165 1668 168779 18 181 18336 187 247 2667 286960 2928 304 366779 417 4203 4278 4439 452 4875 4960 511 5402 599 60 61 62 6393 644 6474 657 66 666 68 6820 7013 7123 726 765 794 84006 85 850 86 88479 9 9116 9544 961 975,82969
102 1040 10812 126016 1630 1672 174 19823 21004 2168 25 258 327 3431 3515 3532 3561 3820 3868 403 4059 438 484 5868 617 762 79 8581,23910
102 10262 1089 109 1107 11473 1309 1430 1456 16556 1693 18 181 1922 196 2012 233553 2436 258815 259 2763 29645 349 350 389 408393 458 4786 5 526 528 564 603 695 7396 775 79 880 970,61447
1065 1071 1116 126 1362 13825 13997 1430 166 1670 1750 183 1832 1919 200 212 215216 23060 2310 2595 2703 2711 282 285 2931 3252 351 36775 3684 381 3888 39839 4071 415 4201 442127 5009 525 528 5576 5577 58 599 61 629 64 65 671 7202 9343 997,37320
10500 109 1141 1254 1408 140830 14121 1430 145 158439 17306 179 18 18081 18935 2 2012 209 22380 2243 238 274 275 295 2980 303091 3135 32 3205 33198 335 3610 374 37493 3853 3883 416 428 4320 463 473 5112 5166 5972 67 7021 7099 713 7370 743 782 79 961,58302
102 10320 10463 109 12673 1439 16 166 17 174 18064 2305 2384 2391 311 32378 332 3436 386 409 4110 4439 4562 591 60 82489 85 8783 997,65570
10154 109 1351 1544 1628 166 16978 1760 18 18652 2060 2096 2153 233055 23747 24111 24717 27 2834 304 32052 3321 3326 363 378 380 384 403 444 4763 5047 552 5702 57383 60 6283 7443 806 8176 85 920,50501
1000 1149 1235 126 12640 1438 16835 1710 17678 18597 18840 20528 219698 2377 2755 28 322 332 3321 359 36685 49 52587 54 55 5702 586 618 6283 6650 693 6952 7613 8040 8188 83 9970,15431
109 115 119 1196 12256 152 157 17977 18 181 1940 20880 21459 2443 2553 331 3316 39169 438 458 61 6411 7440 825 845 85 853,54194
121 1212 1251 1436 155 17 173 17716 18 1868 19278 2054 23018 2934 3123 3133 331 4133 4334 496 5661 59 598 79 8083 85 945,28362
11131 12681 1806 19470 2309 232 2323 295 3456 399 428 4390 5 5868 821 85 944 981 9960,20135
10134 1225 148731 152321 152622 15265 1547 1601 1688 169 1785 1845 1919 1982 224976 2412 2945 3016 30401 31960 32 33331 3485 352 39427 409 428 5 516 591 609 6418 738 7590 8074 822 845,18564
0 11722 127 140 16793 1854 2208 221038 2412 2854 319 333 3456 3683 377 4660 507 5078 5656 5674 652 6692 69 732 7375 746 75074 764 7655 80 8952 9245 983,12312
1065 109 1225 12440 126 1359 143584 153714 160847 1684 181 1919 2008 2103 21988 23018 2377 2499 2509 2730 275 295 333 3739 386418 426876 436 443 4504 458 458538 4635 466 49119 511 514 528 5856 599 61 6121 6474 676 69 743 764 785 8581 871 87359 883,70752
0 1056 110275 11170 1232 124043 1249 1251 13509 1548 15653 16108 1684 17 181 187 2101 2214 231956 28 3321 3395 384 4231 5065 722 7430 762 76577 8153 85 85141 922 994 996,36673
102312 10395 1065 10750 1079 11070 1146 1158 1384 14303 14328 1455 1531 166 18 1801 20065 2064 2210 2285 23920 2812 28185 304 3131 3276 348 3571 380 426 44 4571 47 560 5683 57090 605 6382 680 6943 7819 78289 8047 841 8758,32855
102 109 1135 1315 1379 1656 1668 1763 1842 24179 24870 2580 2916 301 409 437507 4991 633 693 762 841 859,30589
102 10619 106814 10975 1146 126 13026 1436 1464 1649 1668 1693 17 179 1806 1864 2003 2045 207 220 23 231 232 2705 3199 334733 3397 3919 4167 5 56406 599 64112 6585 717 787 845 855 862 876,60969
1034 1241 1249 1292 13043 14503 14514 16 1601 1640 16992 17341 188 1943 2050 2137 21442 2383 2541 26760 274 2966 304 325 3668 3858 399 399375 404861 4571 4856 489 4921 497 5078 5247 5333 57607 6571 7431 756 771 9067 947 9520 970 9857 98728 99071,14079
1090 12168 1312 1366 1655 1734 1805 1807 181 2122 220 26 275 32294 348 4381 450 452 5107 5120 5208 526 591 7063 771 778 78 8913 975 981,47648
1065 109 11211 1180 157064 16157 17 1722 179 17962 18 202674 231 238 268 320 3293 34 3661 380 440 4586 4641 56 6411 68 709 7322 756 82930 967,72079
10160 109 1196 166 1721 181 1814 19107 2356 2384 277256 28 2828 295 3289 36250 506 54 586 7383 85,48796
1046 1075 11401 115 12103 126 1279 1384 1532 1583 16 1636 1781 1782 181 19083 206 207 2453 247 2517 27444 3021 309 3107 348 3729 381 4 400149 425 452 4710 4783 5509 557 6628 68 7213 7285 756 821 834 85 876,48358
1000 10044 10120 102 10243 10820 10858 1184 12163 126 1265 1351 16438 16520 1693 17 17619 1921 1926 2024 2106 2139 231 234 27075 32333 3246 3514 3650 36796 39018 4138 4311 5 526 5508 5641 6488 686 728 74783 763 78 8 8913 92468,46547
1061 1065 108 11065 12103 12235 1262 13342 13814 1398 1570 1606 166 1714 1722 177321 1805 18388 198 199724 2409 24689 26382 2745 27686 3046 316 339 347 3812 405 41266 4182 429 4330 457 475 48620 50 50764 514 524 525 532 59612 60 616 6654 68 78052 85 922 947 982 994 996,51532
1000 102 1094 115 1164 1218 137 1407 144 179 19108 1939 207 218 2216 2313 2323 238 2409 2451 2477 303594 3172 319 3227 327 333 3603 3668 377 40271 4347 4562 5 5098 599 612 629 6389 6411 647 6470 658 71 728 764 786 7867 79 8571 947,51149
10336 11646 1195 1208 12103 126 142051 165161 20281 2296 23 231 2483 262 2903 2977 321 3256 36035 440 4627 4852 514 5674 6209 6270 629 6488 6546 68 778 79 93735,21796
109 11988 1225 126 1530 16 162255 1643 1668 1681 1698 1711 181 223 22572 233275 2507 27 2759 28136 284 2924 29470 3060 3114 32 3293 33 345 359 3636 3784 4565 4567 46 5 5214 530 6348 64 68 6960 740 82875 885,71768
103 109 119 1195 1276 1290 1349 13838 143 14431 14727 16 1766 179 181 19333 2023 21742 253 25623 25691 27 2724 299 320 335 3429 352 353 36720 4311 436 460 489590 496 5884 599 67 7626 8358 868 87414 9356 944,73906
1080 109 132004 1479 1567 17958 18 18023 19967 2 2029 20706 21412 239 2443 2724 28 284 3022 32 327 348 3526 3750 44 45614 4883 5 511 61 633 64 6762 691 695 7052 7192 7220 7443 781 8306 8474 85 88491 922 93338 969,68470
102 1060 109 1118 1139 1152 14164 147 1539 16 1606 1672 17 18 2060 22310 22435 238 255 258 284 329301 3321 373 403 409 429 4576 466 691 709 74 778 8987,81868
1099 11003 1140 1315 14338 1438 14507 1466 146817 15285 17118 172492 18548 1856 229230 23030 2340 2434 258 258293 2602 30190 3123 31712 33102 3442 352 3526 3734 393955 403 45730 500430 61378 6583 6611 6655 69 771 7731 7837 876 8952 97971,15434
11003 1110 114 11988 131 1345 1548 16 17 17467 178 1807 1997 207 24320 2443 275 28152 30040 3034 310 3107 33 331 340 351621 3714 423 4342 4524 4710 473 4783 5 514 51546 5318 5335 599 6280 64 679 681 7055 7455 7918 794 7973 85 8877 896 9110 916 9887 9913,53748
1056 1125 138705 1531 16 16374 169 1747 18 181 21126 2406 2804 335 346963 366779 382 407 40737 4222 473 4960 5627 591 60 6283 647 695 79 8238 83993 88,45014
0 104946 1065 1080 109 119 121417 135 1438 1505 1529 1583 16 1807 2052 2101 22285 2384 2745 28143 28491 31180 351 404 42 450 46272 4702 473567 4771 5450 5548 6425 6512 6598 686 737 763 782 80238 8645 896 91398,48404
102 109 113789 11546 1165 1208 121 155 15805 17528 18081 1943 205 2899 3060 3118 3120 3797 40717 409 46 58 60 6197 6305 644 79 845 85 86 886 9544 975 9807,51878
1048 1079 1192 15120 1782 2062 2485 2488 25727 2577 29510 3605 4216 44 4909 5873 59 68 9 981,13213
100 102 1090 126 129303 1753 1772 196 1998 21237 258 27 3669 3716 42 4435 473 5280 778 841 85 965,45689
103 11358 11755 1187 12173 1228 126 136978 1501 157 15778 15910 1659 17 17693 186570 18871 1972 2093 2125 2262 23228 2357 259 274 29337 2980 3022 3159 316 327 3271 335 3514 35233 375983 403 4511 483 5182 60 6172 636 6382 64216 666 6778 756 79 7913 811 8218 96257 9957,43525
0 101 103 1089 11409 11622 1165 11675 142 15 151 1583 16641 1703 17320 1751 179 18 1954 2036 2090 2093 2216 2348 2669 312 325 335 345 4337 447 460 473 52 522 52511 57 6121 6704 6767 68 6998 7334 745 756 848 8500 86429 876 8952 92 944 9496 979,50188
0 103 1065 1313 1358 1399 142 14593 1731 181 231 2392 295 33044 333 3378 3483 366 38294 399812 4256 44 466 47391 516 532 54 68 6988 75845 7740 975,50730
1083 12286 128 15226 16093 17 2817 2819 2838 335 348 3920 415 4385 4511 46544 5 554 58 603 6128 673 676 755 766 8476 85 8508 975 97913,37716
1065 10879 1115 114 115 1200 12011 120912 126 13403 1351 1365 1384 151 16 16047 1684 1692 2096 2356 2377 26130 27 30760 30808 3509 3572 40190 466017 5260 5797 5798 5799 5800 615 787 794 8010 85 9166,21321
102 103 1035 1065 1203 1241 1390 1561 1692 17 1763 1940 197 20582 220 2377 2477 2949 334 3391 388 5412 5765 58 580 6727 673 7579 85 8571 967,52205
0 1037 10846 109 1139 11824 1202 129357 13805 1439 144 16249 17 181 1982 23211 2347 258 3058 320 333 3640 3684 403 40502 4749 47554 5 5602 591 61 622 64 66766 7035 7202 73954 7636 76923 771 819 85 89838 93282 947,83060
11152 117 126 14048 142 1466 1668 1845 1890 203 2208 229230 2316 2347 2357 285 30337 32 329651 3563 4030 4256 531 60 6086 63470 64 6406 67 726 771 8937 93222 953,17479
0 1035 10602 1107 11349 114 11664 1208 122140 1358 1379 13830 1548 1585 1601 16195 17 18 1875 1919 2098 215271 2242 2471 2686 28 324 3240 3250 331 3423 3483 4108 417 491369 599 6074 61 629 693 745 832 841 850 970 98996,36658
10541 128 17 1943 229 24379 255 2830 2956 310 3145 327 3280 34134 346 39 4048 418 473 5024 552 715 9423 99,22087
1108 1218 179 181 196 197 2045 249602 3075 3171 3172 348 3881 4389 44 473 477986 49 5522 5602 5672 5773 5981 65 66 664 699 7715 888 916 9969,36555
11503 1358 1408 1612 21119 2384 2698 28 284 295 310 31258 331 3474 3476 3734 404 429 5 5927 763 85 922,34539
1075 14240 16241 1691 1830 2077 21160 2344 2384 2403 2877 2947 320 32180 349 3526 38930 473 496 511 5291 5294 58 6623 6655 922 983,21319
1022 1079 111200 1197 1270 1343 147 1585 1943 238 24283 262 2643 2732 275109 2839 373 4919 516 54099 5448 5509 60 657 695 7850 8001 9080,15401
1004 1019 1107 11184 115 12284 1286 1398 1416 146 1672 1689 1692 17 1791 181 18116 2292 23617 24320 2485 2564 275 2781 29413 304 332 33348 37298 4216 4370 4459 45213 4562 457 47277 5 522 528 615 6278 644 691 7805 787 85 8925 8926 92,54507
100042 1001 109 10906 1159 1243 1352 139 140 144 16 16934 20007 2064 23130 2356 23914 26144 262 2744 2746 284 310 3340 335 3687 3883 428 5 5342 570 5815 61 629 6301 6314 681 728 771 7735 778 83387 850 975,55701
1000 10449 11596 1165 12355 125 1271 128551 1620 16613 1842 1893 2036 2186 22872 231 2412 2837 2890 345 37798 521 558 590 599 612 6204 6464 6725 6924 6941 7593 780 841 8821 9405 953 9812,15924
1090 12915 14621 16524 1746 1750 181 1989 1990 20945 274 28323 28934 303194 3049 3194 331 351 4313 48 484 54 60 6081 61 66787 673 7739 80 85 9615 965 98059,50130
1035 1052 10658 1079 11003 1257 1632 1656 167430 18 1809 181 1856 1869 2046 2072 21735 236460 2384 241 254677 28792 3022 310 35 358 373 3904 409 417 42 4223 464 4798 48 4933 526 5316 6362 662 680 711 7652 80,44064
1075 1083 109 145 15210 164 166 1760 185 1890 2 20 207 2289 2323 2550 33244 417 450 459 473 599 60 7246 7974 870,48959
10301 15566 1588 179 17991 2248 2831 2854 304165 37894 4413 453 62 8606 8777 941 97234,12561
1000 11730 12307 126 1315 131566 144 1529 16 16357 179 181 2549 28 29941 31180 327 329 3474 3546 3668 377 3772 38 38503 4025 407 4249 4334 44023 466 4692 476 479 483 514 786 841 876,31262
109 136333 1399 1537 198611 205 2770 3061 380 5 555 5602 58 587 612 674 764 922,36775
12421 1246 1384 1430 1594 1601 17 1746 1866 2064 207 21149 2208 2260 231 234095 28618 29645 29849 3030 325 327 3313 333 348 37130 4068 415 4780 48166 598 650 7108 737 7807 792 8178 922,41381
104259 1107 1273 1281 1345 15279 1576 18398 18452 20071 209441 21274 2188 23477 2357 251821 2918 3279 3750 417 426 473 5 511 526 847 9022 95 966,22807
1001 102 1047 1050 1065 109 126 1523 1531 1584 165161 166 1661 17854 181 21155 2741 343 3509 3644 4009 511215 52398 532 55337 58412 644 664 67 671 680 82872 841 9353,54639
1001 10431 10503 11131 115 13209 13339 13359 1344 16 165 16657 1722 17234 1755 19304 1950 20534 207 2177 22499 23595 2412 24499 26584 2708 2733 28049 3199 320 3327 3393 34838 3533 403 4221 43680 464883 4925 50098 558 6243 769 89439 9783,12951
10040 10333 1047 125137 1441 1465 1583 1906 20148 20149 255 262 2716 32 3530 443 463 5 522 5714 599 60 62 770 8189 850 888 9022 9140,36299
0 10089 10340 1065 109 115 11619 11887 11926 137 1371 1531 1668 17 179793 18 1914 209 220 234 2409 2611 277900 295 298 3483 3645 3832 405 417 426 459 504556 55262 560 58 5898 6378 6820 7 7418 7524 785 7873 79 841 8469 8895 922 947 9760,68878
0 10434 1126 1159 1241 1266 1365 1430 149 1568 15850 183 2069 207 2139 28 295 333 3391 3437 4311 458 483 5 5056 511 60 616 6291 644 673 79 85 884 91,49799
103 10488 1052 1140 1228 1278 130858 1408 15266 17729 179 1940 195 20624 2069 24612 2618 2730 27620 3376 3526 4161 479 50 501 55170 56796 599 66 669 680 68453 686 92731 9618,23667
1147 1350 1362 16 17 1740 1948 1996 2054 2072 21 2139 2334 25 2686 2736 29632 2998 3181 321 3491 3569 4311 4322 443411 46886 49 495 513 52199 5380 599 6072 62 63 644 655 7990 841 85 8783 970,37340
10024 10089 1011 102 1061 109 1203 13023 1359 145 1805 1822 1894 2061 2089 2101 23284 24691 2736 275 2771 2954 3159 3716 3734 400 416 426 4775 487121 60 64 66 675 6820 6935 7202 781 7989 8793 929,43898
1000 1173 1332 18 206 2186 284 3121 3382 3571 48 48226 496 562 5656 978,17414
10156 103 1052 11 11660 1241 1251 142178 15257 15479 1604 16089 17423 17700 183207 19973 2229 2653 2732 2771 30633 307859 333 3447 3464 348 358 377 380 409 412586 4217 44 4400 458 46 473 4864 4987 512 551 552 560 591 60 61 6657 69 738 85 922,54329
10198 1029 103 10662 1090 1218 136 1384 13913 142 1604 17 1782 18 181 19089 196 2056 2168 2285 235156 241 269 27 2788 29372 3013 312 320 3300 4335 473 60 6598 6657 6954 763 7807 80810,78325
109 11160 114 13058 1421 1430 14461 15102 1548 15795 1598 16147 16485 165161 181 1848 1940 2044 2243 2319 258484 2730 2736 284 295 302 316 331 3384 36263 373 377 380 425 43162 460822 49351 5245 54 58 599 60 644 6980 7087 7497 813 85 8929,71491
100 1002 1059 1065 1350 142 146 18516 1875 2356 24255 2862 2980 3153 327 3418 373164 409 4281 436 491 538016 654 6546 69 822 8682 8905 9037 946,14914
101 103 10676 1089 126 12975 1344 1419 1471 15020 1529 1652 17 177 2260 231 2337 238056 269 27684 28 2980 3131 3183 319 3385 3559 3610 4167 4607 47896 60 612 693 7263 894 9581,46832
0 102 12 13074 13726 1429 15317 1586 15894 16264 17 1828 2159 2207 22768 2327 240432 2815 284 287 3004 331 337 381 4256 4385 4516 5 526 52923 560 616 64 6754 7867 8027 85 876 883 886 910 9228 9501,49513
1024 1356 1628 1787 1790 181 2037 2103 2309 310 32 347 35570 358 3986 417 4262 4782 505 50557 5852 599 612 673 88042 915 922 9768,28335
1083 1089 1107 1114 11646 1167 12179 12403 126 1323 13728 14176 1520 16605 1668 1697 1940 2403 267843 269 2730 3526 400 4000 403 4290 4311 44 4404 4463 462173 544 5728 5886 6160 6790 690 6977 791 883 885 88671,14399
104463 109 1172 11827 12942 1628 166 17892 179 18096 1919 1940 20993 212046 2830 2897 3092 310 3468 363 3796 3893 409 426 44216 499 5160 561 599 603 644 672 6747 763 8363 852 8719 915 95210 975,51332
109981 115 1299 142 1479 14876 1552 168685 17 1722 1766 1857 1882 1973 21304 21305 28 28225 295 331 351 3808 4027 403 43595 43733 743 811 82746 85,29474
103 115 11818 133089 14038 1532 17 1919 197 1973 1987 2012 20388 205 218 269 3199 331 3739 3952 417 428 436 44 5 500549 59 69 693 7089 7850 90 910 92 93635,53821
10089 10156 11 1115 11505 1152 126654 14038 1429 14547 1640 1755 18704 18784 18889 2161 2208 238 2506 2745 2825 3199 323616 3260 333 335 3391 348 4040 4176 4221 4245 429 4368 452 453524 50747 5241 5310 6073 63 6301 65 6885 707 81942 85,18915
1065 10871 109 12348 128 1650 1748 18 2370 2698 2730 2894 2912 31000 316 3254 3383 363 4028 4585 4631 473 544 55 552 56611 5710 644 65 7085 876 965,43163
1069 1192 1330 137236 1431 1525 16 17 170259 172 18 184507 218 2313 2392 258 2626 2992 301 3074 3120 3199 331 3472 3668 44 52880 55097 60 629 6567 657 7288 845 85 862 9 91827,49124
1062 1086 11151 11223 114 119048 121 13918 15341 1606 1648 166 1681 17482 1766 1889 2052 21070 247 2546 255 2580 27 2769 2830 284 2921 32291 33894 345 3568 380 3810 382 38382 3883 43487 49545 5 5375 56 56194 5693 57686 5802 599 5995 6153 666 6692 6729 726 7683 7715 7837 8843 944 9936,38819
1056 1065 1080 1089 1114 1249 13416 13450 1349 13971 14894 1598 1643 16571 177 17857 18 181 183 197 202661 2137 2384 244 2477 255 27 28 3060 311 32 3559 400 403 409 425 437264 443 451146 531 5686 60 85,59847
109 1107 12244 1416 1441 157 1670 1755 178 197 2263 2412 2528 2599 289 304 312 3316 333 3389 345 3644 3804 39639 4025 460 562 612 6301 7279 769 80071 859,37010
1012 1075 1312 1684 1757 1940 32 331 333 380 400 462 47700 599 60 6070 6502 69 844 944 946 9531,25889
126 1267 1356 1479 17 1763 18 18452 1971 2306 2337 2425 3289 335 3437 4159 417 418 4562 4572 45982 5363 599 6004 6598 695 8476 8619 99,31172
1011 103 1055 108 109 110794 11267 114 12037 126 1345 1439 1448 1547 16 17 171186 181 1837 1943 20615 21330 2233 2306 2477 258 264476 26539 2730 33131 3485 361 36295 389 4018 403 4150 4256 429 43288 4607 46254 5344 5646 591 6545 677 6834 69 7029 756 7640 99,78191
1047 107 1135 126 129 138185 16 16006 17 18 1919 1926 20916 2320 247 25 2530 335 3526 38720 403 4991 5 5170 54938 66 79 9570,43275
1013 11201 121 1359 13975 15266 1585 166 17135 18538 1919 197 2323 238 2423 2778 2888 2980 333 359 373 4000 417 429 4439 4510 459 464 5 522 52443 5885 5949 616 673 69 691 692 8153 85 8528 868 8991 902 9634,45122
11311 1242 129 13830 1438 16501 1865 2060 2064 20916 21 2227 2365 24847 255 2743 3252 341 357 3871 4055 417 440 460 495 50570 508198 511 5159 525 591 62 644 6565 666 68 680 6860 91816 922,39002
10089 11287 1149 1212 13343 13359 13436 13445 1350 1384 167 167299 1698 17 2001 2052 2060 2064 21267 224 23 2377 284 295 3284 33 333 415 4150 4160 4207 429 4439 48 4909 50838 514 58 59620 599 603 60363 6097 617 62686 6794 693 728 7740 83,47091
1069 115 121 1486 1998 2002 2050 2233 2413 3088 3252 325388 3298 3461 3476 3657 3750 3967 429 4379 44 473 503764 5845 5942 60 607 6181 621 6465 67 722 84 911 9266 957,23025
1011 10206 10333 10448 10578 10579 1083 1123 126036 12843 129 1384 1436 16278 1645 165 1650 1722 1726 181 18101 18289 1845 18804 1920 2 204892 2398 2443 255 262 2765 29400 3107 3199 3247 3480 35251 3644 3808 38831 38918 4027 4202 429 44 453 4727 4783 4793 48 496 5577 58995 59291 599 62513 63204 64 6656 6849 7197 7201 7448 7807 79122 8282 850 975,35283
10105 1050 1163 1315 142 15454 1561 1570 166 17 1914 2208 23040 2377 2430 2461 27 2710 274 3114 325 344012 348 3546 35581 36910 4098 4497 47179 4998 569 586 591 60 6124 613 6558 677 68 85 8734 967,42947
102315 1069 109 1099 11118 1179 119 126 1368 1531 1532 1545 1649 166 1772 18836 1979 203 2285 229 2409 26549 276711 295 3181 325 359 37015 3885 399 4125 41397 44 462378 514 5182 544 58 599 629 649 666 6794 691 6997 7123 756 7735 781 831 8871 9781,56175
1007 115 125 13337 13372 13461 1439 15585 165 18984 2064 2673 28575 3199 358 38882 4130 4150 4202 4234 426 4300 44374 4524 4807 4942 5276 53145 5344 56785 594 60 60829 79 911 95024,15298
0 10107 109 1090 1130 12022 13151 132449 1398 1471 1653 1658 173 17594 181 18377 21939 2732 3409 348 3773 409 4861 5439 5501 551735 60789 629 666 7383 76737 8071 822 8488 8645 889,56835
0 1005 1038 116440 11933 11959 1224 126 1351 13914 1398 1408 1422 17 17933 18 183 19373 2003 205454 2313 23331 2491 25 2944 295 3013 3279 331 373 381 4569 473 4831 5128 616 62 674 7361 7871 9584 983 9918,47871
10043 1052 15143 15402 179 18979 197 2081 2148 22377 228 230 231 2346 318 324 335 4182 505777 522 5281 7123 85,20636
1317 1398 1408 1626 1692 1777 17962 18 19744 2 2449 2463 254811 264293 2751 27694 295 298576 42 4330 473 47579 5 518 5296 5431 5506 560 599 60 61 612 629 649 729 778 7802 822 837 8620 871 92 922 99,59182
1000 109 1090 112764 1134 12346 12369 137 143 15102 166 1692 18226 18336 209364 24555 275 306 34604 3472 348 348851 353 367 384 403 40501 4370 440690 44092 463 48221 483 522 59 6020 633 679 6910 85 941 9797 981,60019
102 109 1163 14235 157886 1668 17 1763 181 1826 20303 20513 20624 2250 295 301 320 331 332 4734 5039 6719 8540,54582
11994 1312 1356 1544 17103 18 181 18790 2055 2094 2138 2242 230 2425 2980 3064 332 34048 351 4098 4375 466 532 5487 56414 6193 6270 68 85 8793 9194,41334
109 1182 11993 1208 125786 14232 1530 17 18 181 197 2141 2207 22112 2369 2550 28 299 30401 310 3276 333 335 3546 3881 39403 403 404 4104 42 4426 4911 5234 5373 591 60 8133 841 85 8931 922,99352
100 1000 1039 1083 11933 1345 144 16993 1856 1950 2064 2390 3045 326314 3327 3801 409 417 426 443 496 5 525 5437 617 6653 67 743 74621 7721 7864 7870 79 85 85165 9812 989 990,39965
0 102906 1065 1173 1225 1251 1368 14919 1534 1659 1943 20513 2067 209 2374 2537 2676 2711 333 342353 347 348 3514 354 358237 3895 3919 444 4473 4710 4841 491 536 5555 599 6121 64 705 7560 764 7846 811 862 947,28095
10089 109 1098 11133 11200 11455 1225 1312 135174 13587 143 1584 17667 181 1845 2116 2244 2261 22879 2384 247 24802 269 272099 285 3063 33977 3471 3526 37496 4040 4234 428 4289 460 483614 513352 5780 5898 64 6585 68 733 7721 7807 8218 8712 8729 91234 9375 9959,51085
1164 1242 126 1272 1391 1436 1519 15550 16793 17895 18252 2356 2406 24214 273986 283437 28581 327 32943 333 335 35247 3563 366779 3987 417 4216 4310 436 43841 452 457 459910 47277 473 50392 5798 591 60 609 6292 7220 73896 7564 788 79 795 8306 916 9619,30198
102803 1059 115 12002 1332 1384 1583 173 17358 18127 183 195605 2 2168 2186 246726 2732 295 310 347548 347549 351 358 373 3750 3786 382 3904 42 4439 483 496 5294 60 62 6341 674 68 7190 756 763 845 90,59077
1065 1090 1365 142 15806 1691 17135 174390 181 18452 20547 207 2167 231 231842 23690 2477 26539 2897 316 4150 443 451299 4843 68 69 822 85,54508
1090 109637 1192 121 12588 1552 15834 1644 18 197 220 22285 224 22721 231 2413 2767 2980 30008 3022 303 3061 32 35311 4383 5082 52029 5534 605 636 6481 78 84,38170
1056 11622 12350 1279 129 16924 18 193491 214 2366 261 262 26914 3022 3312 45358 530 556 62 68 7807 805 85 9023,29459
1039 11552 125987 1407 1438 1451 162839 1643 166 17 2425 2477 26539 277669 33 33131 3452 37355 4150 426 443 516 69 7244 726 7309 7480 7564 9228 9580 9955,21876
1056 106357 11187 1169 1172 1173 1196 1212 128 14131 14513 14790 15049 15247 1708 173 18 181 1893 1940 207 20993 212 2323 2710 27559 2943 2985 331 332 3553 38686 395 417 458015 46 47175 496 54854 5759 5818 5868 5934 67 6722 693 7490 81 855 944 947 9969,47185
1001 10159 10326 1050 1090 1315 1438 1530 1573 1607 16144 2060 2136 2259 228 27 278 2836 3004 3078 3250 381 405 4129 42327 4710 473 520906 5843 5988 6074 61 66 798 8070 80861 811 83 91,35497
11170 1246 1310 137678 1384 1416 16132 1640 1678 1813 1959 19775 2052 2344 238 2413 258 2631 304 3196 320 3252 3270 353 360 403 44 457 48 495 5262 599 67 69 770 85 910,43543
0 102 1077 109 119004 1197 1225 1384 1429 153 1570 1683 1684 1691 1780 1999 2036 211 2186 22704 2377 2807 2980 331 333 381 407 418141 426 4407 4980 516 5417 58 598 60 629 66 6795 68 735 862 870,67132
1195 1220 126 13645 1594 17 1763 1824 19555 2066 21454 24354 2619 27298 2898 337 373 382 4027 403 418 4775 591 644 6820 6878 700 7123 8379 84670 8802,22849
1065 109 1120 11267 114 1142 1187 12711 15097 1585 16144 166 17 1755 181 1950 229 238 241 247 26648 2708 295 3214 333 3429 409 417 458 46 4701 496 51415 60 6010 636 68 680 7085 726 7497 763 7636 786 85 8569,101467
100577 11298 11571 123145 125832 13 137 1504 15152 1548 16183 164763 166 17194 173 1782 18953 21171 297512 36450 3733 4159 436 50986 532 5447 5998 65 65909 7035 780 79 83237 85 8584 876 8911 921 983 997,17478
106010 109 123024 1248 131 1363 14494 1453 1548 1598 1606 166 173102 181 2103 2231 2287 23195 24726 2491 2550 2557 29584 3030 3092 3175 337 353 3589 377 3777 4034 409 426 429 4446 46578 484 4852 553 58576 680 764 789 7984 86 8670,47610
1481 15035 157 1661 17 171076 18947 228851 23299 2390 24513 25490 2603 2728 280592 2886 320 3483 4110 4207 4745 492104 511 617 6794 71383 76881 8282 84891 90 92467 9706 9888,17120
1005 10488 1060 1080 108767 1099 11049 1149 12516 126 129285 1760 17659 181 1856 1998 2161 218 23498 2643 28 285069 3049 307 3135 3156 325 327 333 34233 381 38520 3924 4415 450 4609 4641 4768 52850 59278 599 6056 6079 611 6160 621 6860 7052 7290 80 85 885 886 965,44087
109 115 126 13403 1368 1386 1393 1501 1575 165 166 16792 1722 1766 1777 18 207 21267 23187 23998 24638 26 2732 284 3 320 327 348 3729 382 385945 393 4545 461 511 5152 5277 541040 5576 570 59642 6173 65327 68 7186 7280 781 79 798 841 927 943 947,64773
109 1091 126 142 144 166 17 174 181 1920 209241 26462 302 306 331 345 346 3474 37049 373 400 42 4562 560 5702 5851 61 6283 6391 66411 6657 68 7514 80 852 888 940 9559,77845
101 10435 109 1096 112229 1317 1439 16 1821 197 1979 207 218 2353 2557 258 2688 30062 3060 3131 333 3613 3657 388 39525 415 426 4400 463 4926 509318 543 6639 672 6725 673 69 691 7506 781 786 795 811 84805 965 9715 9727,54721
100 102 10422 1090 117 1228 1383 1384 1413 1664 1671 18 181 2118 247 2538 25675 30483 3062 316 3461 3728 380483 383302 38439 3881 4110 4124 43672 44 495 5904 674 763 766 785 850 8571 92 965 9855,58731
1000 1056 1065 12647 1323 15260 163 16970 188 2300 2325 2396 295 34 3705 39423 413361 415 4379 46 56 56991 629 694 695 701 80 965,22335
101720 1176 126 13825 14116 1549 16317 16865 1814 18170 18452 1921 1960 212 2357 2485 267707 282 284 3181 3190 327 329 333 34074 4 45185 459 481 516 61 61261 64 69982 778 7997 8218 827 8345 86,18136
103 109 1172 118090 126 17184 173 191780 1921 1962 1979 2260 238 2385 289409 295 310 320 356 3571 4143 417 42 452 484 506 5140 5141 5280 5383 5384 5914 666 68 69 762 781 972,60442
0 100065 10604 1075 109 114 11705 119 1197 12202 1245 1249 13270 134204 1359 15527 1585 162413 1635 16927 1713 1734 1845 18562 207 2070 238 3022 309 359 3839 403 407 426 43 44 4519 4562 47 4754 496 5056 512 5274 5845 643 6512 7496 770 79,49784
102 1048 109 1166 13180 14356 14773 1558 1561 1620 181 196 19707 200 2070 23253 2356 2765 333 348 3707 379 4182 426 455641 47874 510 511 56 56810 6174 629 743 7644 766 791 8230 83 901 9126,64371
1069 10729 109 1356 1561 1742 1845 24756 269 310 3120 3251 3316 3366 339 348 417938 4403 452722 5 5105 528 62 629 6983 771 92 9318 958,47013
1065 109 12391 1306 1350 1531 1584 15912 1755 1761 1806 2064 2271 2355 238 2760 27865 295 325 417 45717 5 506 55337 5577 60 6655 7052 743 83 859 902 921,49662
11052 1208 1245 125804 126 131256 1430 1570 15910 1592 16 18452 2306 2413 247 26 2743 28 54904 5702 599 6283 6434 778 79 803 8148 8218 83 970 9795 99,22756
10650 115 12999 1684 1755 18 1807 1875 193349 2636 3022 3284 345 38324 4368 4419 4535 510 54123 5937 60 602 6833 7578 85 896,23065
100 101 103 146 16 1692 17 1829 2101 231 275 304 3159 352 3537 3778 403 4097 4216 4365 4556 473 4761 476229 5104 5438 5797 5799 5800 615 629 6575 66 69 7719 788 812 967,60509
10049 10766 1083 109 1158 1165 126 1279 1391 14823 154017 16075 1628 1721 181 19247 2064 2261 2356 26561 2769 2774 284 2933 3123 320 3327 3559 3867 436 445 5005 501 522 553 56971 6 60 644 679 729 762 7970 8000 8117 870 90122 9342 983,51531
10820 1105 110713 114 126 141 143 14624 15266 173 1796 181 206 2104 2355 24029 2553 2788 31199 3526 36250 3798 4125 4159 429 4384 5283 5909 599 6122 6160 62 6243 644 770 80 8070 947 9634 97843,38495
0 11 1110 1356 137 14205 1496 17 1915 1939 1943 20080 23 234 255 26 2810 284 30754 309 3181 348 3509 3729 396 43208 44 458 459036 4728 549957 5579 5951 609 64 717 7669 7677 85 859 989,38056
1005 1196 1299 166 18898 19159 1943 2093 211 220 247 2945 3153 331 354 3964 41890 4665 4900 5596 60 61 6488 6932 753 7918 8550,17168
10151 102007 103 1149 115 1192 142 151 1659 166 1812 188229 19325 207 21 227492 231726 232 2831 37437 399 418 475 4980 5 52473 55642 574 58 60 6042 6860 75 763 766 812 9318 982,47088
1023 10320 1106 11093 1173 147043 16958 17 19761 205233 2104 2377 2431 256 269 295 3170 3199 33399 33486 35489 360 39 3901 403 425 46 511 516 522 544 570 60137 612 644 8124 822 8433 876 9036 916 9181 947,38558
11312 12 121834 12373 14038 1532 1549 157 16 18 1801 2067 2194 22606 232 257470 27 284 293 2945 29575 318 348 36250 39738 399 415 452 45794 5053 5794 599 644 703 7226 791 85 8645 9029,32376
101732 1065 107798 136 15048 17 171847 1731 1760 1782 2557 2875 36250 3729 473 514 6098 621 7339 743 90 92 922,25207
103 1065 1099 12430 1438 14782 1547 16 1628 166 18 1864 2094 233867 234 2345 2356 27 2814 284 295 32905 333 36140 380 3951 408446 417 452117 458 484 496 499688 50483 6265 6474 66 6778 680 693 6957 709 7571 7618 793 7978 85 925 9812 9892,61893
0 1089 115 1158 1270 15437 15441 1697 181 19675 2207 2392 2411 2509 275 2760 28 284 2916 3199 327 347 373 39157 3967 42 4698 4904 603 61 62 629 648 6578 68435 841 85 922,66285
0 1065 10837 11718 13097 1681 174 18930 197 2052 214 2143 23022 23158 2359 247192 26 3072 3181 348 3886 3951 5 560 605 64 657 68 7407 8584 8665 90,31535
110831 12972 1531 17 1712 1973 20028 2064 230 2543 2580 28 2980 333 3569 3589 3735 417 4514 54 68 7052 79 86 870,29232
109 1159 1481 1547 15585 1847 2003 3054 332 3827 3867 4015 4368 4372 440 59 599 859 922 9420,32743
1055 1083 109 1368 177 17924 181 1916 2024 2168 29941 333 3429 3509 44 4406 591 599 7400 86,47272
10541 1071 1192 119926 1245 1358 1408 14688 1606 166 1692 173 1751 18759 220 22403 2310 2319 23555 238 26546 295 29928 302 33 331 3636 3697 38923 406 42 4992 5 563 589 6173 629 6537 6644 739 7565 775 780 79 950 982,37283
10076 1037 11544 1163 126 1310 136017 1579 1610 166119 169 17415 1920 218 2205 2219 25264 258 270 2711 2736 2751 284 2928 30265 3159 36949 3761 38632 389 3956 403 44847 452 5126 518 5596 603 629 6346 64 6468 6867 693 762 7727 843 921 94887 967 985,25548
10037 1079 10889 11851 1187 1239 1315 1363 1430 15341 1575 1594 1672 1856 1888 1889 2259 2477 2730 288865 32059 32077 329868 4035 4161 417 426 454 466 5170 60 629 67 8515 9154,28577
1089 1142 1531 17 17344 2414 269 2778 295 31491 331 360 38520 3967 405 599 60 7014 850,24363
1005 1090 1156 1208 128 13531 1363 18880 1943 198 200 2136 2272 2310 28 284 333 348 3526 4125 463 511 5360 603 674 764 778 8078 826 8895 92,47484
1001 102 1026 1055 109 1362 1486 1606 17 26184 27619 35866 3720 381 426 436 44 599 85 922,64635
10388 1091 110 11954 1265 144 145 1559 17 1755 181686 2 2904 29295 304 348 3514 379 417 425 4305 4660 4796 52 522 594 5951 615 6512 6616 6693 674 69337 7308 74837 766 85 870 8922 941 99572,27835
103 108 1248 1350 1431 1549 15793 1584 16 1657 1668 16810 19253 1989 2007 2637 275 2774 2830 2838 295 333 339 3681 3697 4531 5227 599 6537 7052 7568 8448 850 86 882 965 975,36639
0 1000 1061 1093 1107 1256 128230 1345 1376 14723 14739 15010 1531 1598 1606 1662 181 187 1896 195 2007 2032 2074 2279 228 2304 2384 28719 31091 32681 3306 335 3591 3674 3810 405 4090 426 4263 457 50 5208 5209 5522 56 629 63 69 691 7733 870 929 959 9668 9714,39400
10207 10519 1147 1239 12830 1344 14437 1486 16749 1697 1792 1821 1896 239099 2709 27807 2933 3426 3571 4 4383 457 502 5091 7 85977 86,3944
1419 1512 1683 1692 17 197 269 304 316 32 32638 3371 34353 3613 3895 45358 5 522 5464 60 6533 6820 770 771 79 80 91 922 97276,41314
142715 18 1814 1893 19172 224 2355 2854 319 325 3402 352 3796 417 496 537 55,14278
1022 109 12630 1635 17 1763 18 20500 2052 2074 2198 2365 2412 284 2845 294169 348 380 381 404 4256 42808 458 474 529320 552 711 781 8205 85 9504,59338
1083 1088 10990 1114 11392 119 12126 12201 135 139 140 143 1505 15102 16 1697 1727 18 1821 1957 2025 2150 2333 2770 28 3031 310 3141 3284 3321 3571 373 38631 397420 444 4562 457 4608 47298 483 60 64 6418 77414 7856 9 921,32937
1001 101 102 1077 109 1099 11 1176 126 14030 16605 1711 1731 1772 179 18 2037 2060 2305 2337 2405 2960 304 331 339579 3526 400 4463 535 544 55 56 60 6022 6097 66 6839 6858 69 85 975,65317
102 1029 1047 11003 112444 114 124 1279 13161 1345 1530 1606 17 17135 1757 18 198 200 231 2751 28136 28585 3453 35 382 429 512 513 5142 574 5978 60 658 673 691 70164 756 80 850 8670 915 932 951 975,65456
1239 1350 1384 142 1499 152754 1601 1681 1711 18103 18472 195 2210 2292 231 23614 2908 295 328 5689 578 599 60 6157 6510 6692 6752 7009 76577 85 981,26568
1310 135593 1399 1657 1952 228 2498 2918 302 30316 30735 320 339 38588 3889 414105 426 4439 4609 46304 466 514 537 574 6 60399 612 6185 675 693 709 800 805 85 8528 8588 87258 965 981,20873
103 109 1279 1292 151 1570 1611 1662 2168 22066 231 2944 3212 3399 525 550 591 6411 6659 68 688 692 693 803 862 965,47081
10740 1090 11207 11988 13212 142 1668 1722 2029 2323 2730 3181 3216 325 38895 4025 4182 434829 458 544 551 58479 6327 633 6379 64 68 7807 85 944,34077
100782 1026 1062 1079 12723 128 1323 13372 13376 14365 15010 15488 16522 166 1668 1692 1722 1746 18 20513 22529 233536 2375 24824 2631 26333 2710 3181 333 3519 3739 3881 38823 426 429 434341 459 462 469740 472269 521 5243 5951 66 6698 673 67661 6780 6793 685 709 732 7989 85 921 9228 9887,34138
1069 1283 13726 181 1830 2064 2168 228312 2289 2320 258 2710 2770 3064 32513 377 403 4050 407 429 44 450 459 4693 5 526 544 599 666 67 756 7746 778 781 79 922 941 9611,66461
107 1164 1220 1384 1430 166 1727 18 181 197 2168 3483 351 363 3661 4124 4413 5 5243 557647 5837 59 62 685 7120 715 79 85 888 915 983,60720
103 1065 1079 1089 109 126 1343 13551 159 17 1721 18 181 197 2010 2156 2262 2263 230947 2702 28 289 31708 3312 348 34852 393 44 4607 4771 4787 5 612 6127 6567 657 66 680 69 726 7336 763 80 922 947 967,104846
1010 1065 1203 13914 15086 179 1875 284 3534 4798 48474 4849 511 516 5480 5688 60 64 673 71 7206 7217 729 804 868 8889 92 922 947,32265
11887 1249 125 12833 1337 1501 20175 223 24 24613 2525 27090 2728 28611 3128 333 335 335597 3791 497 5400 57020 6221 6335 662 7302 75 800 8991 9508 9610,8547
10822 115 128 1317 13636 13665 144 1451 1672 1876 197 2153 310 333 373 377 382 390 4017 4090 426 454 5 562 59 6191 6857 693 7052 730 740 7400 7622 8039 85,40962
1026 108856 1242 14512 1466 1570 16 18 2 27396 2770 28 2899 300472 322 353 354 3661 3707 3708 426 438 4459 4964 5138 5160 5427 54499 586 629 6376 693 7246 85 8715 882 916 9585,36199
119 126 1317 1441 145 152866 15382 166 1754 1792 18 181 2159 23610 2430 2464 247 25765 26383 2673 2695 3084 310 320 3312 348 403 407 46 4607 4745 4907 5125 5742 58 5901 60 6066 672 7 722 7746 781 795 9695,47911
0 109 1109 1119 144 1644 17 19258 2231 2259 311 3240 3316 3571 3705 379 4059 447272 47 49 5182 5269 578 5780 6 6270 629 6340 6559 7045 778 7990 85,43387
1029 10434 11022 1152 13620 1416 142 144 15055 1525 16 1614 1626 164 1692 2 25 26603 304 31959 332 333 348 39921 4040 42 4216 425 42935 473 5417 5797 5799 5800 591 6109 615 6585 68 788,42737
1089 1145 1549 1668 17 1722 179 18 181 1813 1836 1857 1958 2 2026 2070 2072 2485 2565 256581 2686 28 310 360 4176 44 599 68 8304 85,61584
0 1053 109 11189 12815 1317 1438 15082 154327 16616 1705 1819 1845 194805 197 2306 232798 2366 2532 2546 27 2897 331 3480 429 4958 5879 60 69 726 764 841 85 8581 8793,42841
1099 132 1384 146 1534 177 18 2093 241983 2615 27 284 310 31160 3123 349 381 3883 4027 509 58 599 709 7260 7616 9485,28583
11983 1399 18408 18452 1943 207 215 2227 231 2384 240944 2666 284 2875 2906 2940 3170 3200 3201 332 335 3382 339 3568 36677 466 496 5 518 522 666 676 68 7035 85 922,52107
109 11646 12204 12580 131 13192 1390 144 15 15557 1750 2098 2168 2375 2384 30115 33 331 332 333 373 4462 450 46 6051 6174 67 729 795 8179 82265 8438 85 892 922 945,57716
10364 1090 12355 126 13350 13355 13756 15732 18209 1919 217327 2346 30008 3199 32860 3384 345 367 3832 3904 4028 40841 557620 5858 59528 770 841 85,28877
10195 102 1215 1218 13551 1399 1439 1531 17 173 27 28 312 3377 3559 37048 4305 44 465773 483 4924 496 5138 5160 5203 5227 5702 62 6283 633 67 7029 737 771 77633 793 8419 879 922,47431
1035 1158 119 12155 13354 1350 1630 20315 2122 220 2410 28 324 331 34606 35273 3734 3808 428 44 4629 463 5456 5503 5518 5834 612 62115 6362 6876 7029 802 8425 859 8877 944,14047
1029 1039 1062 109 131489 14188 174 1810 1857 23 2374 2525 26825 279 2816 3429 3437 360 3669 41879 5011 5373 6077 775 7846 86,28033
1000 1018 1114 115 12103 139871 1526 1531 17 1763 1983 205 2334 234 238 241 269 2693 28 284 2977 3034 3170 3333 3468 3748 473 48 496 537 58 633 66 7013 7623 9855,35407
1090 1158 1349 144 14804 15102 174 2 23950 25343 259 28 2863 3030 304 3061 325 331 333 35566 4245 444 4956 5344 56545 6160 633 67561 7215 762 778 7892 8410,30771
1000 10145 10534 11512 1196 1228 1481 17 1721 1785 1963 197 228 26 3429 416 426 454 551 5957 61 67 672 778 7949 8070 85 868 88662,40978
1001 1059 113985 1259 126 12915 131 1317 141 1531 1545 16 1668 17 181 1812 1943 1956 206 2067 23 231 23202 2410 27 3060 3130 348 3932 417 44 46 47277 473 4798 5000 5065 5448 55 5532 5837 6079 66 68 686 691 7505 786 845 8484 883,74193
103 1394 1495 15341 1575 16 166 16793 187721 197 22779 2763 290838 2928 32059 366779 4035 4263 50392 5632 5981 651 726 79534 80,20338
10073 1043 1056 1317 143 14894 15 151 16978 17 207 2096 21153 2277 231 23154 24201 263 27576 28245 28246 3135 316 3550 36250 409 418 4330 4710 48 51671 6593 7284 876 982 989 990,35215
1114 1186 1315 1573 1585 1601 1755 17705 181 1848 1861 18676 1893 2186 2412 258 2830 28318 30401 354578 3751 3859 436 5113 62010 6337 666 67 69 690 79 867 9193 93267,29092
103 1038 1208 1398 1416 145 1731 1757 18 181 1950 1954 197 1973 2058 21495 244 2720 284 2908 3182 320 33 348 3480 35672 377779 43033 44 47 475 483 4925 5957 6344 644 6505 7668 7933 822 844,49204
1055 1098 11 1123 1182 122720 1344 13961 14019 143 1438 16 1640 166 166494 17665 17667 1875 2168 228 2347 3013 3563 3827 39848 4607 462 4763 544 562 629 64 6655 67 7000 9300,24908
103 1046 115 11998 1218 149 15047 1603 1659 1920 198 2067 207 229 23439 2357 253240 282 301 327 332 3623 3640 37264 4304 4407 458 46 464 5407 5442 5898 60 64 7260 9603 965 975,40692
10364 1079 1099 11451 1182 1243 12646 142962 15654 16 165 17 17829 18 181 2266 2288 2321 2389 2453 2559 2581 2877 298233 30040 312 323648 331 34613 3486 35920 3786 3832 4256 4514 460 4708 473 4874 49 5125 514 552 560 564 6010 7443 781 803 8297 841 873,44885
1107 165 1814 1916 1950 200 2031 262 28 34852 3534 373 40678 428 47 4958 5773 591 60 6037 6331 673 690 763 8107 8153 85750 8758 945 978,23913
0 10364 1060 108 1206 1225 1242 12471 1251 13056 1384 140390 1539 16 1638 1670 17 1760 17895 179 18 1828 1894 1906 2 2186 22515 2295 237047 2373 24049 24214 2464 247 24870 2641 2741 284 28581 3013 331 333 3354 3436 3563 4216 425 47277 473 557 5798 58150 603 615 65037 7584 8306 8515 859 8758 8939 91 922 965,59572
103 107490 1115 181 1842 19338 196 205 207 2619 270 284 29109 2921 29581 30107 32666 333 348 354 382 39179 56 5627 599 60 6089 64 6468 69 778 8414 8661 8836 905,54117
100 102 103606 1083 1098 1099 1107 113265 125 126 12718 1276 13490 1383 1436 1439 1523 15670 1763 18 180472 1824 256455 27 277 2831 3072 3182 3212 3277 331 3418 343134 345 359 3684 373 382 409 450 46825 473 4735 496 5344 539 53924 5464 5914 603 6074 6265 6366 695 7497 8124 845 883 88711 90 9188 946 99,40916
1009 102 103 1065 12680 12852 1398 149255 165 17 1722 197 19767 2059 21 2141 220 22930 2678 2903 3199 320 3223 333 359 373 38999 39251 415 417 4182 5 52372 5851 60 6133 66 762 771 79 85 967 9766,81343
1024 1057 10936 1107 11269 119188 1242 13668 1384 1670 16756 1690 1692 17482 1766 18 1862 2024 24091 2667 3238 33455 353 36348 3868 4188 4335 481 5038 60 62 657 67435 71184 788 79 80 8148 85 91709 9242 947,39656
10195 103228 1107 1142 16520 166 17 171 179 18 1919 2032 212385 220 231 243 3474 3644 4590 4684 496 55072 657 67 68 965,61205
10089 108 109 11336 12792 148513 15481 16724 169248 1821 1864 1919 1923 1943 207 2425 24322 2491 27 2731 29119 317995 332 333 37159 417 44 4415 452 473 598 60 644 7199 7202 811 8979 9509,51192
1439 1479 16370 1672 1722 18 2045 2472 25385 27912 284 3074 3199 3605 3647 45897 46 514 515 5245 5342 5344 5872 60 6301 6481 6488 74 7692 8092 85 8747 989 990,28403
1531 15926 16 1766 1814 19056 1940 1943 2052 2064 258 295 403 4126 44 463 5635 68 785 8652 8670 8783 88 916 9537,34588
100 102 1208 13043 1356 1537 160 195 197 352 35202 5105 664 7024 7077 763 771 79 889 90613,17151
1059 12711 13571 142 1430 1668 17456 200 2047 2066 31056 325 3389 347 353 3623 3668 3753 3754 3807 44 473 476 5344 6340 673 7022 737 762 764 850 92 967,21466
1019 1055 1164 1350 1419 14371 166 17 2259 274 2917 333 3489 381 42041 479 5501 8005 85 876 92,32936
1105 1225 135363 141 15241 154 1570 1681 1955 20191 2291 24459 247 2510 2764 28897 3224 3311 3446 347 3684 4467 4611 47 484401 50542 5375 541 60 686 690 7807 80 822 836 85 901 9646,22021
1062 1065 1075 109 12177 1248 16 179 18044 2 2206 2384 295 3005 3402 34120 3477 35584 46140 532 55572 5635 60 61 6118 6160 8468 88452 922 945 9889,50454
106038 109 11407 12647 13022 1315 15022 1527 1570 16 1611 17 1757 20331 207 2116 2296 2309 23603 237303 2517 274 275 32 320 333 3423 3485 3688 399 51687 54240 5501 552 562 591 61 819 83 967,51386
10447 1055 109 125 13560 14195 166 18830 2260 2537 262 26434 29445 327 347 348 389 395 4110 426 473 532 56 5779 586 69 722 803 85 8758 9228 96499 9783,50425
1062 10771 1116 115614 1198 1225 1364 14361 164 18 1954 24195 2491 256 261 2673 28 29052 310 3197 3209 349 3547 3589 3735 382 38314 4056 42350 4325 44217 443 444 4494 4510 46 54 5434 575 5862 644 65 66 80 81754 85 9647,29360
103 108249 1099 1138 125 13913 1439 1549 1568 157591 17 179 18 1896 19761 2420 2443 248368 256 2599 2854 295 3054 32316 333 3790 38 3831 4015 44797 450 463 4998 5 569 691 7055 71 7114 8597 8616 965 981,52534
102 109 1107 11229 1126 11362 1184 1344 14082 1476 15111 15828 15910 15953 1596 16 1755 18 181 1856 2007 205 2101 2459 2597 28668 2867 36933 4 40146 440 4562 474 494 58809 599 621 693 713 74 7421 80617 8218,56720
109 11402 115 18 18354 1875 2526 3122 332 335 349 359947 3754 3796 38706 42 444 5323 5371 5422 59 636 6991 84 945,42814
109 12325 1251 1362 1583 1588 1593 1668 1712 173 1750 18 1876 231 231241 2327 2411 2732 2815 331 352 353 353595 3559 414 425 426 438 49 599 6303 6314 6619 80 85 88082 975 9975,56676
10030 1013 1099 12614 1363 146 16 1648 181 19020 1943 1966 2011 20880 2143 21459 21581 2355 2384 2513 2599 26378 2776 28 2980 3199 34718 3735 3827 38726 551 6382 672 6972 7365 811 9340,25464
1196 1310 14514 1480 1528 15395 17 1771 181 18585 207 2103 2191 22850 233542 2459 2507 26826 269 345 373 4050 417 458 478 479 5 5240 58 5957 6657 6952 7123 7400 7455 7807 836 85 9561,53978
10623 109 119422 12889 1430 1479 179 193923 2264 2384 25352 27 27912 32 3409 3526 3808 400 4125 452 4814 58391 654 690 722 7506 79,36581
1000 103 109 1179 12805 142 1439 144 1444 15143 15270 1549 1668 18 1991 1992 200382 2121 2186 2555 2760 2801 2808 28234 2899 2943 295 333 35282 3595 3972 403 4150 458 4707 4708 4837 5221 552 58 60 6081 679 69 81754 870 958 965,69490
1088 109 11001 1249 128 12989 136 16 16527 17 17222 1890 1919 21978 231 2319 2472 2710 27153 2738 3122 335 3431 347 348 3694 3956 407 4125 4362 532 55695 55894 6 60 647 69 75775 822 88303 983,73634
11093 1159 12248 16 16186 165 1681 1799 19289 207 21 2123 2409 2597 285453 3030 354 3684 3740 3827 4363 484 511 521 57902 58362 67 73422 79285 811 86784 951,17328
10356 11305 1141 1164 1184 1223 12780 129 13072 13958 144 1606 1668 1785 17888 179054 181 1969 2 231 239 2436 25 253 25738 27133 2747 28 2885 29445 32 335 3431 36117 4132 45808 4791 521 543 5806 69 7068 7914 7915 83142 86847 90818 92255 938 9486,26664
10693 13 13160 139704 16 18 1896 216269 2214 231 23388 256 2763 331 3382 368270 4368 444 4516 49 591 60 7443 781 8042 84624 910 9125,22781
1013 1088 109 111 11342 1441 1481 157 1630 181 1847 1948 2313 238 2746 279 337 35601 426 4320 4439 458 466 4860 522 528 5402 6056 6184 6512 693 7 7213 780 911 9796,44023
10166 11824 11988 12894 1383 16310 16520 165840 18452 20739 2159 22246 22930 2822 284 2899 29814 3056 3634 370276 403 4254 44 485683 5125 525 5815 59 599 60594 64 6585 7329 7636 8223,18860
105230 11322 123898 126 130 136682 1422 1439 1527 1531 1703 1731 180477 18064 181 18360 1845 2061 219621 23178 2356 27841 291 3066 320 3283 342 4028 403 4154 48388 484 5344 5496 55337 5793 6128 6190 6721 690 85 8650 8670 91645 922 94494,28884
1107 1110 115 1208 122094 12518 136 1365 1472 15778 1598 16 16191 16248 1692 18 1814 1829 1848 212 2212 2235 255887 28 333 339 3456 348 3808 399663 4167 4216 45351 4863 4919 509 511 557028 5647 5797 5799 5800 615 6422 6557 788 85 867 8739 916 92437 944 96892 994 996,43397
1055 109 11791 1531 1536 161078 32495 3292 349 350 363 382 407 41532 45 49 4900 5138 55 56 5714 71 79 8010 85 853 8549 8550 91912,36723
1001 1005 1035 1099 1187 15341 1575 169 18 2027 2153 2317 24774 2645 274 28 295 29890 32059 4035 409 4160 428 4400 44584 458 532 5503 56 569 60 6218 703 886 916,32302
10593 1165 128 1299 15226 1531 1640 2094 258 29131 318804 3283 339 37889 591 6263 647 735 803 8539 892 922,11366
109 115 12341 1248 137 1384 15599 1606 177 19350 205 2137 231 234 268 2945 295 351 3591 4040 4104 428 438 4693 60 79 84006 85 871 916 95401,58481
1024 103578 109 119048 126 1439 14526 165588 16749 16793 21454 25725 2738 27902 295 3100 351 36433 366779 392755 397 398 4203 4879 5 5344 574 591 733 841 86 87021,33907
1019 1071 10843 11971 1332 166 181 183 21321 2139 21816 228 2854 2932 39620 417 506 511 54105 578 60 6195 644 65 726 920 9342 947,33354
109 1126 1141 1235 126 13004 1422 1440 1534 154259 1628 164 179 2357 25 26426 2710 4071 426 5 599 67048 761 781 8477 85 8908,54971
1000 1029 10879 11152 1251 131744 1349 1368 142 16 1684 1692 17 18 181 2096 2220 231 27 30808 327 3668 415 436 5 5208 5209 525 5797 5798 5799 5800 5858 615 644 6557 787,69247
102978 1186 1684 1755 207 220 23130 238 295 333 3459 3526 353 3631 409 426 4305 44 5082 562 565 6262 7186 8218 859 8901 941,23500
102 10356 1118 14046 18 1822 183 23257 2363 27 277 2807 3271 347738 348 379 380 381 421134 4524 4572 46 4684 5140 5248 560 599 647 6580 6780 915 965,34177
1019 103 104842 1055 1056 10829 1089 109 1159 11716 124270 145 1531 1583 1799 1868 19740 20086 2096 234 24852 29091 2916 295 301 31199 3177 32402 327 3279 333 3571 4096 4439 44584 452 46 54 57 5712 61 6303 6321 6382 673 69 7979 859 8613 9714,56349
1208 1376 13902 14732 149 1583 1628 173 18 181 1873 2012 2218 27 304147 310 327 429 434125 438 463 467 4831 497996 6150 63 6562 80 841 8925 8926 947 982,33404
100014 102 1168 1312 13324 138 1436 1505 1916 197 2443 245 2829 3078 352 3601 3804 39493 417 42 44742 4750 483 532 53455 537 5399 580 60 6361 738 775 785 7860 81577 841 9038 996,27789
10225 14925 16520 167857 19053 200 2443 2678 295 352 400 403 4059 4519 4783 58479 64 6422 76458 790 85695 915 9610 996,9452
1035 12356 18 181 1868 19386 20641 20880 21459 220 226848 310 3166 339 345 382 3967 415 417 4348 4650 473 591 605 6074 61 6145 6570 666 67 6783 7014 798 86 870 886 921,45857
1050 1093 114 1235 128 13372 13376 1501 15243 1525 1561 166 18 2208 231 2320 23226 3223 3240 3246 426 5216 5587 56947 591 60 6599 7405 76970 7718 83720 87551 9463,26415
10089 1071 1180 134874 1702 177 207 2338 2412 253 2533 279570 2980 3526 381 3932 3951 4125 426 43322 4347 4381 5 5373 543 586 6160 6340 67 673 6860 7032 7584 7705 79 9121 916 975,40276
0 1000 1249 146 15703 16080 166 1662 2087 21 2101 231 2425 27 2706 2840 2940 2980 304 3863 403 475430 483 5182 68 68032 7685 8419 929 985,24698
1019 1056 1065 1075 109 1142 1192 12504 1259 15735 164 1763 18 197 205 2111 21339 22 2260 2289 231 24398 2686 2698 27 287 2916 31289 3316 333 366065 3881 3901 4017 44385 450 458 4806 557 67231 756 886 921 983,62566
1071 1141 1152 1181 1246 1247 1416 1570 17 179 1814 187 2205 2396 2428 27200 33 426 4327 473 52 60 85 915,38419
1056 1065 1242 125841 126 128 1356 1548 1559 16 1653 166 1814 1943 2285 234 284 2980 319 32333 33559 412 415 473 528 5558 5702 6283 67 68 7 71 715 7984 80 808 8306 85 9094 975,54648
0 10301 109 115443 1197 126 1279 135 14324 1813 198 214668 22 2296 2586 295 30040 335 3472 4167 44 462 466 5 557 560 56406 591 808 811 832 92,48283
10494 1090 114 11781 1220 126 12985 14593 1552 159 16 1620 17 179 2027 205 20516 2060 2064 2207 2790 284 295 3251 329 377 394219 426 450 511 5272 5674 58044 599 64 644 672 7035 756 764 8329 85 870 8919,90372
10102 1059 1118 11434 1345 149 1508 1747 18 21 228 2676 304 3127 331 345 366779 404 5442 5627 591 644 68 700 83613 921 96739,21925
1021 1065 12413 12752 128 13331 13401 13403 13449 1345 1408 1570 16616 1715 17638 179 181 1845 2309 262 2658 2771 31320 319 335 3607 380 3810 4104 417 4207 4263 431583 444 46690 478 479 49 5211 543 56 5806 58479 591 59537 60 62316 7455 766 79 8010 8500 8758 889 922 95104 967 9717,47384
1011 10292 103 10308 10801 1166 117 11768 121 130 140 1427 1612 1710 1856 22784 229394 25167 2549 2596 2656 2676 2869 29105 295 298547 319 32653 3371 3409 345 3546 373 37688 4379 4524 49 501 54938 555275 6006 785 88173 946,21353
1005 115 1173 1279 1399 1530 1768 18 1810 19404 1959 196 2305 263225 27865 31686 3374 380 4773 552 562 6069 636 651 68 69 756 766 803 870,33272
1083 109 126 1273 13603 1394 1583 1586 16862 1861 2087 2093 2453 320 3260 3786 428 5182 5702 6283 63 6664 7031 7282 743 95326,26111
1069 1070 109 11793 1225 126164 139 140 14418 14471 1721 1722 1747 1777 18081 1915 1943 195 206 22796 2480 25260 2546 2899 2966 3254 36105 371308 40124 409 4841 5069 515 522 5818 6892 722 7426 7619 7807 8426 886,27293
10076 1012 10320 10463 107 10985 1159 119284 12019 12167 17512 2069 2365 2384 2615 275 2786 28 2898 311 3167 3374 3399 34394 373 44 4484 4491 5431 560 5620 59 598 60 613 6173 6357 6859 76497 9841,22679
0 102430 103 1359 139 140 14996 16036 16227 1657 179 2 2012 20627 207 293700 310 316 3509 358727 516 5442 58 60 629 79,32059
102 10828 13371 13478 142 14387 1439 15 15102 160969 1722 195 2330 2733 28 331 333 334728 3509 415 428 429 45000 5225 58412 6484 666 7616 80 8001 9228 941 944,18589
11333 1225 1241 12891 1365 1384 1439 1594 1645 174 18177 1821 1991 2139 2522 26899 329796 348 353 366779 417 426 4311 5355 553897 59496 605 71830 726 762 792 86 876 90,16251
11963 144 1605 1801 1837 2289 2323 2329 24375 247 3072 3246 352 362 3669 51 5742 603 673 7000 740 86 870,10250
1016 1080 1158 142 1487 1668 1787 1799 18 184497 2040 247 258 2596 28995 292597 316 4000 466 58861 591 60 6434 775 803 9531 9795 994 996,19808
1018 108 1099 1188 127 12792 1384 1441 1864 2005 2043 2060 209 218 2384 2580 2665 26956 319 320 33 3583 3668 4131 436 440 4511 46 5402 60 6109 629 696 7173 76595 808 922 93398 951,32759
109 1169 1399 14727 1522 17 2004 22676 2306 2309 2317 24017 2491 254173 269 27410 283367 2990 335 348 39565 4104 4133 4381 450 473 4761 62 7735 8064 8938 994 996,46680
102564 1077 1148 12242 12374 12891 1312 1330 1359 1408 1422 1482 1483 1548 16 16364 169 172 18 181 18171 1845 18452 2004 207 22704 24313 2728 2788 281879 299 3209 3260 328 373 38 38025 4087 409 41517 41651 496 516 5316 5344 560 5726 6056 62257 67 69 691 7827 85 884 9089 910,54859
1065 109 115 1208 1217 12868 1398 146 1780 17869 18 1807 1960 21058 218 2279 231 2384 2389 247 28 2840 295 318 352 3683 385 415 4887 598 66 664 68 771 790 8715 896,58944
100 103 1173 1208 1362 1430 1531 1662 167685 167686 17 17320 1746 177 17968 1814 1891 19493 198 2122 220 275 2755 2765 27670 27928 382 3996 4040 4168 4383 4458 4492 46 466 473 47487 50749 525086 6585 6637 6890 690 6924 7511 781 79 8724 92 921,49971
10107 102 11125 1163 1173 1241 1439 14402 15260 166 173 1746 1842 207 2228 2369 269 2759 291 3179 335 352 3571 3631 3759 436 4379 4693 5344 59 5957 60 618 65 66 6839 770 80 811 947,34115
1065 1075 1239 12554 126743 16 1646 173 2050 207 21491 2355 3483 3580 363 3647 3883 4087 409 4562 489320 511 5980 7035 77181 8444 85 86,21658
1099 115 126 1281 15341 15879 18190 1940 2321 238 241829 2477 2532 258 26070 262 265200 3039 327 35632 3636 385 403 4035 4055 407 42833 44 443 452 4524 457 46 5266 5338 58329 60 632 6346 6692 6776 6867 7084 762 819 8391 8467 89497 911,30482
1065 11003 1107 126 1312 13419 1359 143 152 16 1668 1726 181 1845 213086 2295 27724 295 310 3192 333 37184 373 381 403878 4125 42 5113 5343 6577 7483 7602 9524 9525,48322
102 1192 14572 1611 18 181511 1856 1996 25 2600 270306 28 29091 3280 455 4572 531 5773 6097 6311 636 6421 7260 85 850 943 983,18892
103 10788 108298 109 12083 13756 13781 16 165 18978 1914 2262 2384 2409 2899 291 318 3190 3277 33701 36250 3808 3865 38954 4202 4234 426 4925 5536 60001 693 7443 813 85098 8726 9063 922 932 9488 951,44850
10086 102329 1039 10597 109 119 12103 12121 126 1281 13524 135289 142 15881 16 1643 1668 177 19584 207 2176 224 229 23444 2491 26620 2686 27 290 2912 2924 306 319 359 41112 46 4694 5160 52 55026 6162 629 6417 650 6577 6777 756 76180 805 836 84 85 86 88 911 9421 9511 975 9900 994 996,53658
102 109 115 1208 1369 176 2012 2383 24313 2451 27 304 3644 4034 42613 47669 532 5396 5778 63 6411 763 992,33564
1061 12488 12490 13209 13219 13335 13359 14010 16 165 1996 211 21378 23262 24469 24937 25217 25222 26050 2686 30163 318 3199 350293 35479 3810 3881 4071 417 4182 4207 426 429 432421 43680 44 4463 44968 45004 458 52843 5576 59885 60 6173 61799 65662 67720 68 703 7171 743 870 9110 9365,34511
0 102 1020 1055 1069 11717 119259 13664 1368 145 1521 15920 17 18 1848 194044 205 2064 2136 2313 247 2631 2710 2949 298 31084 33548 346 3554 3631 418 4643 479 5182 5886 603 64 6488 657 65908 6849 7658 770 7807 85 867 9703 997 9971,43274
1043 1047 106667 1292 1312 1561 18 1809 181 1845 185 1973 2064 207 2210 2348 2368 332 333 3753 3754 379 4023 403 4222 4425 44868 5330 5491 552 58 61 6139 638 7483 85 8573 981,45821
101 10809 10888 110 122790 1408 143 146401 16625 1665 1668 1731 1845 18505 2 20033 2050 206 2070 220 28051 3092 3114 32077 3280 348 3489 351 3881 4222 4607 4868 5005 58 5891 5905 5933 67 7302 763 80697 97095 983,22881
1088 109 126 1386 16 179 18 181 1821 217718 2223 23060 237638 2436 258 262 27067 3219 32193 327 3462 3919 403 426 429 4368 4411 49 491 511 5126 5234 5576 5577 5663 58 5906 672 68 732 7400 7406 822 882 9523,80209
105760 11730 1351 137 16 1692 18742 1950 19767 21 2117 2139 2141 220 2669 28 2924 30541 35042 3784 431 4403 457 4911 4962 8097,9460
103 1060 1065 1164 1211 1242 1259 13829 1416 14334 157 16924 17399 18360 21749 220 238 2382 247 2610 3061 35705 39252 409 4322 4400 444 466 48 4841 5119 58273 60 62 6362 68 69 722 7505 79 808 8484 85 90 99,60286
10129 1014 1077 1107 11174 115 13767 144253 1531 1547 17 1740 2 20613 2067 2384 24005 2646 28 284 302 3060 33 332 339 35139 3684 39 415 4909 4916 574 591 599 64 691 76737 786 96489,39095
1048 121 129548 1309 1317 139 1399 140 144 14526 146368 147561 175891 1784 179 18 1856 19176 2040 207566 21459 220 228363 2384 2425 312 33 353 358 359 390172 391875 415 4368 4562 46 5320 5551 57465 6160 691 700 726 7616 766 85 876 943 996,42336
109 1310 1315 1499 1585 164 173026 1982 218 238 2468 327 32826 3289 381 3845 399 4710 4912 496 5344 599 7293 75461 83868 85 859 8761,40166
10075 1039 109 1114 11937 1254 1384 1398 144 1659 177 1777 17955 197 2009 2207 2298 2357 26561 28580 3022 319 325 327 3404 342546 3474 3593 3830 38362 407 415 44 460 462 482 560 5873 5879 6200 69 756 7976 822 8595 870 9353 945 9511,49554
102 11103 11104 12103 1312 13221 1371 144 16 163631 169 21266 21390 224 2260 2384 24582 2485 2686 2854 2928 3002 3286 3304 33389 359 4041 417 422567 4234 4300 4530 45358 464719 47 511 56 591 6379 651 674 764 7859 8964 9312 97505 982,24625
1046 1056 1083 13510 1398 139978 151 1561 15670 1649 166 178832 18 18452 2230 2272 2312 2347 28 284 310 321 363 409 4323 44 478 512 5389 557 560 61 6172 64 6468 672 7231 7320 764 79 938 947,38764
109 115 11955 1199 1317 1530 177 178 18 1883 2320 247 262803 2710 3066 3089 360 3634 400 42 4506 4517 511 5822 644 79 819 822 9037 996,49721
1005 103 109 109733 1169 117129 12274 13532 136593 136594 142 15010 152860 15500 1571 1782 18 1814 1973 2069 207 2227 2291 2309 24 268102 2745 275 2760 284 3016 312912 316 3429 346 348 3526 3577 36959 38406 4202 4305 45146 454 467557 467799 4685 47519 4942 5175 5182 52452 53252 541801 5419 599 64 66 6623 79 80 83 94956,64172
10575 1060 10619 1225 1273 13246 14232 14361 14759 1576 16502 181 1821 1892 2089 22145 2309 231 24039 3219 330313 3715 3971 4092 4348 4413 443 4594 5827 62 6362 71321 762 7740 793 811 81555 85 870 885 90692,34874
10210 1037 1080 1212 1315 1592 1721 18 1814 1919 197 203070 2121 2306 3060 3483 363 4167 4190 44309 46 5 5245 54671 60 6006 6357 636 68 69 693 695 7807 8160 858 859 8908 90 947 978 9990,46037
10177 1060 1077 10857 1090 11938 1281 1368 1501 1549 1686 17252 1780 2012 2060 2400 2428 2491 271511 284 2871 331 332 354516 3653 373 38276 3828 444 4973 511 516760 6023 6097 6376 644 666 6962 8391 861 910 911,49555
10597 1210 12100 1285 1302 143 1528 16 1604 1692 1829 2278 258 295 333 3485 3845 4216 426 525 532 57 5797 5799 5800 591 615 6725 69 763 788 813 85 850 9295 944,38983
1026 1065 11 1141 1165 11673 1279 129577 1588 181 18181 1956 19844 2050 21029 2456 255 2572 2897 310 351 360 3716 39197 44 458 459 463 47 49 521386 531 605 6567 666 729 778 7819 81 844 885 964 978 9918,34923
1019 102 1035 1055 1093 11181 114 126 130588 1317 131890 144 157870 1681 1819 2045 205 2077 2094 21153 2355 2384 2565 2698 29941 310 319 334803 335 3563 363 3830 404 4980 5434 6162 6585 666 6702 6876 715 7303 81 822 8320 9131 934 950 965 983,27570
10452 1088 115 12782 133998 1398 14215 14471 159 1606 16148 1763 177 1845 1891 2224 238 2396 26 274 28 29907 304 3141 3166 353 3546 367 37065 3786 4161 417620 4370 44 4787 5344 555134 58 59 5989 629 695 798 9 96297 965,24486
101957 103 11495 1328 1489 152 1606 162810 16527 16670 181 1920 20229 2599 286 3135 351 3749 3750 4170 425 464 516 586 6964 886 90266,24598
1043 10674 10688 1159 118254 15 15111 1560 1711 18309 194050 195 223 2242 22783 238 2383 23843 27190 2788 3075 3076 3120 332 38481 39620 39621 425 514 5840 58475 5865 5919 608 7704 79191 79192 79399 8331 8697,6569
1098 115 1262 143 1439 1523 15738 1635 1650 17665 17667 17671 1868 2011 206 207 21 2347 26585 2670 2688 27 284 345 3563 382 4126 425 459 547153 55 6081 6341 64 66 6876 813 841 871,24343
1019 1020 1050 107834 123598 1281 13729 1380 149086 1668 1721 1755 206 21125 21846 2481 249 2491 258 28547 295 348 350 373 377 4280 4290 4439 450 5469 560 60 6386 68 764 86 965,27568
103104 1141 1225 1242 126 1317 1427 1430 16 1651 181 181948 1868 20587 22451 2305 233564 2347 2580 2599 2630 285 295 3277 3342 3620 37671 3939 40091 407 4159 42877 4606 55 56821 5806 5880 6295 64 6442 737 7805 7867 79 8143 841 85 8887 8888 949 964,33683
1035 1093 11505 1159 1535 15534 17 1703 176763 18790 2003 2136 2705 302 318 320 34 382 399 4041 4222 440 51263 551 55978 5957 60 607 666 685 694 696 8441 947,26350
10075 101 1083 1476 1480 195 27 2765 304 3477 3701 4306 4516 473 544 60 8038 81 826 89260 916,18991
1121 1530 177 2577 275 360 3729 382 42 48 496 5714 599 644 648 679 68 922 975,33691
10544 14026 1429 1656 166978 1821 20798 21160 2279 2384 2449 24837 25 2657 348 3526 373 3830 38537 4041 4216 44 475 558 60 6623 68873 778 8203 85 947,25907
1050 1080 10817 109 114 1146 1147 1180 12360 1239 1257 126 1312 13728 1386 1583 16212 177 19074 209 22685 25251 2567 258440 2626 27133 2921 295047 3123 32 327 33767 3523 3614 3801 3831 4160 426 4278 4439 466 483 488 497 5113 524 5262 528 5672 6616 690 691 6977 8362 850 975 9973,37098
1023 1043 1069 115 1166 12379 1398 14044 1430 1531 15910 18 1914 19252 197 207 224 247946 28452 28668 295 29935 310 32 3252 33704 347998 3526 35689 405 428 4438 50458 557 6109 780 79 8218 85 9841,27959
100 10661 1110 11425 120 12347 130193 1330 1651 17 195 235775 256 270 2700 278 29905 325 37092 3881 39 4126 4362 450 4795 48 60 61 613 64 6500 655 66 666 68 69 7052 7114 7738 859 87009,36965
1008 1048 1065 114 1158 11902 124 1319 1340 1344 1384 14893 15102 15681 1585 17 1772 179 181 1812 207 218 231 238 2538 255 267090 2771 3202 331 348 3642 382 40869 454 457 4598 5350 536 537 60 649 67 770 772 778 8410 8544 925 97569 9972,73244
1001 1010 1029 10747 109 11552 1248 1317 145 1668 17428 1763 181 18516 20513 2074 2213 2449 27010 2871 333 3412 353057 3559 36250 403 4202 4382 4492 4684 47179 496 524 673 68 722 781 7876 79 876 889 922 9288 9428 97176,63890
115 122 12355 133478 1408 1534 1633 1727 1750 1766 181 1812 2060 2212 2658 3366 4216 5316 5373 60 6081 62 6305 66870 680 6839 79 922 994 996,36449
1048 109 109635 11189 116909 1262 1283 2148 238 2658 32402 3437 384 429 44 447 6 666 72954 778 85,33144
1179 1315 143 1632 17 1768 17873 18 181 2064 2075 2186 23257 2357 2384 2417 2485 2771 2786 28 2957 3212 335 3489 3613 44 44078 44303 4671 473 509 5120 5234 525 587 6027 61 6107 6376 68 72011 743 778 8391 85 850 8960 965 9838,74605
11675 1228 12861 13629 144 1479 1735 19087 2227 2321 238 241 242 2703 2760 2943 327 329 335 351 3754 4444 4535 5596 6076 629 6532 6778 7846 80376 8725 975 98734 994 996,14743
10632 109 115 1266 144 1496 1548 181 18569 19243 2064 2384 262 28 284 28811 2916 309 3255 33 377 380 417 42 4245 4311 43478 4400 478 54 5532 57473 5846 5989 599 6358 64 709 7490 798 81 84 85 8670 95771 9830,77096
1056 1090 1356 1740 1799 1856 2003 2033 211 2136 2296 2751 2760 295 30403 310 320 3312 333 417 44 458 473 4780 484 4879 560 574 612 6512 67 71 770 7744 80 842 852,53166
1000 1060 1120 1129 11495 1390 142 1524 1570 16 1626 16471 1656 1692 18 18252 18402 200239 206 21387 2564 29413 295 2953 314222 3250 327 34739 3485 369866 3881 397207 415 4216 4335 43403 5645 5802 5807 5944 599 615 6628 67 674 7259 73157 787 788 8040 886 92604 947,35478
1005 101 103 10510 1080 142 143771 17 1755 1791 200 20518 2430 274 2770 3286 33 36775 4305 44 459 46 462 4830 4879 5668 58 5885 591 5910 6289 64 755 7636 785 7920 8301 969,35365
1383 140 142 15419 179 1801 181 1943 2037 206 2123 2491 3087 316 327 409 4104 434000 6121 622 67 672 80868 813 850,29698
102 109 1163 1312 144 17 179 181 18747 21169 21742 2207 223 284 2908 333 335 339 3431 3601 36250 3687 3733 381 4027 4110 4379 45298 4650 5220 598 599 60 6184 669 7293 7360 81 85 8872 9140 9511 9899,97600
1051 11405 1344 13700 143 1559 1777 1848 1854 20298 2078 2104 2136 2374 25728 28811 2916 3395 377 4071 463 4821 50173 522 525 591 612 616 64 678 709 764 7807 811 867 95771 9586,15481
1046 1052 1210 126 130 1539 1583 1640 1697 18 181 2566 2695 3532 373 380 4167 417 4251 426 453 457 5 5095 58 599 6575 85 8584 92,57767
10301 10801 109 1344 1355 1455 1473 15768 1785 18 2039 206413 22676 238 2525 2868 306 3130 3170 373 3815 44 49082 5 5091 5518 570 621 6436 6692 7505 7613 778 7807 8476 947,45492
106509 1079 109 141371 146 1531 17 179 1943 220 223 235481 241 316 3250 4588 4998 5538 662 666 678 822 9612,39635
103 1060 1138 1208 1252 139 181 1814 195 204 207 2168 21788 220 2243 2259 2337 2356 23808 240952 2420 2730 2862 3022 3074 3243 327 332 3322 349 380 3818 4096 429 4310 47 5115 51390 524 528 532 5625 6261 673 69 6933 7572 763 7651 813 8135 8214 85,51594
11044 11403 115 12165 1271 13508 14823 1548 16561 1678 1782 1842 200240 21330 2553 28872 3061 3098 322602 349 3827 3881 4278 431 462 4819 5583 570 586 6097 67 69 728 87648,13577
103 1040 1056 1103 117 14048 1453 181 206703 2111 2210 2226 2243 2279 231 2761 2804 3120 3476 3759 417 4502 452 453 4992 5 506 5142 560 616 62 7303 756 79 822 85 92 947 983,67807
10089 1349 16924 17399 1742 17479 1766 1973 206 21171 22252 2412 24635 2477 263 28 2856 2897 331 3526 35760 373 39 39740 42 4279 43189 446788 46711 5 506 5091 5893 599 6340 75147 7844 915,31335
1016 1026 1038 1043 10455 11033 119259 12272 14162 1455 146 1531 1573 16 18 195617 20197 205 2067 2150 258 26899 27 3015 3120 3206 321 333 349 3526 3818 3883 403 40327 4152 4325 44 51007 532 57127 669 67 7035 756 7807 85 88491 9244 9267 951,50035
10152 112142 114 1192 1203 1362 1523 1549 1763 181 1857 205 212 2243 2356 239 3064 33773 360 363 3760 4117 426 4330 44 491315 52 58 599 69 826 832 8692 922 957 982,39684
10089 115 1159 123345 126 133566 136471 142 1531 15631 1624 16318 1640 166 17344 1919 1955 20505 2087 231 24162 2443 27098 2760 2767 27865 3219 3534 359 38622 40700 426 44 45213 4669 5 522110 55234 5746 5747 5748 58386 5898 599 6160 6281 629 651 653 68 69 693 7282 795 92 947 958,55564
1192 11966 1620 1622 166 1896 1919 2 2070 2396 2667 274 2828 2854 299 30554 400 443 486468 4958 496 58770 65 672 68 84863 922 9615,22097
10619 1065 10723 11170 1165 11718 157 16347 1763 18553 1919 2207 22128 2477 295 3247 346 3546 372999 4125 415 4328 44584 4508 5047 5160 5283 548957 5511 5865 58856 695 740 7460 7807 826 85 886 8887 910,19482
103 1035 1046 1484 1618 17 1740 177 19303 2188 231 2317 2431 30449 32430 354 37976 426 429 433 436 44277 483 51757 5384 5998 603 622 6310 657 666 80 8991 90,44684
1024 1026 1039 1083 11044 11744 1257 15010 1691 17375 18 181 22432 238 3013 3130 333 358 377 38683 4119 4763 484 5081 509 512 530 5315 5417 591 618 62 647 686 73275 74 7501 786 794 7974 85 8793 90 90687 921 965,47151
1159 1172 12103 1596 17 1891 23571 2553 345 381 4783 518062 537 6152 674 873 883 888 975 982,19804
1326 1363 179 20032 2233 25099 309 3214 374 3786 3881 428 59079 599 67 68 85 90,28375
1000 103 109 15154 17 1862 1883 2094 215 24265 2443 2710 3166 3167 327 340 3727 3883 417 423 4263 4750 5 5404 58 5870 636 67 691 785 86 953 969,63876
1000 1232 128 129 13056 1383 150 15389 17869 18 1894 207 246 247 2517 27 2969 33647 358 4290 4632 473 484 5957 66 715 808 819 85 90 91781,25002
103 1048 1055 1065 109 118835 1212 130 137 1390 1528 1668 16728 17007 1891 1894 2 203 2048 2049 2486 27865 28 310 333 3436 358 3961 40577 406 428 44 4691 4866 55 60 63 726 8038 8245 8717 944,60221
10185 1040 1071 109 1098 11760 12809 16050 1655 169 17 1781 18 2244 23 2770 2774 2926 319 335 352 3588 4124 4439 4516 459 495 528 60 62 690 7213 79 85 871,70457
1187 1262 156 166 1891 1923 2064 218 2491 333 3642 380 3801 3883 4433 473 479 4921 5315 56 605 781 8034 85 911 916,28568
11430 1165 1169 1173 1220 126 127 14221 1439 1523 1567 1573 1579 1606 1611 1692 1757 1956 2067 231617 2384 2491 27 2706 2730 284 295 309 3169 318 323047 3291 345 3753 388 3881 397 4050 409 486 491 4993 529119 5363 632 6488 7029 7031 722 7255 7303 746 764 7931 8595 9069,23121
102 1065 1075 1159 119217 144 16325 1640 166 1703 18053 19041 2023 2146 21978 2300 23680 2618 2812 3060 329024 331 3321 341775 348 35769 373 384 4218 426739 43278 458 511 5234 5522 599 644 653 6887 69866 726 763 8 8541 921,37379
1203 1319 143 1532 1539 1588 1630 1842 19855 2041 20547 2205 233751 239245 320 327 3452 3818 382 3920 403 416 417 462 4796 532 5582 56 56807 599 60 6704 6727 675 7481 7497 785 813 844 85 9003 947 967 9925,37200
100 1019 1089 109 11152 123915 1254 1263 131489 1344 1384 1584 162255 16681 1810 1940 204175 2186 229 247 26494 2935 325 333 340646 3451 34586 347 3636 382 417 4348 4390 45541 473 525 557 67 674 679 7052 7417 762 81412 81413 841 922 9537 965 9898,55570
103 1055 1099 11804 1195 1398 15431 1548 16963 1722 181 18610 20428 20438 20773 2091 2168 2277 2384 27967 284 3199 33168 33169 332 3488 349 360 39059 452 49798 511 550632 591 6930 841 85 944 9541,47799
109 126 128 137 142 14303 14526 1479 1643 1824 18452 224 2491 27868 28671 295 33197 360 3881 39325 416345 42223 44 4843 5 5517 5793 599 666 691 7400 8,44506
10119 102 1065 11189 1179 1312 1359 151 1548 165 2005 2168 247 2491 27 2831 318 3221 325 3260 347253 4222 426 4510 473 5 51980 6585 672 7899 811 9052,35804
1062 1077 1196 12177 1316 1530 1722 1848 24469 2595 3199 3289 34619 35902 415 4300 4318 4898 5243 5856 6 6174 62 62233 62727 6929 84 975,15631
103 118523 126 147561 14883 14901 15010 1549 1668 17 17768 1809 1982 2093 228415 23060 2701 27440 28857 295 3212 33 333 3571 3668 3798 423 426 4381 4757 5126 5398 5576 5577 629 6382 71 7123 726 7309 786 81 975,38977
1029 10801 1099 11504 1187 131415 14148 16 18776 20173 2067 258 2759 2945 3013 333 3537 37214 37406 403 4055 417 42 421764 4524 4562 50 5142 5266 5375 58267 586 6215 6362 66 6698 673 7785 85 888,35276
1005 102 1079 1273 1391 142 15121 1576 1661 1731 1959 196 20874 2375 2425 299025 335 409 4131 447 5673 590 599 6301 743 841 8594 947,22484
10044 1036 1060 1068 114 117 1206 12103 1257 1356 1805 193313 19336 214942 2733 284 28578 30 348 405 426 450 452 4921 5485 575 6362 64 6468 6653 7211 8225 85 8719 883 90692 929,17582
1019 1056 107 109 10983 1114 1150 120595 12103 12133 12373 1262 1399 14066 14593 1766 177 18 220 23444 2352 3135 319 339 3761 4311 5182 5742 591 60 6747 68 693 717 73013 738 766 7691 781 79 8569 86 922 965,64876
108 114 1245 142 153 174 177 187044 1887 2 223 2309 284 2885 304 348 3753 395 4230 443 46 5194 5227 5319 5448 54718 58479 611 728 7807 798 822 850 8878 90 947,20881
10053 1026 1037 1080 10902 11109 1163 1208 1251 126 138520 139907 16108 1644 171 17599 1860 1982 234 2344 2390 2416 262 270 2845 302 3177 32 332 3477 37074 3889 403 4159 429 447 478 479 5 513 544 5702 5748 596 60 6283 64 66452 6727 80192 8338 975,32060
102 10560 12194 13083 1323 13623 140 1430 1441 1481 1537 16 1890 205 218468 2223 2317 2461 252075 25344 2619 2904 335 3480 35867 3701 426 4511 473 4900 55 5613 5827 59 6056 618 696 7042 79 793 80 8189 83 8887 923 9266 9796,34837
10215 10301 10454 1046 107 11180 1147 12435 139 140 144 1450 16346 1666 177 181 2285 2287 2491 2546 262 3526 417 4278 430 444 467 4798 5266 565 591 60 6585 674 79 8218 9199 92369,27054
104834 1070 109 11521 12783 13859 14325 1499 1549 1649 17 1782 181 1955 2 2208 2377 247 2745 3028 3892 403 426 531 5407 57049 586 6434 672 756 76545 8341 951,54259
10435 1075 12490 1271 13463 165 205 2356 2830 332 38832 38983 4182 4216 429 4615 4849 49351 55824 59517 60 60775 666 673 69 803 814 85,24480
10024 101 1061 1208 126 128 133683 177 18 2034 2101 262 3005 3022 331 360 4383 6079 669 6865 7497 7514 85,17257
1056 1089 1197 1203 144 1548 1721 17218 19014 199878 21735 2272 2414 2415 2416 270 2736 2845 3232 333 4256 43102 528 64 6644 6946 6986 711,9354
1052 1055 10770 110 1179 1228 1312 1583 1596 16 1601 1603 177 181 24732 2491 284 2840 345 349 359 3709 377 382 3881 400 454317 458 4710 473 483 496 497 594 66 666 673 690 7052 7464 79 85 8895 983,55164
104407 1184 1192 1273 1312 1494 15645 1576 16307 16311 16433 17 1845 1916 218 2182 2313 2413 2596 2599 2795 28 29748 35361 3644 37120 3798 406 46130 5024 5377 5628 5878 60094 6161 6305 6518 6616 680 69 845 85 867 91 947,25723
11943 1225 13285 16 160790 17 176 1763 18 181 1943 202581 229 231 2546 275 2819 2836 310 331 333 403 4154 44 503 509220 522 525 537649 60 638 685 7164 7400 7922 7975 83 8427,75844
101 103 1165 1345 1349 1413 1539 174 18344 197 1973 21151 2230 284 327 3472 380 3801 427 438 4460 450 4710 5316 60 63 633 6567 6659 6700 7123 7202 879 92373 9848,33667
107 1075 11648 1166 11744 1348 181 18235 183 18660 18737 1890 189221 19176 200 22202 2751 3065 3271 3309 362819 4071 415 44 522 5613 5780 6108 664 7229 74 910 9796,21422
100147 1043 1047 1203 121 136878 154259 1571 16435 166 166950 18 181 18175 18260 1930 1943 200 2111 23434 30344 333 3474 3800 382 409 522 54 66 8150 847 85 91803 921 947,41127
1046 115 1179 1319 13764 142 1440 1528 16310 175193 1755 181 1919 2093 2161 24927 255 2885 2892 2947 321 377 407 4090 4439 4519 458 4798 5 506113 5237 528 558 591 599 6491 6598 68 7677,41729
100439 106800 111 144 157 17 1784 181 1943 2143 21459 2252 348 3539 57726 6108 6193 64 778 8327 85,31382
1173 135 150 1526 1579 165 1721 1812 19749 2001 2093 2531 275 335 345105 39224 407019 4221 4330 558 591 603 6197 7239 7912 80 8184 85 859,13727
1010 104946 109 1110 115 18 1819 200224 22060 2212 253897 2580 26738 270 28 30107 333 3571 3595 399 40645 42295 4525 4562 473 50 5009 5120 54388 5856 62 66 6721 695 6979 7216 753 7727 795 8058 844 95 980,48763
113845 114 126 144 15500 1559 164 181 2036 2060 21 22140 23024 234 249872 251600 2599 263 2912 3022 327 3447 35613 3564 373 3736 4167 4361 4413 489 511 52 530 5389 599 64 644 6544 770 79 7976 85 9067 9312 9341 975,53668
1083 1197 1204 12416 1276 144 16239 17 179 18784 19278 2229 243793 24595 2854 29149 3179 335 3438 41239 4145 417 4377 48 484 525 5650 60 8 812 8374 895 922,32224
1019 108 1208 1632 166 16992 1712 2159 221038 223 2322 2356 2412 25116 269 32454 3260 399 4050 417 41925 4320 4995 5846 6074 7089 7103 763 844 85 922 99071,21649
1000 102750 11286 12841 16 1722 1821 189849 21 2151 230516 232 24584 248471 2703 2747 295 323637 339 36992 4150 4234 45 4716 50421 60667 66116 71 787,9478
1080 11170 1180 1398 1684 2060 2087 2139 22564 231 2363 2388 2537 269 28311 289 2924 301 310 310767 3483 4249 4311 5 5170 518852 5558 5945 62 6314 657 707 778 7950 80 84 844 926 9579 975,36023
10543 1093 128 129 148239 1537 165 1684 181 196 198329 2491 2894 2933 316 333 339 3517 360 3754 4125 4262 4330 522 54 666 84 922 947 9888,33740
100938 106 119 12560 1407 1439 1771 18 2064 2071 2233 24 263 290849 301 3190 3309 333 4150 417 45 4991 5310 5312 599 60 6357 66 6790 69 7035 763 80 883 94223 98980,34797
1039 11056 1165 1257 126 126707 13040 1315 140 158309 1750 176 1780 1891 19722 23969 24 2497 3062 333 3634 3737 3759 38438 3935 44 46 473 528 6540 657 852 876 89855 9675 98469,18383
102 1056 109 110 1225 1672 17 17142 181 1947 220 238 2384 27 283040 304 3054 310 3257 329 349 3492 3534 356199 3712 3729 40868 4087 417 45793 458 4768 50405 5160 54 617 6397 66 669 7 73055 743 763 7875 798 85 9151 922,87535
10075 102 10685 1069 1115 1151 1208 12274 127 12917 13918 15479 15645 1650 1692 17 18 1811 1921 195 196 2118 21828 2453 2765 2834 2966 30 353 3588 3601 3876 3967 4053 409 415 4245 4377 443 4491 4698 4795 552 586 589 599 6270 63 691 7568 832 84 8911 90577 981,40285
10665 109 1668 1782 18 18383 2139 2409 2673 275 2767 28 295 3062 310 3199 3293 335 3489 473 52626 5330 5538 6157 65 68 691 7339 7879 85 943 944,52303
1060 1061 108 109 1266 1344 15110 18 1921 19601 21403 2156 220 2261 23 24612 25675 2710 3120 322723 327 331 353 39917 425 429 4368 4556 4562 5407 5702 5721 5800 5880 599 66 680 7210 763 782 80 945 9580 965,57025
1854 188 200 20175 209 2837 310 327 342 354 3600 4831 5005 5453 550 5600 5606 5611 574 60 603 6121 696 791 80 866,12144
10092 10391 1065 109 1100 1249 1262 1317 17 1750 177 181 1960 2009 2207 2313 2334 2512 258 2797 31050 3121 32 3253 3553 35903 383 400 403 438 58 629 7502 7974 80 922 981,72341
10089 1039 10733 1079 11505 1225 13197 16 1668 17 1772 1856 2472 2626 295 304 310 3120 3312 346 3481 353 3547 3559 36179 459 4798 4850 5 5103 560 5878 5898 59379 599 612 644 6698 686 69 693 7448 82653 85 902 922 96299,51214
102016 109 11189 12108 13830 15776 16249 16520 166 17710 183 18384 18452 214187 238 2736 2777 295 319 327 3437 4124 434 440 5 5858 629 63 64 650 67 795 8215 85 867 88881 916 93989,59516
102 103 11606 1176 119 126 1384 1584 15910 1808 1814 1943 20546 304 3514 3526 37630 4040 42 4948 5509 586 5902 68 778 8218 85 922 9791,43882
102 200 206 236610 2425 267980 27 27750 2816 3154 3312 362 3697 373 379 381 3991 460 4748 5 603 79 82185 92 983,28843
1065 10750 13285 1531 1681 1692 18 18944 206 206303 2323 239349 247 26 2611 2831 2963 302 349 3622 4641 524 6056 6116 63 657 677 7505 85 895 981,23327
115 117 126 13 1527 1573 16 17 17394 188 20528 2097 2205 275 2912 3250 3554 375 381 400 6382 6383 7190 7974 8040 9486 965 9691,22735
10049 1115 1149 1192 12007 1243 12685 14026 140854 1465 1501 16605 17 174 18 18452 18797 19342 2259 2356 24699 262 2730 29668 3526 353 3982 417 42 43027 4463 5 5065 560 5740 60 6362 690 691 6979 763 9185,50574
103 1056 11402 12832 1408 1561 15910 1651 173 18548 19025 194766 2025 20982 2168 22564 2409 2491 25586 2834 320 3297 3447 348 3683 4073 438 453 4608 5 516 5491 591 60 64 662 67 679 695 7035 74749 803 8218 8554 9022,43105
102 109 1090 1310 1594 17 179 229 24491 289 3199 360 381283 4300 4315 4588 60 63 64754 68 762 76359 90,72840
11646 1379 142 173 2072 22432 2686 3120 327 3316 3614 417 426 4577 459 463 466 514 5632 6518 6780 6820 7721 79 85 885 975 981,22709
1080 111 12006 1317 13436 16 165 1722 1763 1790 181 1854 2132 22285 2667 274 2854 2948 295 3280 3700 37108 375 3808 40751 415 44886 4831 5078 517 5802 5872 5953 617 6417 6518 7644 85,27999
101288 1115 115 13073 13664 157 1668 17 2064 2094 2384 318 335 415 425 4320 4325 436 446 465 473 4926 5 60,41295
102 1043 10779 1110 11272 1192 12579 1338 151 15322 16 1653 1766 18 1893 192423 198 2064 220 2695 2888 2918 318 3259 33855 3462 3753 381 3832 39 393 395 4234 428 451 483 57169 58 6265 66 67 68 7290 7516 755 811 83 85 976,59374
10435 1197 12580 126 128 1322 1408 1662 1772 181 2836 33 339 34 452 457 4684 5779 67 680 69 770 8306 85,32484
0 1035 1110 1215 1384 1548 155 157 169 181 1861 188 18874 192 1981 20277 2210 231641 231642 262 2944 32400 3473 374 38093 3850 403 447953 4594 479 5182 51900 537760 5532 56 5957 617 6340 680 7303 770 811 8383 8646 886 929 93283 96483,26381
1005 10669 107248 109 1242 1344 1363 1384 14048 15862 1603 1617 20656 217645 2217 238 241 2700 291633 2928 3181 333 363434 377 404 4126 415 426 5 5167 577 599 6601 701 7525 756 7716 8938 9935,50724
1010 10125 102 10340 127517 12972 14223 146 1479 15615 1583 1684 169 18 1829 1842 188 20420 220 2363 2421 27 284 2980 353 359 426 4782 487 494 514 53520 5487 552 60 7443 803 841 850 888 981,41059
10164 105432 1090 1239 1245 1439 14950 171936 1866 1919 205 207 2130 227645 2337 2425 28 284 35144 3943 4116 4909 525 532 5534 5782 62 629 680 691 7396 78 7802 879 975 981,46419
10156 11555 129 135669 142 1430 1650 212 21324 2182 223 2309 2425 32 3354 3515 358 36380 384 3924 434 496 5 55503 56 574 633 677 7085 722 7516 786 79 882,20695
1195 126 1430 14446 16 171442 2058 22944 25727 275 2921 3037 380 415 4415 4492 4524 466 4879 4980 50091 514 5862 60 611 6331 6776 7024 756 761 780 79 8554 8791,20354
1071 1099 115933 1179 13004 13221 13348 1722 2060 2096 2121 2168 2230 2259 230 24368 250 25221 2542 275 295 29898 381 39967 4182 4463 4700 511 5581 5602 591 6767 79 84426 8871 9025 947 965 9763,20721
10146 10308 1053 1159 13156 1322 132514 139 140 1537 15479 1559 1612 16571 1759 17700 17701 23519 27 2746 2947 3096 3181 331 3447 35553 380 42466 453 4684 51 59 6010 6116 6628 6657 666 693 7823 8124 841 8629 90602 973,10022
1078 11 114 1312 13273 1456 1523 1540 1584 16502 181 1814 2045 2168 2182 2537 26 284 3252 373 3781 3836 4169 426 444 4535 463 5 501 532 5389 60 6098 61 672 7400 74020 778 780 781,55364
1060 108 1121 11495 13124 1390 1690 16980 1940 197 200 2015 2139 2207 224313 228 2358 3304 3823 395 407 4497 5224 58 583 72 766 8670 8814 8927 90197 96141,17885
1088 109 1225 1539 1648 1721 1727 1845 1943 197 2 22241 2243 272827 302 325 33 415 46 5095 618 723 850,33753
103 10435 108308 11223 120 12640 1356 1407 1413 1417 1592 16 1626 166 1692 17 17467 1784 205372 2062 2064 2159 23 231842 2319 2641 27 295 2983 32269 3246 3250 37095 418 4216 426 44 4439 450 48 5208 5209 522 543109 560 571 5797 5799 5800 5807 60 603 615 674 690 735 757 787 788 795 9586 963,58688
0 1099 114 11820 120480 1327 136 1438 15058 1598 1638 166 17 1700 2040 2062 21457 24774 255 256 28 304948 3166 3459 3472 35346 3684 37650 384 3945 403 433 4342 44 4524 473 4835 4999 532 5488 56683 5742 5855 599 633 644 6567 6782 703 766 8158 8239 859 911 922 934 93549,41712
10129 109 1099 11377 115 128 1332 1369 13767 156027 18 1837 188 18823 209 21 2104 2316 2504 27 2790 2830 2921 3429 3453 3810 384 4280 446 458 4586 466 51703 5265 532 5441 5442 55640 60 617 629 635 6780 707 79 79230 867 8901 911 9841,48454
1040 109 1186 139 140 1430 1766 2223 22266 237 2411 255 2745 2814 310400 332 39436 399 400 47 5 568 58 599 6195 6209 6303 733 7577 8107 84318 844 9975,43841
1011 1056 1060 1135 11800 1430 1438 1453 15806 16 1684 1693 169943 1723 174 17629 1801 181 1942 1973 1996 2074 21 220 367 373 4305 450 465 48228 4991 503033 58479 591 599 60 6081 71 748 778 7968 8383 842 85 920,52711
0 106 1083 1147 13577 1504 151 2003 207 2211 2430 2580 2727 2814 309 3122 3224 335 3588 55 6006 657 693 8071 82831 866 973,11949
103 1312 1390 1484 16212 1950 20365 2159 2559 310 3742 37438 417 5 5125 522 5404 5943 822 82468 8719 9580,21744
1062 1279 12804 14288 1441 1814 2098 2262 228 262 2767 295 316 3276 35282 3881 4061 4367 46 461 5375 7123 795 7962 8038 9063,9444
1005 10339 10541 106151 1062 1184 12037 1208 128 1356 143 1531 1540 16 166 17 18 22493 22991 2482 2892 29868 320 333 334 3778 4030 428 4342 4535 4647 4763 497 5 50264 516 5497 5750 591 61 63 6440 66 67 6942 766 80 847 8758 903 98153,66473
1046 10907 1173 1592 17219 1750 188090 2141 2367 2532 25801 269 28 3483 3721 452 497 5098 57269 590 633 848 873 923,3579
1056 1090 10939 1337 135121 144 1668 17 1777 183234 1854 19799 2 2043 206 20819 21 21879 2229 22316 231 244564 2522 273112 287883 3078 310 3181 32797 332 333 345 3456 349 382 42 454 4685 473 522 57434 60 61 6116 629 7052 743 85 850 88549,92230
10811 109 119749 14481 16 173 1940 205 2283 23 2384 2392 25 27933 29264 295 304 348 380 473 4748 475 5025 5175 54363 55039 5750 5852 599 60 62 651 67 69 6979 801 813 916,76139
102 1083 1107 126 143 147 1539 16319 16450 1651 17 17113 181 1919 21 221394 22637 23018 242261 2706 2796 285 30770 3219 3370 359 36087 3867 3950 44 453 473 5053 531 560 57100 591 6008 6301 6505 694 71 7123 722 740 780 80 85 994 996,57194
109 13315 1487 166 17 17222 179 18 1856 20109 205 247 2932 2945 304 3199 35120 353 3547 374575 39345 417 42389 428 44 44115 4767 5 515 5310 53834 5538 5774 629 67 68 6839 82659 882 9741 9888,80172
1017 102 1079 115 11640 1416 1439 144087 14488 1567 16 16918 1782 1943 197 258576 292 310 3120 3131 331 36004 44 5 617 67 693 80 9469 95,37278
10205 10434 108 166 1686 17 183 1855 2207 2242 247 2504 2830 30793 339 3391 3689 4000 4139 473 5 5662 58412 599 617 680 686 71 8024,41163
1120 114538 11625 128 1455 15004 1521 17 1782 17853 1874 1920 19222 1969 200 20638 239903 333 4071 438 47 473 5120 5309 59 599 6228 6721 707 85,35933
1187 1416 143 1606 1637 18 18652 1919 198 1981 2004 207 2259 24756 28085 284 3022 3078 310 32 3550 403 415 417 42 426 473 657 67 7000 84,53542
13216 13359 13481 1620 16278 1638 166 17 1722 23143 2409 2486 26871 3669 4182 447 473 5 55 60009 60364 64390 64391 6674 728 922,30614
100 1114 115 126 1486 1662 1684 1707 173 179 1919 2147 218 2449 25063 25278 2890 304 3062 3199 320 3247 337 384 4030 45358 54918 5902 60 62 6655 69 722 7642 7807 80 841 886 911 975,39816
1037 10488 112750 11990 1613 1644 1713 18116 183 231 2451 2477 25287 2564 26123 2727 2778 28506 32 3349 34739 3526 4152 4174 4216 5800 5805 615 64 64216 685 7430 744 787 788 85 8904 96257,12711
101 105633 11988 13022 1337 137962 14925 152370 1561 1606 1778 179 1845 220 2206 2384 242134 248729 2666 2673 2716 30530 310 318 32 34020 349 350 3526 3881 3930 4130 46659 5040 514 60 6272 64 6849 7207 7220 726 7464 770 778 811 975,31621
1014 1043 10578 1383 1384 1544 173 1781 17888 1869 194 1943 2 21131 2611 2658 28344 2994 304 306 3214 3230 3658 3714 4444 46 5558 55772 558 5689 599 62 649 669 6783 69 7085 7123 7642 8028 811 8660 9887 996,27279
10911 1110 1344 1365 13768 173 1755 1796 1858 1890 1919 214 2272 2609 2733 274 2816 284 327 3284 335 39075 42671 4305 5700 64 662 71 7397 800 83 891,17826
10243 125 12572 163 173861 18 1874 20028 284 310 409 44 457 4998 69 7231 7302 756 902,20469
1083 109 1184 1195 1362 147188 1481 1561 1579 1601 19639 196660 197 2704 2816 284 2998 32 346 399 400 4182 429 4734 4780 5397 5765 60 6366 771 786 79 8179 8297 88855 9580 970,42564
100902 103 1079 1203 1365 1379 1422 1430 1458 1548 1578 1688 17 1789 19222 2 2064 21 234 28 320 3283 359 3954 400 403 417 4695 5098 522 599 68 6863 72 756 7872 79 80 85 89403 921 922 9511,63139
11690 11699 13 1399 14385 153 15557 1742 2111 2319 23534 23551 2381 249567 27 2895 35 3530 3683 40436 4669 490092 512 516 612 6150 629 725 7476 803 9274,7260
1000 10080 10292 1043 10570 106569 1071 1090 112783 11358 1241 13022 1364 1384 13957 1481 17411 19623 231106 241 24845 2928 2962 2999 3509 3532 3737 3924 399 4125 4138 46 463 5182 60 66772 673 7867 8006 82880 92,37288
1080 10879 109 111963 1158 1398 1561 16 1684 1692 1723 1829 207 2096 21 24320 246649 2537 30808 309049 318 37552 407 4256 438 444 4843 4872 5396 56 5797 5798 5799 5800 598 615 67 7204 85,47169
1001 102 1070 109 1099 12064 1230 126 128 143 1520 1521 1547 1549 15910 15976 1640 1763 181 1845 1856 188 198 21 2765 280325 3060 3107 331 384 40443 415 5266 5576 6056 60623 61312 629 649 657 7831 8005 8218 85 876 922 982,65776
1029 1085 11654 1444 1531 1691 16924 17955 1842 1916 2370 2477 263 270 2769 316 32 359 3601 3728 381 382 4098 42365 4379 46265 4697 473 5166 5384 544 58871 5989 616 6299 7029 771 8922 9115 965,18646
102226 10434 1077 109 1179 1241 126 142 1430 1432 15711 165 17 172 18388 1921 20128 2067 22914 2312 23250 23994 2485 25116 299 3199 333 34995 3760 381 384 38674 403 4104 415 417 4181 43615 4407 454 45698 4849 4850 506 516 522 60663 62103 62684 66623 693 71619 79 929 945 965 97186,57239
109 115 117172 1248 14169 14253 16 1603 1668 17657 181 18405 187 2064 2285 247 2550 25582 258 27260 351 379 40112 403 4125 44149 447720 463 476 483 562 63 693 7029 7055 85,66320
10037 1061 11790 1390 13902 1399 179 181 2050 231 234 2406 2550 26899 27212 2751 295 3553 366779 3881 417 453 4562 4630 4754 4763 4901 49709 51350 5292 5625 6283 693 85 8847 910 922 9442,35521
0 1000 102978 11957 16 18 203 238 2532 25433 290906 29433 3199 33585 339 34354 345 3527 353 384 409 417 438 456015 55 591 618 68 7 80 921 944,38378
1090 11333 1476 1684 16980 17 197 1996 20603 2168 238 24195 36376 45275 458 58399 598 6634 673 6767 711 7123 778 9242 965 975 98 994 996,41037
1000 1005 10541 1065 10946 11165 114 11518 1266 1273 1281 1321 14623 147 15 1561 160995 1668 172528 1763 1766 184 219392 2312 2357 238 2405 2465 25537 275 33239 333 34 342787 3807 382 39 414 4147 415 417 484 5 504322 52213 54224 574 599 6230 678 679 738 764 803 8329 870 966,40406
1079 11 129224 143 146 166 17250 177 1814 1830 1862 2001 2023 20547 21229 2315 25179 275652 2928 340 348 3716 373 3867 403 429 450 61 629 673 679 68 79 832 922 9342 9533 983 994 996,33131
1098 1136 12341 1384 14023 1640 1664 17 173 1736 24322 2502 27 3013 32505 327 3482 3668 3684 4110 4443 51435 53789 5582 60 64 781 86,25209
1046 1197 12871 1430 16 1692 1848 1856 20439 222671 24613 2808 29632 331863 40488 4216 4524 454 46 4843 550 5797 5798 5799 5800 60 61 615 6173 787 788 8353 867,19277
1011 10151 1019 105780 1065 107 1070 1083 1254 1310 137849 18181 1940 205 2117 2280 25 2549 295 3027 323 3509 3831 4110 415 426 46478 4869 506 5618 56670 60 612 6570 7746 870 975,27916
1096 12360 12417 1531 1628 1664 16899 1713 1726 177 18 1906 197 2114 220 2280 2456 275 2869 2943 3015 3482 356 3622 38137 4590 4838 4853 5 53924 5631 60 612 644 6481 6997 81802 9822,32414
124290 1248 1641 17177 1722 1854 197 19748 19749 2037 2227 2261 2384 2410 2688 27 311 325 333 353 417 4650 494 5989 61 6208 6585 7490 85,23810
10089 10391 1047 115 13650 16616 17 1723 1845 2005 21 238 397753 433 44 462 4684 473 59 68 680,30049
1047 1079 109 11049 12411 1317 13383 1398 165711 1755 190816 206 2406 319 320 325 329 337062 3461 3480 4798 4853 557 5577 629 64 6518 8503 8571,31217
1050 11438 1210 15206 1547 16862 198 2338 249371 2834 284 2962 3169 32 32066 33 34998 37889 3919 400 409 417 454 462 4710 511 54 5492 599 644 67 693 78 82972 8793 8832 91 921 9365 983,36823
109 1190 1233 136 14688 16 17219 17420 196 2101 2122 2169 220 25190 2550 2947 295 3013 3022 4167 4328 462 5175 54154 5534 574 5987 664 6860 7236 770 8 80 8431 982,33593
109 1173 1176 123700 1243 1856 1901 2208 2283 23610 2430 3929 409 426 4463 4556 4704 55447 560 5911 60 69 737 85 868 92,42572
1005 1065 11239 120 128 12984 144 1528 16630 17692 1782 192 207 212 2210 2218 268911 2807 29546 30975 36988 38723 4072 425 4600 552 5877 599 61 6205 629 63 67 68 7052 738 740 756 778 85 900 910,42444
1012 109 1192 1359 13993 166 1784 18 1887 202102 205 211 2186 220 2299 2356 2502 262 284 2845 2980 32 3443 3445 4256 426 496 50789 5436 603 6079 61 629 64 649 657 672 726 85,63131
103 1079 126 151377 1999 2232 2439 2576 26315 2731 325 333 5450 591 60 6158 617 6488 6823 6824 6943 7685 8001 8646,21951
1075 109 1173 128753 13096 1350 1430 145 1479 150448 1606 1668 1746 1747 17787 181 183 197 229 234 295 29893 3061 3062 307 3075 318 335 3526 3536 3589 3757 380 3883 3964 42393 42584 44 4794 514 5522 5633 58443 586 5981 60 61 6644 6967 7125 79 80 8212 946,67915
10115 11625 145 15297 1583 15910 1900 20638 21 22021 22772 27207 319 3526 384 40229 438 464 516 5562 60 611 6287 6417 8218 879 9117,10622
109 11720 1351 14144 144 1643 17 1760 17955 231 2327 26959 2732 28 340 3477 352 404 438 458 4926 505 633 68 7039 756 771 79 821 9346,61995
102 10258 1147 14782 1526 1549 1635 1772 20099 20928 22987 2323 23510 2406 24353 2767 3279 333 3566 415 4403 483 496 514 515 524 5555 5632 5816 59 603 6179 666 67 69 7089 75549 8630,24713
1022 1041 1065 11223 11607 127227 1281 1312 1559 16 16862 1692 173 18 1982 2013 2024 2070 2096 2216 247 2550 2741 284 3159 318 321 335 3439 3532 405769 417 56334 60 609 6359 651 685 69 778 79 81 8124 8616 94 945 9458 994 9957 996,43074
1065 109 1099 1384 1559 15953 1644 1748 181 189578 28882 3042 32 3423 348 373 4071 460 5329 54 56762 591 594 6380 6575 685 7 7668 7778 812 85 85143 8549 8550 86 8904 89522 965,56348
102 1065 1079 109 1090 1180 12656 13133 13286 1368 1412 159 17 1780 181 1923 2 231 2312 261724 2730 30449 3563 40706 42 45009 4525 4684 4740 484 5625 7077 86 870 978,94774
1089 10938 126 12605 12666 130 1363 1441 1451 1601 166 17 200477 2334 2356 24566 2918 333 3534 363 400 416 426 450 4526 4722 4750 50 599 6565 805 9580 9711,30117
1005 102 103 1055 1065 111 166133 1684 17094 27 310 3130 345 381 399 407 417 44 560 617 7992 911 915 975,40352
10879 11131 143 1440 1531 16 1614 1626 1684 1692 18452 2096 22692 2347 2366 264567 2771 284 292859 30808 3550 3563 3684 38008 38324 43430 4623 5797 5798 5799 5800 615 62 64 677 693 7202 764 7899 8094 850 9899,26394
103104 1043 1059 12103 129 147423 1501 1526 1541 16885 179 181 209 2104 28 2831 2897 310 3383 345 377 3883 516 786 81 922 971 989 990,25563
100 10674 109 11302 126 1628 1644 1763 17888 181 190 197 2 200026 211 231 2321 25261 335 354 403 409 417 4188 425 426 43288 4383 514 5846 633 680 7049 811 85 921 9486,63359
1050 109 115 1185 134260 1386 14488 1531 159 1686 1703 1722 1731 18505 1857 23145 2373 239241 24015 240576 245419 2549 295 298 325 333 353 3810 46836 599 6088 6924 785 8353 870 91535 975,41424
11 1107 113340 114 115 131177 1349 179 1805 181 2230 23636 24317 3354 353 389 407 44 4822 53852 560 6774 85 910,31430
10037 1094 114 11613 1197 13192 13359 1399 140188 1539 16640 1722 173 17732 18389 18452 18957 19048 1953 204 20888 2384 24029 254089 2585 26657 29080 30008 309 327 3280 347464 348 37757 3786 384 399 496 5 514 522 553 586 644 6512 666 67 7807 82 9523 982,29430
1047 107 1090 1164 14390 1453 15461 16350 1658 18 1814 18947 218 2313 295 302 3316 345 3798 426 454 459 4791 48 501 511 53772 5702 612 6283 644 652 67853 680 73415 781 94389,49516
11003 123581 1587 183 19346 197 209448 2491 2597 377 381 4123 4216 42610 446257 47 5 599 63660 709 832 859,24695
1062 1138 12307 145 21554 2555 2678 2819 3139 3250 450270 458 48007 61 6405 67 7279 7700 82271 8691,10496
10471 10488 1065 109 1138 1256 13702 1383 1438 18 1935 212986 2695 3054 3312 3883 44 46 5095 560 599 60 6858 699 722 764 7709 791 85320 86 93334 947 951,52384
1039 10885 1228 1273 13051 142 1697 177 241 25509 27 283661 333 3630 5047 513047 5219 54 65 6506 69 885,12011
10383 1125 115 126 13203 1384 141058 14232 1453 1561 21941 2507 27 285 3076 335 345 348 35205 3526 39405 4170 4216 425 426 4562 464 483 58 5862 599 629 6601 664 7303 7640 82463 916,35975
10613 1071 109 11619 1208 1222 126 1356 139 140 1561 159622 16310 1710 17827 207 2121 2161 2261 2710 32 3614 4311 4562 46 501 60 6160 666 674 71 722 780 9150,45768
115 12603 12752 13359 1380 1389 1893 1897 200 2260 24580 262 2728 28642 3199 322 4071 476 63083 7220 8484 860 9270 975 9783,9422
10342 1093 1197 1349 1713 179 204 209334 2096 2464 258 2703 2956 3522 3546 375 3888 400 403 408655 4758 6518 666 6695 6780 680 90 994 996,18902
1046 10590 11657 11947 1208 12781 1539 18 198 2005 2070 2382 2504 2710 285 306 30754 3555 3954 415 4415 4828 51838 5532 6384 766 778 781 80730 90 967 981,23628
1559 1668 1784 183 2093 2111 2396 2472 2727 2776 319 339985 3687 43073 5 6183 79 7958 85 8613 9715 9779,17471
102019 1089 1222 1452 1471 1483 1601 1636 16499 181 19293 2252 2384 247 32723 348 36307 37371 4123 44 4516 479 5405 60 6191 6602 709 738 778 7869 80 841 885 886 8931,31453
102 1055 1056 1065 125 14073 162102 17 183 18377 2074 238 2384 2480 2667 3034 3121 33426 374 3800 4025 418 4262 42972 443 5602 5611 6488 6576 672 69 822 8649 9538 9812,34181
1000 1055 1065 1108 12306 126 12891 16502 17 1726 1755 1943 2023 2064 218661 220 234 2425 2463 2537 26333 273587 310 31832 329 33 3644 44 4687 4832 49 49176 5056 53795 54 544 5838 598 61 675 676 752 808 8178 8298 87460,30367
1005 11 1135 1164 12991 20719 21473 2210 2305 23060 24954 295 3038 335 41779 4548 458 459109 46 491 526 5576 5577 60 7945 802 88 943,20113
10037 102 119 1225 126 139 140 1455 14888 1523 1697 1755 1763 1781 189729 207056 21381 21571 22285 2436 25125 3304 3532 384 4305 44 4558 456528 457 5344 5871 61 6303 6575 7807 84022,15135
1026 109 1107 1242 1281 1529 1644 1919 21788 2212 2751 2944 295 3120 415 4256 438 44 457 46001 4819 51964 609 6160 63 6583 6967 7505 8431 85 8793 882 95165,36425
1048 10597 11028 122846 1452 1526 1559 1611 1750 18644 1867 1896 19330 207 214 2229 2277 230 2309 231 2377 2384 2459 248155 253356 26472 284 319 335 3479 348 3595 370 37235 3931 417 46005 4682 47 514 521 579 599 6097 67 680 690 822 844 934,33925
10796 10797 1080 109 1090 11034 11257 12341 123798 12510 126 1345 13854 1441 166 1761 1763 1845 207 2210 231 23966 2542 25980 28606 2992 3075 32 345 417 4831 5 644 7721 938,62672
102 1083 1149 1166 13359 13436 13914 144 1456 1548 16 16278 17 1729 18 181 187 1893 18986 19509 2060 216586 22497 231 25241 2776 28 2815 311 3186 345 34757 3810 3858 398 4096 4154 4160 4300 4304 46 511 5141 5214 522 603 6255 6628 67 679 68 680 68107 7226 77491 802 859 900 965 999,94852
109 1090 1345 1350 15849 17 1801 205564 207 2360 238 30141 310 348 354 3761 417 461 4710 508205 52322 5316 599 6081 6249 66 6865 690 85 851 8528 86,63223
103099 1138 117 1173 1180 1276 141 142 146473 1529 1561 16073 169390 17 1734 1746 181 205 207 2325 2332 295826 3062 344 3546 3941 3991 4313 4827 5 5192 5377 5927 6079 6181 68 7 7275 947 981,49034
1047 109 1152 1208 1430 14805 151586 16524 174 181 18911 1920 24732 2771 28 2868 3260 3304 336 406143 44 4404 4494 48 506 5712 599 60 6098 64 79 842 85,66299
10040 10089 102 10336 1046 1065 123772 12548 126 1408 16502 1686 179 2002 207 2070 22846 23913 24 25054 25728 29496 3199 3357 37235 3729 373 417 41766 436 440 4524 4780 5 50158 5061 5419 5898 599 61139 6214 6598 66811 72003 728 740 85 9228 95 97666 99,43023
1005 1065 11188 1315 13221 14888 1525 174 179 18 189066 19316 196 2097 2369 2382 2384 24173 301 3199 325 3321 3377 3482 361 36330 37025 447 45456 47743 5153 54716 60 693 71285 7186 76702 8282 841 889 8952,31670
10077 10527 1075 12551 1441 1579 16 1601 16992 17 18 2412 25456 2845 28862 328919 3371 353 3601 407 409379 4256 45064 4562 46710 4798 52145 555 5730 590 599 617 64 6481 700 726 7286 740 766 7868 841 866 911 9281,38199
1071 109 1200 1672 1802 208289 32 3202 335 3824 400 428 429 464 47703 5272 603 6177 6585 6674 67 681 743 859 8922 983,34423
0 1035 10677 1110 14153 1766 181 187 1939 2064 21879 22557 231 274 2904 2980 320 327 3438 4116 447 5442 599 60 672 68 691 80 8158 82 85 8528 881 9208 922,53866
1026 1239 12416 126 1269 13140 1340 1361 1439 167284 1771 1792 181 2 21914 220 2389 2542 316 32 3530 400 458 459 4942 5103 51167 51896 58 591 7052 726 755,23535
1019 1065 109 1166 1218 1444 1539 164 166 17272 17900 18 181 19493 1954 196 2355 2406 2756 28 310 3451 360 3741 399 409 4125 436 439 5016 532 612 68998 764 8847 913 916 944,61943
1001 10125 10394 1115 1198 12488 125804 126 12888 1330 1345 15910 1609 1620 17255 17494 17716 18 1896 207 238 23839 2815 3013 3373 3750 38748 426 447 4699 515 51564 5702 6283 632 6379 66 722 8218 82753 85 9129 9498,20943
10092 1098 1099 1103 11098 115 142 15060 15436 1548 16792 179 18 181 21742 21789 24808 25 26 2666 333 426 478 4831 511 56 591 598 644 7315 7705 79 825 850 862 975 983,47708
10089 10596 1062 1079 109 11879 12945 144 162168 17 1824 238 241 2724 3526 3540 41263 473 57607 5885 59612 6127 67 80178 95,40240
102 10320 1099 1225 13368 13412 1349 1385 14245 1430 1598 1914 196 197 205084 23 2337 24568 28143 2962 299 30738 3199 3260 34005 348 4207 4234 457 460 6089 6391 6780 69972 715 72768 7303 79 9260 994 996,18088
102 10608 11797 1484 158140 1658 173 177 1772 1913 1919 197 2 200 20624 2106 263 2732 2966 320 3300 3305 3532 3555 366779 37049 3716 400 426 4385 453 457 5702 62824 6283 6318 633 6376 6657 67 68 69 7 7199 743 794 828 8383 848 85,42974
10456 14026 1408 1522 169 1812 18448 1849 18613 1879 18986 1948 2005 2366 2375 241 24689 2641 2706 2710 28 2910 295 30575 3095 310 3177 323 34149 3431 377 3832 3881 415 4182 43760 45759 47728 5 514 52 5400 5576 5862 60 63 691 70145 70146 7305 781 7912 79929 811 8282 85 8888 911 980,33828
102 1101 11117 11571 11622 126 1436 1585 1643 166295 1805 1890 195656 1973 19858 207 2425 3054 3679 3757 380 3866 404 4159 42 449669 4641 60 673 769 876 950 965 973,29651
10206 1196 136 144 14495 152395 1573 160121 18 2121 2230 231 238 2601 269 28894 311 333 34 351 3526 4763 4783 5065 522743 557 58419 6172 66 69 7933 850 851 915 963,24861
103 109 1179 126 135567 1416 1439 144 1857 19176 1982 2 2012 2229 2279 247 262 264098 26631 2788 3472 348 3546 3991 4126 416 42 426 429 4362 473 5442 5722 60 605 61 673 722 743 7738 80 813 81754 85 90 922,77006
10089 1011 109 1097 1108 119 120 126 126463 1278 1280 13390 1408 1531 2218 2408 274 3072 323 3772 41761 45498 657 7752 8094 963 997,23221
1026 126 12673 142 1439 14514 1561 1644 205 2125 21459 2644 2831 3749 403 4998 5344 618 71 7721 79 831 84022 947,14821
1065 109 1225 1309 177 179 18 19056 19878 2309 2336 241 255 295 310 3733 382 415 4216 466 5216 60 61536 68 735 7505 771,57245
10120 1083 109 1384 16 1668 177 1771 18 203 232 252 275 2944 306 347 348 36096 3866 399 417 4199 4318 4504 511 6056 6400 666 743 7554 78 79 925,50468
1065 109048 114 1192 126 131340 1376 144 16310 17 18505 2161 2306 23595 238 2790 31375 3260 333 3446 418 428 4413 4467 4562 4609 5248 537 5858 599 63 6526 654 69 7354 79 8677 92 9870,37351
103 1075 1107 1243 1245 152592 15300 1573 16 1667 17 18 1819 200955 20880 21 2153 2237 2449 24845 255 26385 2802 2812 2815 302 333 350 409 425 4511 4524 46 5159 5338 560 609 64 662 6692 673 771 785 786 80 831 8407 85 9580,59674
11064 11098 11542 12333 13719 140 146768 16 166 16787 17483 1780 1878 20641 2208 223 2263 2289 2643 28 292544 335 349 362837 3786 41342 415 43 4309 466 4837 49440 57789 5885 589 598 633 67 6939 7032 722 742 7735 793 832 83800 84,23689
1000 1029 1035 1104 1200 1317 142 17 1785 1819 1940 207 2279 2300 230561 258 304 33882 348 3668 380 4145 417 428 464 49654 5160 522 554017 56 644 6727 681 722 766 801 947,32126
102 103 1105 14468 1596 16 166 1710 173 18 181 1814 196510 19863 2031 207 210653 2491 274 2773 28 2814 29528 314891 3321 3514 38145 382 390451 3964 403 4071 42 4524 4608 4623 47731 47849 58 6069 6622 675 6778 68 681 69 793 80 8682 9391 99,78929
1147 11495 1196 1323 1337 173715 17411 195 20886 20888 22481 2267 241 258 26046 28 3156 316 3389 36796 403 4645 54 5551 5872 644 657 67 673 824 883 895 910,22159
10361 1040 1043 1050 1090 114 119 1197 126 127 128189 14180 1512 16 1636 16605 17 1812 1864 1943 1948 196 2 2384 24082 2831 3240 333 36391 4305 4312 4463 4588 462 54 5448 578 599 6653 85 8508 862 912 92 975 983,62474
12100 1242 12554 1526 1561 18 198 20954 238 3005 3194 359 3817 384375 4110 433 447 513 5441 7734 876 96628,16211
1061 1083 109490 1217 126 1279 131 1312 13443 1684 181 2011 22847 238 2403 2512 2525 269 2703 2830 339 36698 4150 4207 44 445386 4911 5558 5726 63 6585 7506 7507 766 85 945 947 994 996,33953
100 101 1065 1186 124 1360 1365 14303 14386 159 1755 18452 1861 2070 232 234 25494 27987 3035 30554 331 33802 3883 39910 417 433990 4721 5902 599 6010 743 79 80 83389 8353 85 870 975 9919,28896
10185 10240 10243 1052 115 1222 129814 1341 13836 1492 1493 15 1583 17 1738 179 18 18601 1921 2085 2116 23331 2534 2670 2763 335 34 3461 3486 3526 3786 4 41120 417 4436 47 495 51009 5492 560 591 60 6468 6860 6996 764 9717,36721
10139 109 1099 1315 1531 181 18452 2550 284 351 463 473 61 64490 67 7052 7632,49057
106761 1256 17352 175008 18 181 1875 2072 223 2751 284 28792 295 3526 360 4090 466 590 6010 65321 69 762 778 921,30087
133 13593 144 145 15226 16347 1661 20710 2207 223 23 24817 24835 2505 2727 27279 2912 2957 3482 403 409 416 4199 450 45289 60 636 6716 683 947 965,21431
1056 1089 11 11044 114 11606 1233 1332 141643 14709 1559 1736 181 200 2144 2285 2330 2666 2669 3787 39 3964 4009 43515 463 4752 507401 516 5160 5957 603 6191 6301 6820 7049 8066 8925 8926 9340 9711 9878 992,20900
103 10712 11954 1243 1430 16 165161 165813 17056 1766 177 1814 1862 188 209404 2295 2412 24925 26541 2740 2783 327 331 33712 34033 353 355290 36850 373 408297 409 40948 417 436 44 5 58 599 61 6160 6362 6480 67 6876 69 691 7029 709 713 7340 8297 947,59195
1047 17345 18 1922 200 21454 231 2336 24353 2710 28 2904 3199 333 414 458 47 5860 616 68 7396 8107 822 83993 85 8931 89635 89636 967 975,39739
0 1138 1398 1633 166 177 1919 2223 2229 22956 231 27 4612 5466 599 60 617 6295 771 79746 99,23447
10024 10582 1060 112635 1158 1159 1242 13022 1323 1356 1379 14892 1540 15806 16 1688 1842 1925 2043 23690 26539 27342 28581 3162 32 4150 4216 458 4594 4826 5136 5765 6442 649 672 792 91241,13275
1055 11358 12140 1422 16 17 179 2406 2839 293 409 436 511 644 649 69 90018 9300,28448
1241 126 140 1439 1520 1531 16299 256 270 284 360 4342 44 476615 4960 525 5344 553 5688 60 672 6774 752 7570 85 9855,24950
1056 109 12480 1495 15769 1681 181 2 238 262 2626 275 28 2831 2960 302 304 327 35867 4909 568 744 787 79671 945,41892
100 101 103 1079 109 11170 1126 11745 139518 161028 17 1805 1844 1845 18452 218 22761 258540 2615 2680 2726 276853 295 3075 3128 320 3546 37703 4836 4900 5443 550 678 686 7063 8000 962 965,45234
109 11426 12975 1422 142582 1430 14739 1535 15437 1561 1597 1653 1654 1743 177 1814 197 2001 207 2093 220 2219 2262 27 275 2949 310 339 352 3668 399 4231 4256 426 428 4368 4401 444 44997 4874 4931 5878 64 6400 67 680 6847 766 7834 80 850 8770 88355 92 94,62979
1046 11218 1228 1273 12906 136 142 17 187 1919 197 20769 2207 2210 234 2507 274423 2827 32084 360 375 379 407 45251 4710 58 60 6301 690 7291 7735 785 82683 9026,28191
1019 1060 11033 117 12067 1315 14600 1579 1644 17 2064 2298 23327 2666 27 27078 2730 282 2866 2937 304 3041 30968 317873 345 3669 377 450 454 4903 5533 586 5865 790 8230 8312 8358 879 9033 92591 953,18957
102 11182 115 1210 1384 1441 1453 15650 1578 17 17705 21506 221254 2223 229200 2524 2733 284 3250 333 3532 3639 380 407 4572 460 496 496455 508 525 526 537 5735 609 64 6518 67 6727 673 680 73541 74449 811,47130
10166 1026 103 1035 1077 1083 1359 1453 1496 1538 16 1657 181 1923 2168 2728 340 399 404 4201 428 44236 599 6020 67 68 8549 8550 8982 9094,46857
10089 103 1056 1114 114 126 127729 1444 145053 1592 1668 17708 197 21010 212 2377 2550 3199 333 33834 3808 4159 44 5 58329 59146 64 647 68696 6942 709 76497 781 79 80 8410 85 90,49273
1046 109 1103 119048 126 14048 14135 16 18974 1943 19648 25 25315 2710 2980 306219 331 3404 373 495 55 5500 5878 6117 6122 636 6665 691 80 811 946 983,37052
1023 13063 14888 1537 17222 1747 17553 190209 2064 21747 24282 2740 2746 2792 3240 333 348 3644 380 40213 417 425 426 47 4872 5201 5452 5879 6585 666 674 700 7095 7365 780 85 92 944,23532
10388 10710 109 1093 1196 126 1531 16404 174 181 218 22781 231 2384 3154 32 335 409 4586 511 525 5333 678 6924 7464 79 85 876 8874 944 9872,63807
103649 1065 107163 11093 1114 1126 1166 1208 12155 122170 1317 142 16186 1681 169509 17119 18 2161 2398 2553 2751 29041 3046 333 36124 380 38738 415 429 438 459 4724 475126 483 497 5 5841 5878 59499 59621 6 60 6073 67 68 681 7302 80 811 8282 84670 868 983,57661
101098 102 1169 117 119370 12656 129380 1380 142315 143 14833 1531 1610 166 1662 17 1706 18 18763 2004 207 220 238 24311 2869 302 3038 331 3593 38 429 44 4448 48045 4911 5053 5491 562 5846 616 64 691 6924 80 841 85 870 92,59296
1159 1249 1523 1628 17 1755 1771 1807 1921 1939 1943 231 3199 331 333 3760 4419 4592 463 473 55 69334 793 7984 8325 85 862 896 9015,44116
102 109 126 1270 13946 1416 141621 144 16 1614 1626 1692 17 173 197 204088 2064 21459 2313 23876 2425 29667 30265 32149 32245 353 381 401407 403 4216 44 479 516 5797 5799 5800 5841 60 615 6571 6655 713 7616 788 85 871 943,82689
1023 1126 11730 124 135459 1430 1534 1549 1559 15795 16 16502 17205 1813 1916 1943 200 2357 23580 2373 24016 2899 30611 460 5355 55057 56 5879 591 599 61 6158 62 680 690 709 725 79 85 8532 8832 92867 983 9878,33759
103 1083 1159 117 126 1416 14694 15687 16 1661 2053 2056 22395 23 2352 2370 2553 2710 2765 2877 2885 3199 3219 3321 47422 48 484 5536 5702 60860 6451 664 67 672 7201 764 922 94025,32996
1050 1065 109 10932 11158 11240 11495 11587 1208 12374 1312 13943 1439 178966 179 179000 1875 2337 2459 2546 295 2962 313985 33 3550 37630 4130 442674 468299 496 5 528 5344 5878 591 5954 599 636 6488 673 7655 803 85713 95955,50839
1045 10456 10471 1080 109 11664 11988 1256 1439 17108 172114 1792 1802 1838 1920 197 207 220 23371 279 285 3037 3131 319 32368 3687 380 3832 4381 459 495 5344 64 6405 780 785 79 79673 80 811 8306 8329 844 85 871 975,48301
102 10302 1075 1077 109 1190 1225 1278 128 142 1466 16311 17 181 1875 22385 2264 262 2706 28042 301 333 335 3772 454 473 483 5 549 590 5937 60 6577 680 69 7013 7605 795 911,90720
1005 10263 10424 1069 1218 12284 1256 1257 130 17 171 179 181 1930 2346 238 258 27 2701 27280 2831 345 352 353 4130 462 466 48 4831 5142 5448 603 6121 616 6565 68 7291 743 764 79 795 80 814 850 866 876 94439 95 967,56480
1005 1059 1110 1164 11857 1187 1225 13231 1349 14295 149 16 16238 1782 18642 1939 218 2182 2443 247 258 258079 272229 299 3194 349 35839 400 403 417 426 4300 4594 5 5050 599 6376 644 737 79 841 85 8515 853 868 8865 947,52149
102 11189 126 1312 132595 1350 14334 1531 1630 1703 18 2289 2312 2336 23403 262 284 316 32541 333 3436 3553 37058 400 4016 409 44 452 47541 496 511 5702 590 5966 6283 644 657 666 67 672 690 7505,50553
12856 1492 15141 1588 16278 165163 1668 1692 181 207 2260 2830 327 3389 399 4104 41105 428 4710 5316 5856 6020 60822 63 6301 6983 7825 791 850 86429 95,20676
1110 1225 12733 143 1453 1537 15814 18 1836 1987 2027 21164 2431 2521 2886 316 3177 32 33827 3429 355271 38250 4126 4330 4362 521 522 53993 557 5726 599 603 608 636 693 7213 7614 771 7738 778 78 793 832 844 86 982,26659
1026 11792 1225 1319 145 16229 1648 1653 16865 169 1967 2423 2924 2945 333 363 377 384 415 417 4370 463 5 506 56475 6017 6069 7158 85 900 92 922,31169
1046 1071 12103 1251 126 174216 1766 2082 2083 231 2603 2710 275 310 31199 320 335 4201 426 428 454 4611 67 69339 841,28090
10100 1099 1101 11054 115 126 14875 1523 174 1842 1919 19251 2237 2417 25048 281879 2921 2928 3013 3371 3491 351 3613 39882 407 4130 438 451791 451792 4754 5188 535 5407 5443 62 6308 6418 67 680,27084
1005 103 1225 13231 1430 1561 16 1689 169 16910 1723 18 181160 2262 253672 2710 2898 333 3473 479 5028 5463 5464 599 612 6377 65 691 737 756 79 802 859 92 92591,47165
1065 1080 1110 113 1531 16302 1699 177 205 2182 22750 2377 2918 32103 3312 3366 3602 409 425 4321 4499 45187 522217 558 599 7001 7170 735 7560 80 850 85447,15860
102 1077 126 262 269 327 444 621 805 859 922,11267
103 1065 1315 1350 1531 1766 1891 2356 27 2899 399 511 599 644 68 882 965 970,36111
15341 1575 1757 1784 18 2005 2052 2477 2599 3480 373 4035 426 450 452 453 48 50 599 770 947 975,28667
1530 18 2384 3060 320 33 363 400 42 4385 458 537 60 6362 64 644 695 841 859 870,35948
1055 166 333 345 348 360 417 4222 496 599 6820 850 944,20932
1523 1528 1531 166 181 1943 2210 258 335 403 46 511 532 58 599 61 6121 617 644 764 870 92,54329
1548 157 16 166 1697 211 220 2477 2980 3532 377 417 4562 66 786 794 841,14975
1000 102 1080 1093 1158 1196 126 1943 2052 320 55 60 609 629 67 674 841,28161
1099 11 142 1439 1668 220 23 247 2899 2912 3483 3707 3708 389 44 454 478 49 525 591 598 85 915 967 981,23081
1050 17 18 417 522 525 647 85,24959
109 128 1492 2370 325 332 403 416 4511 50 591 615 666 680 770,31314
1083 1248 130 1363 143 2005 2052 2384 2912 318 32 3240 3631 382 6301 766 85 922 947,27077
102 128 1365 16 17 179 181 1973 1996 2263 2736 2760 284 301 32 320 331 348 3526 3631 44 47 483 6283 64 65 666 685 8218 85 922 965,69645
1065 1315 149 1603 1649 1757 177 181 231 238 26 2673 27 284 2980 3250 335 348 417 4216 44 672 91,36752
1005 102 1814 200 23 2745 2980 309 310 319 382 4071 591 6283 644 67 68 79 80 982,31697
11 1259 1684 1722 203 2064 2289 231 2384 3808 473 6301 85 86 975,23623
1012 1065 109 130 18 2357 238 284 384 399 60 6160 726 778 793,41944
1228 183 1845 2012 207 232 27 2710 44 457 514 599 612 664 6820 690 756 781 79 85 965 996,27682
100 1056 1279 1344 1399 140 1408 1492 1585 1606 18 181 2182 2207 2309 2477 28 348 4368 46 633 657 67 738 756 79 868 947,40943
1186 145 1653 17 181 2023 2831 284 335 4182 429 48 63 80,31834
1001 1061 109 114 1620 1640 17 18 1819 218 2626 348 495 537 591 609 647 674 68 709,48238
1055 143 1531 1777 18 1842 1845 2052 229 247 28 295 319 3429 3447 3750 42 59 599 67 68 766,47006
109 1090 1196 16520 18 181 1814 2666 310 32 327 339 348 367 4000 426 483 6512 813,65589
1062 1090 1099 1103 12341 1763 183 1973 295 304 3084 327 348 351 38 42 60 6081 778 85,47384
1062 109 115 126 1481 17 18 1821 2161 234 255 38 405 463 496 522 528 672 778 80 812 84 841,51877
1225 166 1703 223 2355 2406 28 34 599 617 629 693 811 850,16691
115 1225 1520 1861 200 327 348 3601 377 4 409 525 6512 764 922 981,11125
109 1192 181 21 247 2667 27 295 306 404 426 475 496 5 612 649 67 672 756 780 90 967,64510
109 126 1430 1439 1644 2306 5344 79,22130
1099 173 18 1812 28 2814 2962 310 384 403 438 4524 560 67 790 841,22636
108 109 1187 119 1312 143 17 2730 360 5 8 813 994 996,41000
1026 109 1090 1179 142 1422 16 2094 262 2698 2924 348 399 443 51 591 60 633 64 922,53598
1356 165 18 348 380 409 415 511 666 85 947 975,25736
1114 121 1225 15 16 1681 1722 181 1893 3199 4150 458 629 647 781 83 84 9228,29471
102 1060 108 1090 165 1722 200 2064 2745 34 4207 429 48 5 56 60 9228,40944
1345 1356 17 1755 177 205 2771 28 2928 295 479 609 778 78 942,18613
1046 1212 1438 181 1943 218 28 380 444 6628 67 68 693 722 778 793 883 922,34808
1056 1089 109 121 1384 1570 1703 200 21 2550 345 438 5858 6079 680,30299
1312 16 18 181 183 224 2730 274 28 2924 362 436 44 484 560 591 60 636 66 7123 781 79 811 85 994 996,52337
108 16310 17 181 2207 238 275 295 415 428 4415 4562 4911 599 60 85,46461
102 1408 1583 241 2491 2550 3181 319 379 496 506 55 605 65 80,15453
109 114 1251 128 1317 1390 17 18 181 2 2260 2309 2384 262 27 275 28 327 3280 3283 404 4310 44 452 511 5576 591 60 62 657 666 83 947 975,102652
102 103 1317 144 1620 1760 181 2186 373 3881 44 440 525 85 90,40559
1046 109 115 126 1430 149 15 1751 1755 1996 2384 2409 2673 2924 3199 32245 331 332 345 3569 358 381 399 452 458 473 5 5702 599 61 6283 666 673 726 778 83 915,69245
1093 1349 1530 1531 18 1943 195 2070 232 28 382 62 63 695 728 90 951,22263
103 17 18 200 2356 246 2667 3631 3967 4216 426 44 473 51 552 560 58 5858 5989 599 60 67 74 756 787 845 85,72589
1000 1065 109 128 1351 139 140 1416 1755 1842 1914 197 2207 284 285 295 3022 331 56 599 617 64 693 7202 90 922,51525
1019 174 18 1845 3060 3120 352 417 616 618 80 822 832 850 883 942,16575
1192 1251 128 1763 212 2557 28 379 66 781 845,6702
102 115 1203 142 1479 151 1523 1601 1628 2 2377 3123 348 351 4207 4300 479 672 922,16402
109 16 166 18 21459 27 333 511 586 644 69 85 888,51678
145 17 1750 181 1861 1943 200 207 2491 295 302 377 417 425 473 5 60 725 764 85,56244
10089 1019 1093 1208 1384 1751 181 1845 1864 2550 333 4256 511 537 604 644 66 666 916,32925
1071 1208 1317 1384 15 1579 16 164 17 18 212 2703 3159 483 511 66 685 766 811 965 967,39915
1001 1026 1147 1450 1604 166 173 177 18 195 2224 228 231 2830 2945 428 496 591 62 63 636 72 722 762 85 99 994 996,38464
1083 1441 1575 166 181 197 2060 304 310 34 348 379 511 562 636 644 68,41873
1257 1643 166 1760 1766 1842 197 262 407 4126 417 428 7029 785 85,15851
1197 12341 2 2207 2384 2546 426 462 558 66 862 879,11973
16520 17 18 2023 205 21 2224 2491 262 28 2903 327 331 339 348 351 359 389 457 462 511 6488 67 680 778 85 884 911 944,47638
1107 115 1248 1249 1408 156 1668 18 218 302 3022 3199 327 335 358 375 4182 4222 426 443 4524 574 612 69 756 811 84,28204
1080 1083 109 115 1620 17 18452 196 197 228 2285 458 473 48 5 8218 84,54249
102 1039 17 18 181 2425 2537 28 3250 3252 403 44 633 7123 84 85 910,50925
1005 1075 1195 1399 16 1640 205 2317 255 295 339 459 5 599 666 680 681 79 822 845,31106
1080 115 1208 1620 1640 2313 2491 3199 351 3750 377 382 59 599 609 64 725 819 8218 85 850,20942
1056 109 114 1208 1283 1782 18 231 2384 241 2557 2686 32 3280 3284 333 350 405 438 454 598 60 693 85 870,60718
1056 1192 1208 137 1384 16 18 2003 2036 205 2089 2101 228 2320 351 36250 42 443 657 68 6820 7 709 71 80 85 944 945 975,51955
1107 179 1845 255 3250 4 4256 599 60 612 673 675 68 686 69,28137
1099 1225 142 2070 2094 2279 2285 2771 28 32 333 428 4368 44 450 766 798 859,19759
109 200 2093 23060 2485 258 282 285 295 3280 345 3684 381 39 403 4831 5576 5577 599 61 616 64 709 7202 725 997,49988
0 102 1056 1107 1251 126 16 1692 176 18 1829 220 2229 2425 262 269 27 312 3514 3546 3668 4216 4562 5797 5799 5800 615 788 859,33313
1035 1046 1344 1943 2168 2430 26 353 3735 426 675 85,13000
0 109 119 1279 1350 143 1746 197 2406 2546 28 525 599 6283 673 68 81 975,44637
102 12341 1251 228 2918 3181 5989 603 644 65 66 793,8993
102 1436 17 1959 2070 211 345 407 62 947,29946
1065 109 1643 18 2052 310 3707 3708 377 400 764,29785
1019 1115 157 17 2064 220 231 32 4831 725 84,27772
100 1043 1055 1079 144 18 347 3483 38 4 409 49 666 69 780 84,21948
0 1000 102 1061 1065 114 119 126 1363 1365 1697 18 1919 197 2356 295 310 400 415 457 65 6512 67 673 681 7 743 812 85 859 922 965,51685
1099 1126 1283 1430 181 207 2430 2485 2491 256 295 32245 33 3526 415 4263 4524 48 537 632 672 686 7123 79 86 947,26430
1065 1080 117 1192 145 146 18 207 2093 2980 332 335 360 409 417 4263 44 4511 521 5773 605 66 68 785 786 81 888 958 975 996,38691
1056 1099 1548 181 345 360 382 417 612,18380
1046 109 126 13 15 16 166 1845 238 327 3571 436 5344 5577 5702 6283 666 68 686 764 85,43578
1000 1356 2207 295 3532 373 426 429 4300 44 514 570 633 69 7029 803,18851
1083 1098 1208 142 143 1430 179 2546 2599 269 428 483 5 522 599 6362 64 67 7029 7807 841 978,35248
102 1149 1398 1727 173 1873 2096 2485 27 384 436 4381 444 458 644 785 80 947,20157
115 142 1611 2 207 28 329 333 382 42 478 603 67 728 945 967 983,26915
100 102 103 1075 1083 1441 197 295 348 381 5182 68 785,31683
1359 1383 1531 188 196 206 2122 2285 310 349 409 495 598 599 80,12385
100 109 1384 1561 18 2262 332 333 358 377 379 381 409 417 458 525 756 85,55025
1035 1283 139 140 1453 16502 17 174 2384 438 46 521 62 633 8,29419
102 1438 146 16 166 1691 1722 179 2153 316 4150 417 438 443 59 612 644 69,23792
1430 1529 1576 17 1772 207 2093 224 269 3131 332 60 85 922,28075
1384 16 17 18 181 207 234 247 2491 2698 284 332 382 4 417 4900 54 68 690 85 886,66702
109 144 1592 1620 205 2459 2854 333 496 58 5957 666 80 831,33238
1197 1561 1583 16 1640 1657 17 1760 18 1973 2087 23 247 400 416 417 42 436 4511 473 522 528 770 80 813 85 965,59786
1050 1060 1575 1692 18 2122 220 2698 416 429 7123 84,13129
1251 156 166 1703 1723 1726 18 181 1814 1919 2323 2377 2695 295 331 438 484 67 675 68 681 693 781 85 910 922,52221
1047 1055 109 1147 1479 1532 16 1626 1649 1692 1697 1996 205 2356 258 3260 335 4216 46 532 5797 5799 5800 615 764 787 788 795 83,44203
102 1166 119 1212 1476 1594 1657 166 197 2 218 2309 269 28 310 325 3735 409 415 42 438 484 496 5 552 636 68 743 744 745 780 85,58667
102 1080 1083 1197 126 17 179 2060 220 22285 231 2425 2736 299 310 360 380 429 4562 4607 599 68 69 822 922 981 994 996,62759
109 1107 1668 2210 333 351 484 85,30842
1056 1071 1089 109 1199 140 1416 1583 16 2182 258 2728 332 335 46 473 644 85 945,46100
103 109 1241 16 17 2168 234 2703 2751 302 353 3881 44 464 525 574 591 60 644 657 68 6820 7123 798 80,68230
1317 1585 169 17 1875 2666 2921 310 333 379 473 605 6657 693 7807 841 85,27446
0 1163 1208 1365 144 1760 197 1982 200 2064 2313 2491 2666 2747 348 382 438 531 922,15971
109 114 1384 142 1653 1856 2072 211 295 304 325 331 348 352 4381 440 463 484 511 64 7 763 764 85 996,44478
100 1114 114 1158 1225 126 1273 130 151 1528 16 169 173 179 1814 2210 223 234 2899 3252 359 4150 4182 429 473 591 60 63 666 8306 85 947 981 982,39029
102 1029 139 140 1430 1439 1530 1604 1640 17 177 327 350 3514 4 42 5 516 5344 58 59 60 68 686 743 778 79 862,63439
102 1606 165 17 1722 196 1996 2317 2384 262 316 3199 4000 415 429 4310 473 514 515 591 60 728 745 778 8282 870 965,45521
1099 1179 1281 1345 1649 166 177 181 1819 1829 2036 212 2260 284 348 3526 3546 3750 382 404 426 450 496 63 673 81,33448
109 1098 126 1345 1657 1684 17 1727 1919 2036 2089 238 417 418 458 478 557 60 64 6585 672 680 69,52606
109 1345 1398 1548 1606 1649 17 177 2 2285 231 284 331 333 335 339 3707 3708 42 428 463 591 6820 770 785 85 86 870 888 965,87099
1040 1093 1099 1149 165 2830 295 304 351 373 404 460 4798 55 617 68 7089 916,27711
1055 1166 1179 1242 1273 1408 1583 17 181 196 197 2223 258 2807 331 345 351 403 409 460 537 5957 60 636 66 811 982,52203
1035 109 129 142 1760 177 1814 2453 247 2666 2745 2899 32 3250 333 3409 3571 360 44 466 636 92,35737
102 1026 1083 1118 115 1345 157 16 1614 1626 1668 1692 1750 18 1829 1919 212 2377 2553 274 335 348 415 4216 425 466 479 5797 5799 5800 61 615 657 788 80 92,43174
1065 1438 320 332 348 409 44 478 479 71 8,14233
101 1107 1225 126 142 143 1531 157 1806 1919 1943 26 269 295 380 409 483 975 983,19086
102 1065 1279 16 1684 17 1727 18 181 23 2698 3060 39 415 4159 417 450 47 5 544 60 64 79,73123
1065 1159 16 16520 16605 1692 18 223 2323 241 348 351 3526 4463 452 522 524 64 6512 66 67 762 766 844 876 921,32129
1060 1077 115 149 17 2980 32 332 4900 638 740 778 85,22087
1077 1579 179 238 284 4305 525 62 69 725,21018
103 109 1186 165 17 1723 1757 1782 206 2443 321 327 348 351 373 417 4182 429 466 54 603 686 693 85,58521
101 143 1662 1845 18452 198 2406 258 2962 403 4524 457 5182 691 831,17008
1384 1531 1601 1603 177 1845 1856 1919 2384 2807 2918 400 417 44 537 60 64 7123 785 883 994 996,20869
102 109 128 1919 2357 247 258 335 715 770 778 793 916,37247
10879 1225 126 139 140 1439 16 1684 1692 1763 1829 1856 195 2096 2263 2755 30808 318 3284 351 377 417 483 5344 5797 5798 5799 5800 615 764 84 921,19399
1046 146 1531 1662 18 198 2384 28 382 403 44 494 591 599 6 618 6585 69 92,36037
1005 1195 144 1548 166 177 1771 179 345 4150 591 629 691 7202 822,17176
102 115 14303 1532 18452 197 1982 220 229 258 295 335 3707 403 417 473 599 60 743 832 850,44276
1065 1149 115 1199 1344 1368 1570 16 42 44 458 49 672 673 876,26376
109 1208 121 1225 128 1345 1529 16 1601 1722 1819 2161 2223 2263 289 2928 44 5344 5384 60 629 6512 673 762 795,38632
1203 1212 126 16 17 1812 207 21459 2259 2384 2491 2546 318 335 353 418 426 4562 5 591 616 66 67 691 7123 7807 85 86 88 888,58663
1166 1363 1384 1408 1668 17 18 181 187 2406 2730 2830 302 380 44 450 495 544 574 6362 68 6820 85 850 99,53630
1059 1065 109 1173 1528 1684 17 1919 207 234 2384 332 333 560 771 85,56058
10089 142 166 174 179 18 1848 21 2553 2945 415 496 60 644 7616 867,25583
1056 109 114 125 1251 1351 1430 16 166 17 28 418 426 506 558 644 681 79 8218 994 996,46730
103 126 139 140 179 2491 2537 255 3219 33 3526 353 647 85 92,27514
1090 1248 142 143 1548 17 1812 1821 2060 363 380 417 44 60 68 764 922 947,56717
1196 1452 1476 16 17 195 2064 2233 2770 2916 304 316 318 3181 320 3219 389 403 429 4524 460 464 466 516 5338 58 5989 64 764 7807 92,30886
1115 1309 1439 146 1583 18 181 205 311 327 3514 3532 399 4000 4368 450 511 516 5344 64 67 691 922,37650
101 126 1384 1439 16310 1662 17 179 181 2161 350 373 4710 5 5344 5702 6283 633 680 80 83 921,45724
1000 1147 12103 126 130 142 145 18 209 2370 284 304 3684 479 4798 51 524 56 591 60 605 64 672 841 997,26817
1026 1093 1345 1363 1439 1531 1766 1875 1973 295 304 348 44 54 6820 69 7123 911,12452
1046 1278 2003 207 228 229 232 3022 399 416 60 63 65 67 803,19305
1019 1035 1179 1481 1492 16 1668 179 181 1842 2072 23 2546 2770 417 524 56 60 657 673 69 90 947,38549
109 1199 1249 126 1439 1452 16 1620 173 1766 18 181 238 247 2854 373 375 428 457 473 5344 657 68 693 738 771 79 942 965 975,73675
139 140 1722 1814 228 2384 3199 403 511 531 8758,12418
102 1075 1080 126 1368 16 1662 169 17 18 200 345 3729 46 4710 537 60 6362 66 695 7029 786 883,48786
1196 1225 139 140 1819 2005 2263 320 348 3644 5384 599 691 85,14502
1046 1118 1212 1345 1365 146 1548 16 1628 164 1668 1722 179 18 181 1814 2168 2262 2337 241 2580 284 2921 310 321 331 345 353 403 4463 458 4710 473 511 591 599 60 604 644 68 728 737 8282 886,79245
1345 1390 1398 142 1819 238 2807 2830 284 331 400 444 458 511 52 521 605 644 666 69 85 86,29310
109 1158 1438 1620 1668 1920 1940 200 207 2317 309 335 379 429 4404 599 618 621 673 850,32241
1187 151 1604 1668 1727 2168 258 27 345 360 3881 4125 4256 473 484 629 725,15869
103 1211 16310 18 1814 200 2161 2443 304 363 426 4368 479 524 525 6160 722 944,23830
102 109 119 1439 16 1601 1668 181 1819 2 2406 2546 262 310 3131 335 403 4385 522 591 644 85 876,57050
10089 102 1069 1075 1241 1668 17 220 3084 3644 384 4167 66 841 850,22727
1080 1149 1173 128 1312 2168 247 2491 284 2899 3199 3250 333 4159 560 609 64 666 67 674 756 80 819 85 850,33518
1239 1399 16 166 17 2384 2698 275 4150 44 466 69 844,27496
100 103 109 1408 1441 1481 1528 16 166 18452 1891 192 2208 228 2305 2730 274 2831 295 310 353 3534 400 403 4207 473 49 525 591 599 69 693 763 770 85 850 86 958 975,78804
1196 1601 34 347 841,5284
102 1046 1359 1801 196 2 2153 223 2259 2260 301 381 400 403 428 438 484 599 63 778 845 85 88 91 916,40069
1529 218 2546 27 380 62 68 965,20352
1080 1239 1598 164 165 17 18 206 21 238 2698 284 311 3883 417 433 4404 473 6512 690 981 982,30085
1099 164 169 197 2005 207 2207 27 2912 331 345 381 415 44 464 5 599 636 638 691 786 841 876 975 994 996,40929
1071 114 1203 12103 1703 179 18 200 2050 2070 2285 380 415 461 48 49 591 599 61 64 644 68 680 813,34315
119 2830 332 405 666 916 922,13284
126 1279 1439 17 18 187 2207 27 2924 373 42 4607 5702 60 616 6283 876 945,40406
1001 102 109 126 145 1966 241 255 591 6160 617 649 80,28798
1026 1075 1099 128 140 1561 2052 2409 3022 3483 3546 4000 403 5 5344 603 61 85,22974
1065 117 1350 1531 17 181 2224 2377 27 295 333 444 457 4831 591 672 685 770 965 975,41486
1050 1079 11 1149 15 1531 1579 16 166 1771 231 2916 4256 4798 591 657 786 86,16080
10089 102 1026 1035 1241 1243 126 1640 1697 17 18 1801 1806 2263 228 269 331 3526 444 479 558 633 64 722 842 85,34365
1114 1186 1241 1249 143 1439 1757 18 2070 2153 2279 234 304 3064 321 333 3684 407 426 552 599 61 64 649 666 68,39397
102 109 1126 2771 321 329 67 778 785,31050
109 1192 1530 1672 1845 1919 2023 23 295 345 3532 436 473 560 644 728 85,39501
1763 18 2089 2207 325 6860 80,10686
103 109 1241 126 128 136 17 181 1810 197 255 310 321 3526 417 4182 426 511 58 67 672 8218 997,74607
165 181 1856 3526 42 428 429 586,20938
103 1422 1430 16 1746 1805 1821 238 2770 3123 320 3526 4125 496 55 599 63 638 65 6628 6655 693 726 780 79 8 922,37390
103 126 1439 18 1943 2122 220 231 2406 2710 353 4000 4126 4222 537 59 591 6 65 71 770,32570
1056 126 1441 2760 2899 3120 316 3181 349 440 511 570 591 6301 647 6692 745 781 795 811 841 845,13899
1055 1099 1279 142 2023 2052 2430 284 295 310 358 363 3668 3729 417 4222 44 525 58 766,21824
12341 128 1384 157 1856 207 2093 2139 2223 27 2751 28 2918 373 478 479 484 496 528 55 85 850 970,22844
1060 109 1242 143 18 181 2760 295 4216 436 5798 60 61 615 636 709 79 8306,53244
1000 1208 12341 197 2337 295 345 647 786 983,12092
1179 147 16 1668 17 177 203 21 238 2491 255 28 2918 318 3534 4368 459 60 66 672 68 85 850 916,48464
109 1359 164 169 187 2309 262 409 443 473 48 599 6655 680 785 8758,34063
1060 109 11495 126 1363 145 16 1611 1668 18 200 270 345 4207 4305 443 460 473 55 60 674 680 780 862 871 958,51146
1259 1379 142 16 1614 1626 1692 1726 2384 2477 4216 447 5 51 5797 5799 5800 60 615 68 788 870,40089
1430 207 2153 2320 295 3199 331 429 511 522 59 61 63 66 778 81 85 870,22026
121 130 1628 16310 1668 1782 181 1814 2052 295 316 320 331 373 39 42 4900 5 528 570 599 6 679 68 685 83 85 910 975,66246
1046 1065 109 1107 1110 1408 16 1692 177 179 181 197 2072 2087 2313 2425 247 2485 304 327 36250 373 4150 4216 4256 4368 4511 483 615 644 740 788 79 811 8758 922,68555
1047 142 144 151 1845 205 2317 2673 28 60 61 629 64 66 686 7 876 922 975,26933
126 1399 1408 166 17 177 1973 2064 2139 2207 269 302 44 48 5773 66 740 762 80 85,28403
11 117 126 16 16520 1668 1731 1755 181 2285 2770 28 381 417 4415 496 525 67 68,41581
1005 109 114 126 128 1561 1644 1751 179 2168 2309 2313 269 295 325 3312 333 3644 426 495 521 56 67 674 79 793 850 915 975,52456
1312 15 176 1763 177 1966 2168 2309 2537 269 3123 333 4831 521 544 68 770 785 85 850,20906
11 1110 1225 126 1643 1668 1697 2168 2599 26 269 270 28 2830 3526 453 457 526 599 74 766 778,20285
108 12103 143 1561 1598 165 166 169 1771 18452 1856 212 2309 247 262 3060 331 512 58 60 603 6488 673 85 975 996,31411
102 1022 1060 108 1089 1115 1225 1243 142 17 188 2425 274 284 310 348 44 618 62 633 64 6820 693 764 778 785 983,45751
1225 1603 1691 17 173 181 231 2477 262 270 295 316 331 3601 4167 440 4562 460 629 68 756 850 922,55634
1050 1075 119 1592 1760 1766 18 1861 198 200 231 262 2732 284 295 353 3883 403 409 5 511 591 60 605 629 636 644 67 691 726 90,64236
1040 142 1570 16 1657 174 1845 228 256 258 2710 285 3514 3526 3546 403 4256 440 452 526 586 64 672 868 983,23561
0 1056 295 310 436 5 599 68 771 85,30500
1056 1379 1413 144 157 218 220 232 3707 3708 373 399 429 444 5 60 62 636 6512 709 725 738 813 850 921 978,39788
1005 1043 1065 1110 128 1782 181 188 21 247 262 42 484 629 66 695 785 819,33095
1035 109 114 1312 1531 198 207 2306 2491 3054 310 319 331 352 5 544 60 680 722 762 947,47764
0 1060 11495 121 1212 1273 149 1576 1606 1626 165 1684 17 1766 1819 200 2384 241 247 2564 318 3409 3808 403 4150 4182 4216 4310 615 68 787 788 794 994 996,30566
1056 1079 126 1481 16 165 174 177 1771 18 205 207 304 333 345 353 395 405 409 464 55 557 644 68 793 822 85,47626
103 115 146 1606 1814 2411 2425 2550 327 375 417 42 429 5 657 67 6860 691 74 80 81 85 86,48035
1075 1107 1114 126 151 1613 166 1692 181 197 27 351 4216 44 473 552 5798 5800 615 64 778 788 811 859 922,39628
1523 1529 1755 181 241 247 27 6303 657 68 685 841 922,24757
1760 197 2089 2384 247 304 318 346 3480 354 5 6 7303 85,23803
1065 11 117 1192 1383 279 309 339 39 415 426 60 680 6820 693 71 850,22787
126 1384 1529 1561 181 224 353 473 5702 6283 74 85,26370
0 1149 1242 125 1549 1649 173 18 1943 2 2377 2580 295 302 320 333 346 384 4125 426 452 473 49 544 599 60 638 64 6860 762 780 85 922,54107
1026 1060 1065 1208 1241 1312 144 1814 2 255 295 333 3631 417 4385 50 59 599 60 617 633 644 6657 686 915 922 983,32816
1069 1110 1225 1242 1441 2070 438 516 885,4795
0 109 1195 126 1523 16 18 181 183 2004 2207 2306 231 346 3532 4381 591 764 798 842 92 947 994 996,53290
12341 1249 1576 1692 17 1722 2067 27 352 3707 615 64 795 883,14234
1098 115 1197 1239 128 1592 16 17 18 1801 2036 214 231 2377 27 2807 284 295 301 3060 320 3284 339 403 417 591 64 674 7807 812 883 983,58578
102 103 1430 166 181 207 2229 295 316 320 3283 415 417 842,35732
1005 1056 1116 1317 149 17 179 310 333 339 473 516 52 632 69 691 793 922 970,34496
1083 126 1579 1821 1856 1996 220 2477 295 3181 450 48 537 794,9389
1228 126 1528 15910 166 1684 1750 1959 2306 28 3526 417 426 6362 64 7029 8218,13110
1000 1077 114 1187 12103 1350 139 140 147 1529 16 1643 1746 1856 1920 2050 23 262 32 327 349 4415 557 64 788 8758 965 975,19244
1055 109 1278 142 17 347 349 350 4182 426 433 5344 55 763 886,44951
115 1476 1643 1857 2369 2459 4607 473 511 612 68,16237
142 166 18 181 187 1875 1943 2 2168 220 25 304 333 3532 382 426 511 58 591 60 68 693 841 85 876 967,70133
1000 102 1114 114 126 1365 1583 1766 2412 2546 2751 2760 279 282 285 310 335 3526 373 42 558 64 681 69 743 795 876 975,33864
1029 103 1114 115 1208 121 143 1479 1573 17 1763 18 1821 1943 195 2060 2730 2760 2771 348 399 409 436 484 495 496 511 60 644 722 85 947,72875
1065 1158 1199 1523 1528 1606 232 238 2730 295 312 345 377 380 399 42 458 47 473 5 526 599 616 664 67 79 813 85 88,62662
115 1390 18 1848 1857 1919 1940 28 320 429 444 458 46 55 62 636 693 781 80 841 867,38490
100 1159 1356 1408 1441 146 16 1620 1653 169 18 188 1916 218 2210 2733 359 3750 4071 415 453 46 460 495 60 68 738 85 922 975 983,47268
100 1043 115 1531 166 169 173 177 1914 200 207 21 2557 34 349 350 3644 425 4684 473 49 56 632 975,19527
1001 1212 1242 1845 197 2384 269 28 333 666 786,14703
102 1055 1228 1317 1585 1620 1893 238 2546 258 2771 2854 33 335 458 522 5773 591 599 86,22413
1047 1055 1065 1208 126 1603 1604 17 177 179 188 1919 2903 329 359 360 382 4125 460 62 64 672 74 85 965,48932
1065 1273 1620 17 1919 295 301 348 373 60 680 7807,26574
109 1126 115 126 129 1408 166 181 183 205 2139 262 417 4311 444 5 5957 612 6121 629 63 85,60152
1001 1039 109 114 1159 13 165 179 18 181 188 2830 284 335 348 377 4207 726,51164
102 1035 1047 1056 1065 10879 1312 1532 16 1626 1684 1692 2096 231 234 2412 289 30808 319 429 466 5797 5798 5799 5800 591 615 787 819,25176
173 181 1919 2599 284 304 3252 331 463 591 60 841 844 85,32225
1060 115 1317 231 255 345 363 373 3750 404 436 496 629 85 92,28031
1059 1083 109 1359 1416 143 1649 177 1845 2233 2733 2760 2771 426 4524 454 461 537 599 80 85 86,43905
102 109 1090 12341 143 1430 1548 1594 1620 1668 174 220 228 238 2733 2830 2854 295 347 348 367 417 63 64 666 79 92,68609
1208 1356 1561 1777 179 18 2830 2899 367 373 381 525 618 6585 7029 825 841 85 850,30837
103 128 1349 1359 136 143 1439 1662 179 18 195 2 2070 231 28 5344 574 85,35013
0 1005 1083 144 1763 177 181 1812 197 2830 320 331 345 403 5 537 6079 647 713 778 79 80 975 983,49512
1279 1604 164 1703 197 198 207 2210 345 4592 48 5989 6362 7029 81 85,20193
10089 1147 1187 1192 126 1278 1450 151 1532 166 196 197 198 207 247 348 377 463 525 60 605 66 666 6924 71 74 819 86 862,33009
1065 109 1120 1208 1259 142 2168 232 25 2830 415 426 436 46 570 591 60 740 787 79 812,45562
12780 1594 1842 2050 2710 284 399 5182 690 850 951,9551
1050 1065 1107 1195 1208 1225 1245 128 1613 173 1812 220 2370 289 352 4125 496 526 737 7807 811 85 871,23180
108 1083 149 1573 1661 1766 2036 2384 3429 3883 39 415 426 60 67 7 743 763 80 983,33640
1149 144 1531 1570 17 18 1873 206 2945 32 335 377 382 444 464 55 60 67 793,40666
1001 102 1083 1118 125 1481 1531 188 2285 2370 289 32 347 359 360 48 599 6 882,20197
1208 1312 1439 1520 1601 165 16520 1755 1856 2409 32 400 514 5344 599 766,12845
102 1035 12103 1243 126 1345 1351 1384 1408 144 1523 1601 1692 17 1722 218 2384 2546 269 304 34 345 347 42 429 440 4511 544 647 681 691 764 85 922,56023
109 1312 1441 16 165 183 2012 27 426 5 617 681 780 85 853 970,44970
103 114 1245 1249 1856 197 2168 2208 262 28 295 331 3480 537 562 59 60 612 644 691 693 726 811,29559
1065 18 181 238 60 644 79 85 862,34826
1000 1065 1384 144 1531 17 1943 200 2306 2491 274 28 284 348 384 403 463 479 516 61 63 737 85,39314
1000 1118 1166 1345 1349 1684 1763 18 1805 207 2313 2384 2980 327 339 346 375 409 417 429 463 511 62 629 638 756 778 883,42660
1115 115 1163 1166 1173 126 1398 1439 17 18 1842 2260 2337 2369 2916 380 4167 425 429 454 4592 478 479 5344 591 60 61 771 785 90 975,40157
1159 130 1413 1523 1611 177 1821 1943 2355 3526 4415 475 60 64 764 8218 883,11484
1071 143 144 15102 1570 1657 181 2453 345 4 403 428 4511 454 609 65 66 965,30484
1065 1211 1453 1668 1703 1919 2045 28 2962 3480 415 428 51 60 6362 64 7029 762 85 886,21585
0 16 166 1821 200 2224 2916 295 339 352 353 4035 426 429 454 464 506 58 781 915 92 922,28452
1065 109 1199 142 149 179 18452 1920 327 348 3571 4126 466 55 59 68 983,40496
1345 1548 16 1614 1668 1692 2580 2732 284 333 348 415 4216 460 526 5797 5799 5800 61 615 629 788 84 916 922,30734
1029 103 1060 1158 1241 1242 17 1896 231 238 2384 2485 348 352 403 4216 444 473 511 56 5798 5815 615 66 680 69 693 764 795 8306,59445
102 103 109 1583 18 1943 207 212 302 304 426 48 5702 79 80,52479
1159 1228 1273 1365 144 2369 310 318 381 5182 58 598 6303 680 690 693 85 862,16523
2087 2285 325 3668 599 60 66 6655 85,17739
1005 102 1046 1249 1350 164 2168 2686 359 457 483 5 525 599 61 740 868,24951
1107 17 1777 1842 195 2695 444 64 69 859 90 965,18923
0 1047 1248 126 142 1450 1668 1996 23060 2355 28 284 360 373 407 4524 460 5338 5576 5577 81 922 947 975,23482
1035 1071 126 1757 231 2980 348 3707 3708 403 44 459 524 680 69 693 947,19604
1035 1056 109 115 1315 1856 2207 224 2279 238 2384 26 2736 2830 284 318 319 351 3526 415 447 5 574 58 61 64 85 862 965,64152
102 1080 1116 1158 1208 126 1362 142 144 1548 1575 1684 197 2168 2710 3480 461 473 511 691 763 80 911 994 996,29749
1208 1441 173 205 2224 2317 2377 2928 353 4126 426 5384 629 781 841 922,16602
0 1065 119 1531 17 18 2004 2580 33 348 409 5 591 6121 673 841 85 92,42583
10089 1186 126 130 1529 1722 3429 5858 629 666 786 79 803 876,10661
109 1211 126 1368 16310 1662 17 2161 2168 231 2491 258 282 333 403 46 473 558 5702 6283 693 756 766 967,77424
0 109 1093 1107 1251 128 1528 1653 17 2233 2730 295 360 3707 3708 417 428 48 633 693 794,38677
102 1065 1075 1430 218 228 359 3601 363 38 60 65 85 965,25701
107 115 1531 179 231 232 3022 3312 34 348 360 38 417 4263 44 56 62 743 996,25354
102 1060 1090 1242 1408 16 169 17 284 2903 304 4216 444 473 55 5798 615 69 786 8306 85 90 975,62103
0 1075 1093 1120 166 1982 238 2980 447 466 612 67 79 85,20064
1089 109 1090 144 145 1703 18 207 2207 2210 2425 2626 284 2916 333 373 382 42 428 511 532 60 644 67 68 681 6820 778 85 850 862 945,116165
0 1056 126 1383 16 1697 18 2223 2309 231 2411 3022 318 331 457 60 6303 66 771 86 915,26197
1055 109 1093 1384 142 165 17 1722 181 1857 2064 2260 228 2409 26 27 2980 3060 3199 325 358 417 4439 496 511 522 5576 562 591 66 6692 67 975 982 996,74597
1531 1606 1668 177 179 18 21 22285 241 2710 2755 301 3060 32 346 382 4263 428 5773 61 618 621 66 680 7029 79 793 822 90 958,28118
1199 1259 1350 1531 1681 18 2279 26 348 384 426 436 4368 454 54 599 60 69,31026
102 109 1179 126 1283 1763 177 2050 284 2921 295 320 4 417 436 459 48 54 6 785 79 831 85,47384
109 1099 1192 126 1365 1439 1529 174 197 2924 3131 426 4592 514 709,30039
102 1212 1453 1530 1668 17 1731 179 1873 200 2491 3054 3120 335 425 4524 484 58 6512 673 68 685 691 79,38372
1035 109 1115 115 144 1523 1601 1640 166 1668 173 1746 197 2094 2101 247 2771 2962 3054 332 379 425 46 61 629 63 66 71 811 871,50517
15663 2905 59297 80968 97427,6
11485 16702 191412 20795,48
10626 107739 15583 20284 23654 254673 5101 53852 98149,23
118859 11973 21513 225877 25298 26508 3369 37670 4443 484967 5905 5913 7853 80546 9475,68
181747 20405 24020 240987 298002 33638 4595,6
15402 15524 212885 231842 2466 281920 33800 39900 4141 57887,27
10189 16685 21250 21293 23224 30624 328488 458081 464439 4698 52999 76195,40
10457 1978 3717 43303 4807,10
14497 18491 19942 22411 3012 30959 3256 556252 8398 85485,42
149271 253969 378283 42353 5374 5711 58832 63852 65327 83824 8997,21
115242 141351 196541 35267 450825 4908 5306,12
103473 170409 21223 4245 54557 6631,10
122962 147695 16741 18103 25235,7
19108 21022 30424 557593 56006 69888,15
14944 19558 19778 21506 281808 31096 312120 34661 351366 45168 62932 62933 62934 78015,27
103540 11375 14135 25847 27904 289154 34534 345727 553423 78051 8316,10
13075 148436 32632 35705 42452 9965,9
11051 171953 21738 23570 2917 29551 31928 3426 3677 546 58714 96503,27
12546 16876 17214 175734 180018 18354 187631 216441 33486 377508 379565 53112 7723 8733,42
125580 130226 13825 16880 20170 21263 25341 254204 2806 35343 39678 51785 8881,42
10832 11309 18382 21004 450297 4924 6478 6581,86
13385 15766 163979 20627 23533 24208 24228 4169 4183 4206 42277 43998 44092 53413 53414 5795 78100,36
126904 14700 19197 19233 23708 24930 28858 51009 68057,44
105207 106401 11169 13462 15638 1843 2466 276353 34386 35400 35836 437872 72716 83001 88999,60
108655 120150 129946 23738 304238 332857 56321 8230,5
12133 122046 124115 15940 22107 24311 26769 28440 285311 368461 372575 39423 44834 85389 8816 89373,56
113169 15650 156982 17277 19622 27527 276659 33150 39510 459966 46219 52336 545788 88384 8965 9974,261
132403 13445 161873 16719 18980 23418 23815 33701 34529 38981 459937 55026 58430 95527,25
10723 10855 122857 157579 169612 30530 44446 45747 4749 5047 52050 76747 7954 80861 94559,32
100965 173703 184252 19304 24173 260362 6231 63251 64001 85783,5
12529 159143 159371 16439 186062 21381 269409 32269 4580 54411 6578 7162 8505 96446,44
101508 12188 14228 20274 295965 30292 3335 40499 40500 50702 52780,53
10252 133524 176770 233203 33362 34498 7503 8357,22
12115 18012 24519 29878 394816,14
16583 17663 3403 43062 6649 7739,12
10048 11292 113440 127575 141973 27424 77112,9
1134 19257 34403 3556 55894 57470 6194,31
120928 12723 167129 19836 231437 28578 28737 34564 43901 50097 62625 65661 75011,14
125621 15851 19791 225 27133 30344 32332 337969 5591 6893 829 9575,74
10063 150348 17458 19735 22214 237589 27020 27562 28117 46115 5939 9768,17
10912 11321 226485 23571 237758 494608 8182 8586 9440 94650,31
11315 12409 12887 13194 142030 14752 14773 15365 21025 21731 240722 240723 26085 27409 30169 7762 94917 97335,112
15579 1739 195483 20769 28476 32596 33399 83952,36
19724 24313 24732 27411 28573 29775 31361 3183 40174 4776 53579 9935,42
117664 13150 15003 25168 31782 3859 57186 94929 99610,24
113644 11654 129571 13395 1405 142268 142530 167104 17747 22502 24876 25251 28800 32185 33612 350845 60671 8348 9049 91487,37
10929 12172 14087 20963 23724 25732 397454 41616 4251 4993 53496 57246 6028 80038,57
10328 12058 13231 13282 225201 24826 5297 5533 6354 8265 8956,61
13007 17392 19997 20018 20106 21153 4469 51241,39
11294 14974 303713 304934 4078 6584 6743 73667 79400,29
16808 228808 24699 26660 37296 431319 57871 7105,14
106566 110497 122001 13721 154259 188298 19419 2360 23996 24075 2418 28051 29313,5
120102 13399 13554 151031 15330 18322 187926 203388 23901 44789 45967 46947 51241 60733 63302 70316,10
1263 13423 182523 184474 21995 230568 24200 272124 3378 3838 42635 45665 45808 486217 8601,25
104891 109861 14259 177119 179884 22077 24768 5921,61
115653 13052 186680 22605 41832 47799 8938,7
113034 119015 173316 175792 19819 32247 40284 54784 9165,24
13277 162416 20721 27078 38276 53504 73220,34
119015 19108,21
12716 15060 17201 233891 30896 30989 323511 34010 38542 51217,28
10491 36059 84489,15
10146 16585 30564 41635 444595 6736 7828 82350,19
123036 14917 155104 199127 22816 24555 28371 40047 58399 70460 7513 8698 93730,19
13142 261734 358311 376076 41916 8777 90299 91524,5
20581 23222 2668 536898 7665 8717,41
112075 115184 121938 12621 12805 165786 166565 19047 204164 25352 28040 331470 34047 36179 38313 43637 464824 5189 58856 6928 8981,34
16468 17651 22333 420357,36
119132 147528 245292 325539 62380 8252,10
14891 18157 18864 4680 46959 48058 528704 70790 8483,36
13286 21114 334697 35151 414770 5676 6652 67713 6804 88224 9266,42
142322 1491 19304 2651 29146 47212,19
10627 14237 21257 30530 37980 4738 48447,15
116686 12636 132829 15440 20486 20736 25285 27193 346637 346638 36393 397930 40343 49644 68875,11
19333 224076 24221 24408 24499 25013 262283 29608 32283 34862 47390 60032 6971 7525 90302,38
230268 3153 38930 46616 62324,22
164015 19469 30624 3173 33486 39534 41613 56462 87085 93664,13
12435 17494 22775 3584 4529 47219 9152,18
109162 14172 171440 18839 19139 19884 254444 275016 28046 29882 37164 37814 386775 41739 4236 48167 48464 547919 64445 77995,32
101940 132403 16564 169043 20114 26790 56613 7141 7972 8347 9881,9
10163 108049 11678 12558 2704 3935 41361 47956 51475 59169 91040,12
403912 7047 7847 83238,12
11973 133566 15306 15834 231281 4075 442126 49991 51718 80641 86429,40
111400 115377 19728 19734 20204 3091 31040,11
105648 12331 13448 13993 1400 219792 25114 39678 75040 76253 8045 85741 85742 96288,85
124054 2042 218646 252931 317745 33348 37872 4214 46353 48078 78244 92468,7
10017 18433 18939 190145 209867 271 335733 39156 42334 45325 7501 90536,24
10370 12207 124529 29395 32820 3628 36697 421614 483436,25
1127 15719 18686 20514 23834 25776 29141,43
114899 16641 26991 27839 2865 337055 41751 499289 512818 6622,6
116970 121412 1457 187799 21650 22028 26113 26357 276496 28565 31053 33302 509392 64324 9619 9656,6
1214 14783 37749 7042,20
126144 243748 31764 4979 5081 6503 7852 91061,26
11262 12340 163019 25946 4770 4830 6088 6370,32
12165 13608 14015 164899 17095 184828 206000 23144 25867 259626 260978 28133 304363 32001 337118 34644 34771 406969 6403 6492 8149 88007,15
100622 114343 12782 148631 15576 165168 18364 19627 22280 23130 232076 289749 329868 3909 487011 5106 7030 87534 9384,55
10300 16327 171215 25088 26453 34276 44090 72635 74558 8583,13
18462 19412 23729 5905 96231 96479,34
101242 26365 4597 51043 5124 7475 81231 98183,18
14223 23493 250673 27384 35202 3556 9140 9789,54
12581 18177 1934 22280 32385 355061 88901,10
10033 16049 20329 249744 25298 25725 25776 26778 27773 33644 352130 40411 48923 52483 7169 83236,36
10971 10972 13134 13747 16475 166454 19967 243718 2591 29924 30014 30143 31891 3395 37094 395844 44605 50115 5456 57011 58455 61521 6413 70532 81266 85259 87145 8904,83
116112 12352 127318 20914 24699 43099 49986 5933 7957 9905,12
10447 12022 15105 157814 16347 16501,28
105218 169911 269888 28077 29995 35102 6111 864 90849,30
10160 17618 1941 21153 27957 3163 39865 57114 8204,36
107851 11294 12169 16834 17394 17459 30407 350733 99565,42
109684 132417 14590 15590 354506 37058 5609 7098 936 97588,14
134477 15617 17104 17349 21551 2257 25154 256234 30591 41538 4749 56397 6325 8112 8235 8870 9031,45
13959 1677 220161 2473 27983 41972 527543 527563 8696,18
10223 11373 11694 16821 18101 18539 279082 32403 37699 44994 4696 49043 50512 6970,21
15576 17952 19314 83178 86316 89914 91031,6
10548 123784 283463 61533 7049 8622,109
103660 12041 22504 327004 363706 373278 432992 49423 65908 69980,17
10804 1517 17508 28217 389859 454258 5446 57686 65981 977,47
16445 20254 21933 24213 24559 259602 48243 6852 72963 86218 8784 89907 99213,59
100916 117454 13613 17720 19247 253951 87371 90238 90303 9660,61
11455 15601 162244 16319 16410 17103 26984 38351 43306 45378,41
107576 18893 18904 19319 254909 3709 8407 8894,41
10459 11745 12922 183354 23450 485003 660 9612,37
128043 270073 30536 4766 51725 76499 8948 96398,11
1106 145151 148045 28571 30800 365 469813 58310 90594 90680,44
11894 12101 12656 128641 14949 19315 23262 251297 3406 39882 43073 518803 9564,27
15316 205045 26023 36218 37706 4099 42223,15
116223 19873 20031 201794 23064 27990 33553 3498 88150,12
29113 4837 6202 78145 79601,16
16109 19196 40188 424855 4869 89392 9269,18
115249 140816 14743 17234 19873 20335 20680 24876 367419 39782 45264 6733,18
1307 13155 13894 207262 207263 37079 497738 5737 88510,45
107381 12067 15022 15703 165735 166185 17872 201474 2294 24189 38665 39199 39280 54466 5530 57926 8515 9596,66
11541 12113 12148 21244 34296 5719 5810,49
10949 11899 119152 14202 14967 17232 20423 22531 23700 3696 38164 42189 42875 7426,26
101939 115689 16777 27669 30110 31417 32993 33259 34425 7444,38
112032 12036 121703 122224 14835 17693 191908 221496 224020 26085 27514 31582 41437 47106 538 9545,25
115627 155466 18380 19006 23556 26034 26796 394140 8642 95339 96408,19
104462 10812 121849 12841 140950 142030 18688 22122 23121 26413 26970 31794 35700 38864 44873 48136 503070 59924 62603 90627,9
10152 12679 15185 176520 19261 23889 311276 31255 5870 65251 71848 82883 86513 9087 9209,46
11504 12200 14300 16313 17702 21994 234299 300273 42353 4401 6112 6520 75471 8112,71
10567 116327 122573 21834 235782 402012 9676,8
105691 11089 13427 1353 15235 16370 18376 205793 22961 23704 25530 34258 34613 3814 38856 405248 40708 526443 60174 63482 65021,74
12495 126939 13108 18822 206798 22403 25322 26595 38442 4627 85329,28
11640 16287 217134 24068 25098 32890 33462 39176 517179 6654 86121 88173,16
133833 14867 15670 1817 23167 23663 505394 5921 80999,15
10424 18802 23603 373040 410786 58790 59900 62645 76979 8802,275
171386 21491 22738 23145 23345 43672 44809 53324,10
116512 12998 15946 16273 17898 191526 19937 19986 234537 23929 24802 3093 468399 55543 69339 7219 9766,30
13549 15159 15483 21942 26653 34120 3454 6254 9076,45
10750 11222 11365 11531 13213 13751 23660 26114 3173 34844 3632 40744 454082 5006 529667 53464 59804 66124 8079 85765 96387,70
14975 16495 32133 4538 6718,41
14720 14721 15105 16744 19113 30447 3332 47836 6987 9161,45
11791 12104 151946 19959 23699 26074 28346 81401,21
1058 13617 136420 13697 14051 2326 24235 329954 373097 3984 42805 49075 54708 6264 65703 8530,60
15807 17943 203192 23475 388985 62231 9140 95211 9919,37
11360 118439 13085 17899 24859 34222,47
15699 210608 22749 22869 26294 378812 402673 48669 550114 550405,6
12120 15997 168931 18005 26546 336305 49155 54203 7046,13
147057 15524 155959 263093 30770 367763 405763,11
1258 165580 19303 19855 42331,20
12755 152620 29713 315803 3583,11
16147 427952 7028,6
10892 10964 126477 135893 155068 21567 269652 27818 32077 42018 52172 533480 9071 9387,23
100847 121146 16443 175454 20310 22768 25589 292408 30786 39424 44925 46250 57653,10
14626 18490 19736 22694 323732 51435 51946 7934 85848 8881 9076,74
223082 23428 258217 27597 30110 32233 32401 34887 50241 8314 8906 95908,18
140574 16863 174254 232949 242442 26833 94252,9
105901 12500 13731 18038 232753 285453 51026 57838 81727,19
11650 140812 15698 21885 27379 388820 43094 5131 5357 59517 63516 68998,27
12320 13418 13435 13791 15481 203624 23022 26135 29371 29393 43148 50764 60626 61127 6129 61585 61639 62066 64215 71391 74461 89421,6
120877 12476 13017 140131 17515 234797 23627 23772 30074 3387 7958 93641,25
166059 2636 55978 89012 9122 94759,23
136186 14386 150177 159140 23291 29843 529357 56706 7886 7888,14
10639 11877 125311 13831 14932 15023 15587 158255 177181 19190 19599 24697 345223 345224 37058 37723 468031 5979 7567 76072 93374,58
12477 13864 140842 16557 17582 19863 22520 236894 24255 38823 3899 46143 61115 62421 7880 98267,28
13020 30735 3949 431273 50386 54878 5818 7343 7653 8246 9520 98741,47
13613 150848 17841 19995 282405 309655 86264,54
12770 13617 17342 1793 273514 33380 477293 95335,41
11059 12409 13149 15354 16537 20872 26095 26096 26097 26099 35658 49959 7801 93942 9656,42
15725 161324 24910 257773 27293 29867 38542 49082 5770 6352 7979 8594 864,51
106867 14441 14727 14980 187069 24049 286042 311706 34992 4597,17
16287 17716 213373 35270 36203 3875 41058 53795 9129,47
11478 3612 5297 5574,95
13209 14523 15651 21386 22122 23929 24310 25650 2829 32485 3814 55677 96056,41
153998 17816 23319 28048 47038 54123 58916 68453 86480 87188 87576,11
13269 13282 15210 30925 31798 80939,27
120801 12225 135109 230588 24062 251648 28077 34899 44032 46722,22
12001 16064 27466 278054 30699 39397 430804 49167 6484 7334 8092 9385 97445,88
14242 14700 19538 19581 214509 30907 316016 33773 36686 37613 385105 40102 46780 5870 67623,27
15882 16375 20566 33128 3751 43826 7006,16
181747 22266 25999 27435 347804 35828 49596 57629 5810 5906 6110 8527,48
13651 137281 145324 156902 17801 259654 41369 460329 58463 59142 64934 8665,24
105358 139110 15707 16227 17801 19318 20945 26050 29614 29615 297659 30285 34795 34829 377533 4260 44099 45967 4816 488 48923,80
1148 14875 17256 28569 30123 36693 386286 45264 47940 58714 60410 61848,28
12900 132057 15859 191891 29181 306370 30748 43471 8272,12
11126 16080 201269 21891 23163 24849 24968 33339 37907 45578 50856,38
11916 128161 148610 3408 3699 3952 50327 56545 82273 87091 87851 91881,14
102916 14261 16679 16910 19192 219589 40924 431306 58153,11
15269 499088 6990 75529 87060,17
125841 12914 14574 16892 1764 36438 37306 54440 5980 85517 86975 9469,21
187908 23064 420 8235,7
1593 17261 20003 21434 29924 7581 87819,32
139256 17030 18895 206472 233690 29106 309313 3157 316216 32454 33453 3717 50533 6062 6737 7951 8714,41
105564 10639 13484 13895 15105 165950 19114 19578 270099 36658 39054 551197 56105 6613 7878 8629,43
10795 121545 17094 25246 39436 43679 44589 447428 44985 8974 9091,30
10424 121388 14796 149269 15316 167396 18779 192038 216994 25407 2647 2909 30474 35086 35109 3949 45824 47208 53397 7026,74
11019 12127 16768 16918 2481 25758 27156 28808 32743 471476,38
12225 35911 5028,17
10290 12785 13111 22246 36304 501453 5388 54137 6333 7957 9114 9197,78
152317 219303 23815 33609 5533 7026 8724,34
127557 12835 13179 15270 23327 33354 5459 6339 8956,15
114122 16786 177003 18170 216716 217905 21933 273042 45186 456117 52769 57995 7127 8751,304
10189 1593 1756 20264 2165 49709 7699 9039,18
10722 12303 24160 25976 41118 50781 52993 6621,32
116632 120679 133714 150881 156988 156989 16294 20188 527980 7126 87488 91687 9258,11
10214 133356 18619 232026 244519 405815 49125 5594 7540 79737 93636,31
11784 13542 1582 2165 263122 413182 5370 99974,23
100879 105441 16904 17163 17304 191063 20137 20832 22410 25589 2588 29779 33485 35470 4078 515821 83945,14
10459 11853 118846 119604 189432 19585 19782 27580 29933 33182 5578 88492,68
11968 16810 18170 18319 19222 25309 29956 30885 32709 36314 49958 51364 7245 75894 8042,83
12216 22311 22680 25764 26413 29798 316347 72646 7310 81295,21
15885 235076 27096 32887 58463 9373,44
112249 12171 164911 23286 26696 27951 32887 3925 59235 991 993,26
108003 149401 162587 16452 19713 208413 220999 23809 35176 89159 93636,6
10935 12929 14390 21153 35121 5591 6621 83656,87
11504 176770 39135 39848 7189,19
101208 119627 12077 126014 15776 17855 247300 30483 33829 427211 46307 5718 83554 9248,38
15213 180138 22641 231559 245183 25809 27912 3814 418636 61156 76429,7
10328 12464 21033 212027 352325 4781 5782 96165 99979,56
103016 10622 10870 11024 14385 209022 262621 301443 37660,19
12952 136691 19614 24835 32863 43348 494722 51455 56287 59478 6019 7562,32
11196 11242 120707 13650 19331 263231 3624 3869,39
12074 17976 21375 22879 257834 30289 361530 37642 5061 518269 5591 80816 96404,63
102035 144816 149933 175336 18937 20792 23077,20
10210 104661 10483 12805 68285 8956,24
10616 14711 20088 232949 27578 286704 4797 5678 85696,39
11540 115515 116545 130710 14566 15534 15867 16768 2740 40512 42098 52206 5516 65477,31
129946 134950 16265 24542 32078 36135 43794 55554 5883 7675 79532 84504 9440,56
103247 10402 11900 14117 18267 21766 24196 46826 6654 87406 87407,47
11820 121425 12156 13595 2482 43678 51241 529805 82369 97707,17
137161 1793 18730,38
117951 125692 127478 164041 22106 22492 234126 307374 347242 40863 52929 554226 554231 554283 554674 554675 70386 70891 72635,9
104071 1564 158131 172454 1900 21294 25352 31026 34046 37050 39054 39059 49081 4979 5045 57029 80641 95211,50
13951 140022 14108 16943 206976 247178 27679 28781 4597 63241 8959,56
10535 12199 14116 2408 24235 27773 286355 296940 38373 435988 48391 514499 57786 81918 83975,30
11043 14533 246723 246724 3082 310439 32365 376660 44807 86259,17
11970 15974 245893 42335 8843 94680,38
105731 12071 12369 16882 19659 2349 27454 27999 400958 4173 8026,24
121811 130921 173912 194885 2000 26402 267443 29867 37653 440637 6766 960,23
12396 15289 1704 173506 17532 17733 18538 211100 240057 31349 371 40829 43508 8701,94
16283 21567 22555 28338 31392,24
137985 25234 52232 7785 9090,15
109229 120978 13287 22403 2401 270417 33585 37079 42063 51907 57557,11
126519 146520 16856 198363 210812 302220 35115 38370 39078 40751 41972 55506 99279,18
1106 157403 16542 16810 21142 29583 29933 32578 5875 87435,47
10122 12823 136812 43901,23
12990 186956 21581 34569 34718 3699 40983 453740 5574 79742,21
11132 14188 16777 17099 17126 19210 201812 231065 30828 36507 47594 519 70164 8727 87386,36
138905 23703 24606 2722 27860 28544 3001 33835 5966 6067 94350,149
15536 179588 317 363889 6610,46
10754 12724 12739 13335 20787 22982 290673 32917 38831 4241 4700 60537 6300 6852 77097 79232 79233,58
11154 22481 40089 51432 69972 80099 8316 8914 92726,12
22767 336258 50560 61249 6718 74691,8
11589 125844 1277 16179 16800 183639 23854 270421 29263 318902 35231 525082 5563 88032,81
10897 11262 113338 11718 20916 233939 23992 2799 29345 35720 38302 46005 468196 4682 4933 5059 6256,42
10766 18479 190973 1992 22227 23367 250733 25417 26909 34589 454733 53712 9076 97726 9862,30
11655 119015 12211 16588 19589 20489 21271 31253 322272 32592 37783 4663 498408 51255 52533 62697,48
16711 16749 19459 20921 214304 227727 28997 35267 58443 83403 9367,28
2656 27919 38092 45634,6
11478 163532 27069 2708 31534 322491 37117 41747 47658 532006 5838 59089 79945,27
11523 12607 17082 196456 39176 39303 46184 70262 9080,20
112334 13456 17576 27098 40105 9092 92118,7
10269 124483 16312 167676 180325 224228 230189 2646 33958 37161 379728 45738 45741 46634 47487 48913 494732 5195 99098,41
10540 10871 11037 16120 17437 183336 36940 41509 44915 48812,64
100544 11928 1793 21759 412253 7645 77135,66
29010 3144 34130 42423 427139 44510 476911 7481 9241,29
12495 173956 39882 402263 75140 9982,13
12724 132695 15439 218955 231065 233710 26163 27234 28650 295014 307708 34757 43299 54033 60364 76737,13
113328 13764 141586 15834 18085 25776 28448 32945 41643 478032 485 498919 5495 63467,52
15892 184548 18548 223905 49603 6522 7758,37
104783 10747 10945 182240 18455 18607 22202 34173 45926 5487 55271 5870,42
132097 145898 146263 14757 15628 19181 21967 24375 24858 281794 281795 31380 53910 5870 9367 9407 94667 9913,149
12044 1258 14359 191554 22066 22113 509119 87023 97843,35
113425 138341 21123 22762 348472 357102 36996 421512 539801 6995 96808,60
117251 21984 26609 29955 49197 9475,21
13366 13465 24584 24917 267997 28938 41734 41839 418415 45714 4903 62048 67686 67687 85810 8914,22
19088 28905 30530 505715 9507,16
10554 10649 11508 15792 211145 2134 25248 40941 7794 79104,26
133630 13409 13459 13782 19553 25949 26050 26697 34533 34774 38831 50421 51964 61084 61481 62103 62967 68725 72250 7258 73547 78218,7
108027 111532 19736 22474 52171 56710,37
10604 19661 3148 3929 66951 83031 8680,18
111527 11381 21815 30321 365043 81104,22
110831 14963 18294 18365 189247 22911 24993 252323 28889 32209 42561 6124 8867 9538 97,28
117217 121518 154158 184090 21872 26598 290233 31075 32494 34965 38504 51266 51590 51759 5289 53517,35
10404 13100 13570 14571 14580 214657 216108 258541 27785 27997 34996 35350 64751 6818,45
115741 142962 155306 15776 19529 236216 24201 26046 30828 36035 385616 45888 65468 68037,12
10620 122121 16996 19275 24046 27317 38771 39257 45550 5645 6446 88568 8997 96180,92
116587 130043 13011 18545 230249 24443 29743 33813 338537 35894 58775 8083,25
15022 16667 212876 23605 419134 4499 96028,7
10910 124110 13244 13870 17170 19493 2907 29137 32084 367673 404811 44390 6233 7071,63
109249 118269 121454 13232 1360 1739 29091 6193 63065 67231 90349,33
10291 136095 140133 19051 24854 43079 51028,9
